321.79146248,0.00001007
321.89591671,-0.00003195
322.00038099,0.00001532
322.10485532,-0.00002145
322.20933970,0.00001007
322.31383412,-0.00003720
322.41833858,0.00003108
322.52285308,-0.00003195
322.62737762,0.00004683
322.73191218,-0.00003195
322.83645677,0.00001532
322.94101138,-0.00002670
323.04557601,0.00001007
323.15015065,-0.00003195
323.25473531,0.00002582
323.35932998,-0.00003720
323.46393465,0.00002057
323.56854932,-0.00003720
323.67317400,0.00001532
323.77780866,-0.00001094
323.88245332,0.00002057
323.98710796,-0.00004246
324.09177259,0.00003633
324.19644720,-0.00002145
324.30113179,-0.00000044
324.40582635,-0.00002670
324.51053087,0.00002582
324.61524537,-0.00001094
324.71996983,0.00003108
324.82470424,-0.00001620
324.92944862,0.00002057
325.03420294,-0.00001094
325.13896722,0.00002057
325.24374144,-0.00003195
325.34852560,0.00002057
325.45331970,-0.00000569
325.55812373,0.00001007
325.66293769,-0.00001094
325.76776159,0.00001007
325.87259540,-0.00000569
325.97743914,0.00001532
326.08229279,-0.00003195
326.18715636,0.00002582
326.29202983,-0.00001620
326.39691322,0.00001532
326.50180650,-0.00002670
326.60670969,0.00002582
326.71162277,-0.00003195
326.81654574,0.00003108
326.92147860,-0.00002145
327.02642135,0.00002582
327.13137398,-0.00002670
327.23633649,0.00002057
327.34130887,-0.00002670
327.44629112,0.00001532
327.55128324,-0.00002670
327.65628523,0.00002057
327.76129707,-0.00003195
327.86631878,0.00001532
327.97135033,-0.00004246
328.07639174,0.00003108
328.18144299,-0.00002145
328.28650408,0.00003633
328.39157502,-0.00002145
328.49665579,0.00002582
328.60174639,-0.00002145
328.70684682,0.00002582
328.81195708,-0.00002145
328.91707716,0.00001532
329.02220705,-0.00002670
329.12734677,0.00002582
329.23249629,-0.00002670
329.33765562,0.00001532
329.44282475,-0.00001094
329.54800369,0.00002582
329.65319242,-0.00001094
329.75839095,-0.00005296
329.86359926,-0.00001620
329.96881736,0.00000481
330.07404525,-0.00002145
330.17928291,0.00001007
330.28453036,-0.00003195
330.38978757,0.00001007
330.49505455,-0.00002145
330.60033130,0.00000481
330.70561781,-0.00001094
330.81091407,0.00001007
330.91622010,-0.00002670
331.02153587,0.00003108
331.12686139,-0.00001094
331.23219666,0.00002057
331.33754166,-0.00001619
331.44289641,0.00002057
331.54826088,-0.00002145
331.65363509,0.00003108
331.75901902,-0.00002670
331.86441268,0.00003108
331.96981606,-0.00003720
332.07522915,0.00003108
332.18065195,-0.00002670
332.28608447,0.00003108
332.39152669,-0.00003195
332.49697861,0.00002582
332.60244023,-0.00001094
332.70791154,0.00002582
332.81339255,-0.00001620
332.91888324,0.00002582
333.02438362,-0.00000569
333.12989368,0.00001532
333.23541341,-0.00002145
333.34094282,0.00004158
333.44648190,-0.00003720
333.55203065,-0.00006347
333.65758906,-0.00001094
333.76315713,0.00004683
333.86873485,-0.00003195
333.97432223,0.00002582
334.07991926,-0.00002145
334.18552593,0.00002582
334.29114224,-0.00001619
334.39676820,0.00001532
334.50240378,-0.00002670
334.60804900,0.00002582
334.71370385,-0.00003195
334.81936832,0.00002057
334.92504241,-0.00003195
335.03072612,0.00002582
335.13641944,-0.00003195
335.24212238,0.00002057
335.34783492,-0.00001620
335.45355706,0.00002057
335.55928880,-0.00002670
335.66503014,0.00000481
335.77078107,-0.00002670
335.87654159,0.00002057
335.98231170,-0.00002670
336.08809139,0.00002582
336.19388066,-0.00001620
336.29967950,0.00001007
336.40548791,-0.00001619
336.51130589,0.00003633
336.61713344,-0.00003195
336.72297054,0.00001532
336.82881721,-0.00000044
336.93467343,0.00002582
337.04053919,-0.00003720
337.14641451,0.00002057
337.25229937,-0.00002145
337.35819377,0.00001532
337.46409770,-0.00002670
337.57001117,0.00000481
337.67593416,-0.00002670
337.78186668,0.00002057
337.88780873,-0.00001619
337.99376029,0.00002582
338.09972137,-0.00004246
338.20569196,0.00003633
338.31167205,-0.00001094
338.41766166,0.00003633
338.52366076,-0.00003195
338.62966936,0.00002057
338.73568745,-0.00002145
338.84171504,0.00001007
338.94775211,-0.00003720
339.05379866,0.00002582
339.15985470,-0.00003195
339.26592021,0.00003108
339.37199519,-0.00002145
339.47807964,0.00002582
339.58417356,-0.00001094
339.69027694,-0.00000044
339.79638978,-0.00002145
339.90251207,0.00002582
340.00864382,-0.00001620
340.11478501,0.00001532
340.22093565,-0.00001094
340.32709573,0.00003633
340.43326525,-0.00002145
340.53944420,0.00003108
340.64563258,-0.00002670
340.75183039,0.00003108
340.85803762,-0.00003720
340.96425427,0.00001532
341.07048034,-0.00002145
341.17671582,0.00001532
341.28296071,-0.00001620
341.38921501,0.00003108
341.49547870,-0.00003195
341.60175180,0.00002057
341.70803429,-0.00002670
341.81432618,0.00002582
341.92062745,-0.00004771
342.02693811,0.00002057
342.13325814,-0.00002145
342.23958756,0.00001532
342.34592635,-0.00003195
342.45227451,0.00002582
342.55863203,-0.00002670
342.66499892,0.00003108
342.77137517,-0.00002145
342.87776078,0.00001532
342.98415574,-0.00002670
343.09056005,0.00001532
343.19697370,-0.00003195
343.30339670,0.00002582
343.40982904,-0.00003195
343.51627071,0.00001532
343.62272171,-0.00002145
343.72918204,0.00001532
343.83565170,-0.00002670
343.94213068,0.00002057
344.04861897,-0.00003195
344.15511658,0.00002057
344.26162350,-0.00002670
344.36813972,0.00004158
344.47466525,-0.00002145
344.58120008,0.00001007
344.68774421,-0.00001094
344.79429763,0.00002582
344.90086034,-0.00003720
345.00743233,0.00001532
345.11401361,-0.00002670
345.22060417,0.00002057
345.32720400,-0.00002670
345.43381310,0.00000481
345.54043147,-0.00001620
345.64705911,0.00002057
345.75369601,-0.00002145
345.86034216,0.00002582
345.96699757,-0.00003195
346.07366223,0.00003108
346.18033614,-0.00003720
346.28701929,0.00003108
346.39371168,-0.00001620
346.50041331,-0.00000569
346.60712417,-0.00004246
346.71384426,0.00000481
346.82057358,-0.00004246
346.92731211,0.00001007
347.03405987,-0.00001620
347.14081685,0.00002582
347.24758303,-0.00002670
347.35435842,0.00002582
347.46114302,-0.00002145
347.56793682,0.00002582
347.67473982,-0.00003195
347.78155201,0.00001532
347.88837339,-0.00003195
347.99520396,0.00003108
348.10204371,-0.00002670
348.20889265,0.00002057
348.31575076,-0.00000569
348.42261804,0.00001007
348.52949449,-0.00001619
348.63638011,0.00001532
348.74327489,-0.00003195
348.85017883,0.00000481
348.95709193,-0.00001619
349.06401417,0.00003108
349.17094557,-0.00003195
349.27788611,0.00003108
349.38483579,-0.00002670
349.49179461,0.00001532
349.59876257,-0.00000569
349.70573965,0.00001532
349.81272587,-0.00001094
349.91972120,0.00002582
350.02672566,-0.00008973
350.13373923,0.00001007
350.24076192,-0.00001620
350.34779371,0.00002582
350.45483462,-0.00003720
350.56188462,0.00003108
350.66894372,-0.00002670
350.77601192,0.00002582
350.88308921,-0.00002145
350.99017559,0.00002057
351.09727106,-0.00003720
351.20437561,0.00001532
351.31148923,-0.00004246
351.41861193,0.00001532
351.52574370,-0.00002670
351.63288453,0.00000481
351.74003444,-0.00003195
351.84719340,0.00002057
351.95436141,-0.00001094
352.06153849,0.00002057
352.16872461,-0.00001620
352.27591977,0.00000481
352.38312398,-0.00002145
352.49033723,0.00003633
352.59755952,-0.00008973
352.70479083,0.00002582
352.81203118,-0.00003195
352.91928055,0.00000481
353.02653894,-0.00000569
353.13380635,0.00003108
353.24108277,-0.00002670
353.34836821,0.00001532
353.45566265,-0.00003720
353.56296610,0.00001007
353.67027854,-0.00002670
353.77759999,0.00002057
353.88493042,-0.00003195
353.99226985,-0.00000569
354.09961826,-0.00003720
354.20697566,0.00002057
354.31434203,-0.00003195
354.42171738,0.00001007
354.52910171,-0.00003720
354.63649500,0.00002582
354.74389725,-0.00003195
354.85130847,0.00002057
354.95872865,-0.00003195
355.06615778,0.00004158
355.17359586,-0.00003195
355.28104289,0.00003108
355.38849886,-0.00002145
355.49596378,0.00002057
355.60343763,-0.00002145
355.71092041,0.00002582
355.81841212,-0.00001620
355.92591276,0.00003108
356.03342233,-0.00001619
356.14094081,0.00002057
356.24846821,-0.00003720
356.35600452,0.00002582
356.46354974,-0.00003195
356.57110386,0.00002582
356.67866689,-0.00003720
356.78623881,0.00000481
356.89381963,-0.00003195
357.00140934,0.00002057
357.10900793,-0.00002670
357.21661541,0.00003108
357.32423178,-0.00002670
357.43185701,0.00002057
357.53949113,-0.00003720
357.64713411,0.00002057
357.75478596,-0.00003195
357.86244667,0.00001532
357.97011624,-0.00003195
358.07779467,0.00001532
358.18548194,-0.00001620
358.29317807,0.00003108
358.40088304,-0.00003195
358.50859686,0.00001532
358.61631951,-0.00003195
358.72405100,0.00002057
358.83179132,-0.00002145
358.93954046,0.00002582
359.04729843,-0.00002670
359.15506522,0.00001007
359.26284083,-0.00002145
359.37062525,0.00002057
359.47841849,-0.00002145
359.58622052,0.00002582
359.69403136,-0.00002670
359.80185100,0.00002057
359.90967944,-0.00002145
360.01751667,0.00002057
360.12536269,-0.00002145
360.23321749,0.00000481
360.34108107,-0.00001620
360.44895344,0.00003108
360.55683457,-0.00004246
360.66472448,0.00002057
360.77262316,-0.00002145
360.88053060,0.00002057
360.98844680,-0.00003195
361.09637176,0.00001532
361.20430547,-0.00001620
361.31224793,0.00003633
361.42019914,-0.00001094
361.52815909,0.00002582
361.63612778,-0.00001094
361.74410521,0.00002582
361.85209137,-0.00001094
361.96008626,0.00003633
362.06808987,-0.00001094
362.17610221,0.00002582
362.28412326,-0.00002145
362.39215303,0.00003108
362.50019151,-0.00004246
362.60823870,0.00002057
362.71629459,-0.00002670
362.82435918,0.00002057
362.93243247,-0.00003720
363.04051446,0.00001532
363.14860513,-0.00002145
363.25670449,0.00002582
363.36481254,-0.00002670
363.47292926,-0.00000044
363.58105466,-0.00002670
363.68918873,0.00004158
363.79733147,-0.00003195
363.90548288,0.00001532
364.01364294,-0.00001620
364.12181167,0.00002582
364.22998905,-0.00001094
364.33817508,0.00003633
364.44636976,-0.00001620
364.55457309,0.00002582
364.66278505,-0.00002145
364.77100566,0.00002582
364.87923489,-0.00001094
364.98747276,0.00001007
365.09571925,-0.00003195
365.20397437,0.00002582
365.31223811,-0.00001619
365.42051046,0.00003633
365.52879142,-0.00003195
365.63708100,-0.00000044
365.74537918,-0.00002145
365.85368596,0.00002057
365.96200134,-0.00001619
366.07032531,-0.00000569
366.17865788,-0.00002670
366.28699904,0.00000481
366.39534877,-0.00001094
366.50370709,0.00002057
366.61207399,-0.00001620
366.72044946,0.00002057
366.82883350,-0.00001619
366.93722611,0.00000481
367.04562728,-0.00003195
367.15403701,-0.00000044
367.26245530,-0.00002670
367.37088214,0.00002057
367.47931753,-0.00002145
367.58776146,0.00000481
367.69621394,-0.00004771
367.80467495,0.00002582
367.91314450,-0.00003195
368.02162258,0.00003108
368.13010919,-0.00002145
368.23860433,0.00003108
368.34710798,-0.00003720
368.45562015,0.00001007
368.56414084,-0.00003195
368.67267003,0.00002057
368.78120774,-0.00002145
368.88975394,0.00001532
368.99830865,-0.00003195
369.10687185,0.00001532
369.21544355,-0.00004246
369.32402373,0.00002582
369.43261240,-0.00003720
369.54120955,0.00002582
369.64981518,-0.00003195
369.75842929,0.00003108
369.86705187,-0.00002145
369.97568291,0.00002582
370.08432242,-0.00005821
370.19297039,0.00003633
370.30162682,-0.00002145
370.41029171,0.00003633
370.51896504,-0.00003720
370.62764682,0.00001007
370.73633704,-0.00002145
370.84503570,0.00002057
370.95374280,-0.00000569
371.06245834,0.00002057
371.17118230,-0.00001620
371.27991468,0.00002057
371.38865549,-0.00002670
371.49740472,0.00001007
371.60616236,-0.00002670
371.71492842,0.00000481
371.82370288,-0.00002670
371.93248575,0.00001532
372.04127702,-0.00003195
372.15007668,0.00003108
372.25888474,-0.00002145
372.36770119,0.00000481
372.47652603,-0.00002145
372.58535925,0.00004683
372.69420085,-0.00001094
372.80305083,0.00001532
372.91190918,-0.00002145
373.02077590,0.00002057
373.12965098,-0.00004246
373.23853443,0.00002057
373.34742624,-0.00003195
373.45632640,0.00003108
373.56523491,-0.00002145
373.67415177,0.00003108
373.78307698,-0.00002145
373.89201053,0.00001532
374.00095241,-0.00002670
374.10990263,0.00002582
374.21886118,-0.00000569
374.32782806,0.00004158
374.43680326,-0.00002145
374.54578678,0.00001007
374.65477861,-0.00001620
374.76377876,0.00004158
374.87278722,-0.00002670
374.98180399,0.00002057
375.09082905,-0.00001094
375.19986242,0.00002582
375.30890408,-0.00004246
375.41795403,0.00002582
375.52701227,-0.00002145
375.63607880,0.00002582
375.74515361,-0.00002670
375.85423669,0.00002057
375.96332805,-0.00003195
376.07242768,0.00002582
376.18153558,-0.00002145
376.29065174,0.00001532
376.39977616,-0.00001620
376.50890883,0.00001532
376.61804976,-0.00001619
376.72719894,0.00002582
376.83635637,-0.00002670
376.94552203,0.00003633
377.05469594,-0.00001094
377.16387808,0.00003108
377.27306846,-0.00001620
377.38226706,0.00004158
377.49147388,-0.00001094
377.60068893,0.00001532
377.70991220,-0.00001620
377.81914368,0.00002582
377.92838337,-0.00001094
378.03763127,0.00002057
378.14688737,-0.00002670
378.25615167,0.00001532
378.36542417,-0.00001620
378.47470486,0.00001532
378.58399374,-0.00003195
378.69329081,0.00002057
378.80259606,-0.00002670
378.91190948,0.00001532
379.02123109,-0.00001620
379.13056086,0.00001007
379.23989881,-0.00004246
379.34924492,0.00002582
379.45859919,-0.00004246
379.56796162,0.00001532
379.67733220,-0.00001094
379.78671093,0.00002582
379.89609781,-0.00001094
380.00549284,0.00002582
380.11489600,-0.00003195
380.22430730,0.00001532
380.33372673,-0.00002145
380.44315430,0.00002057
380.55258999,-0.00003720
380.66203380,0.00001532
380.77148573,-0.00003195
380.88094578,0.00002057
380.99041394,-0.00000569
381.09989020,0.00002057
381.20937458,-0.00002145
381.31886705,0.00002057
381.42836762,-0.00002670
381.53787629,0.00002057
381.64739304,-0.00002145
381.75691789,0.00003108
381.86645082,-0.00001620
381.97599182,0.00002057
382.08554091,-0.00003195
382.19509807,0.00001007
382.30466329,-0.00003195
382.41423659,0.00002057
382.52381795,-0.00002145
382.63340736,0.00002582
382.74300483,-0.00002670
382.85261036,0.00003633
382.96222393,-0.00002145
383.07184554,0.00002057
383.18147520,-0.00002145
383.29111290,0.00002582
383.40075863,-0.00001620
383.51041239,0.00003108
383.62007418,-0.00002670
383.72974399,0.00003108
383.83942182,-0.00002145
383.94910767,0.00004158
384.05880154,-0.00001094
384.16850341,0.00002582
384.27821329,-0.00003195
384.38793117,0.00001007
384.49765705,-0.00002670
384.60739093,0.00002057
384.71713280,-0.00003195
384.82688266,0.00002582
384.93664050,-0.00002145
385.04640632,0.00001532
385.15618012,-0.00003720
385.26596190,0.00001007
385.37575165,-0.00002145
385.48554936,0.00001532
385.59535504,-0.00002670
385.70516868,0.00000481
385.81499028,-0.00003720
385.92481983,0.00003108
386.03465733,-0.00003720
386.14450277,0.00002057
386.25435616,-0.00002670
386.36421749,0.00001532
386.47408675,-0.00001620
386.58396395,0.00001532
386.69384907,-0.00003720
386.80374212,0.00002582
386.91364309,-0.00003720
387.02355198,0.00002057
387.13346878,-0.00003195
387.24339350,0.00002582
387.35332612,-0.00001620
387.46326665,0.00002057
387.57321507,-0.00003195
387.68317140,0.00002582
387.79313561,-0.00003195
387.90310772,0.00001007
388.01308771,-0.00002670
388.12307559,0.00001532
388.23307134,-0.00002670
388.34307497,0.00003108
388.45308648,-0.00002670
388.56310585,0.00002582
388.67313309,-0.00002670
388.78316819,0.00001532
388.89321114,-0.00002670
389.00326196,0.00000481
389.11332062,-0.00003195
389.22338713,0.00002582
389.33346148,-0.00000569
389.44354368,0.00004683
389.55363371,-0.00001620
389.66373158,0.00001532
389.77383727,-0.00004771
389.88395079,0.00001007
389.99407214,-0.00001094
390.10420130,0.00002582
390.21433828,-0.00002670
390.32448308,0.00003633
390.43463568,-0.00002145
390.54479608,0.00002582
390.65496429,-0.00002670
390.76514030,0.00003633
390.87532410,-0.00003195
390.98551569,0.00002582
391.09571507,-0.00004771
391.20592224,0.00002582
391.31613718,-0.00002670
391.42635990,0.00002057
391.53659040,-0.00004771
391.64682866,0.00002057
391.75707470,-0.00004771
391.86732849,0.00002582
391.97759005,-0.00001620
392.08785936,0.00001532
392.19813642,-0.00002145
392.30842123,0.00002057
392.41871379,-0.00001619
392.52901409,0.00002057
392.63932212,-0.00002670
392.74963790,0.00001007
392.85996140,-0.00001094
392.97029263,-0.00000044
393.08063158,-0.00004246
393.19097826,-0.00000044
393.30133265,-0.00001620
393.41169476,0.00001007
393.52206458,-0.00001619
393.63244210,0.00001532
393.74282733,-0.00003195
393.85322025,0.00002582
393.96362087,-0.00001094
394.07402919,0.00001532
394.18444519,-0.00001620
394.29486888,0.00003633
394.40530025,-0.00002145
394.51573930,0.00002057
394.62618602,-0.00001619
394.73664042,0.00002057
394.84710248,-0.00002670
394.95757221,0.00002057
395.06804959,-0.00003195
395.17853464,0.00001532
395.28902734,-0.00004246
395.39952769,0.00002582
395.51003568,-0.00002670
395.62055132,0.00000481
395.73107460,-0.00003195
395.84160551,0.00001532
395.95214406,-0.00002145
396.06269024,0.00002057
396.17324404,-0.00002145
396.28380546,0.00001532
396.39437450,-0.00000569
396.50495116,0.00001007
396.61553543,-0.00000569
396.72612730,0.00003633
396.83672678,-0.00002145
396.94733386,0.00003108
397.05794854,-0.00001620
397.16857081,0.00002582
397.27920068,-0.00001620
397.38983813,0.00001007
397.50048316,-0.00001619
397.61113577,0.00000481
397.72179596,-0.00002670
397.83246372,0.00003633
397.94313905,-0.00002670
398.05382194,0.00004158
398.16451240,-0.00002670
398.27521042,0.00002582
398.38591599,-0.00002670
398.49662911,0.00002057
398.60734978,-0.00003195
398.71807799,0.00001007
398.82881375,-0.00001620
398.93955704,0.00001532
399.05030787,-0.00003195
399.16106623,0.00003108
399.27183211,-0.00001620
399.38260552,0.00001007
399.49338644,-0.00001094
399.60417489,0.00002057
399.71497084,-0.00002145
399.82577431,0.00002582
399.93658528,-0.00003195
400.04740375,0.00002582
400.15822972,-0.00002145
400.26906319,0.00002582
400.37990415,-0.00001094
400.49075259,0.00002582
400.60160852,-0.00002145
400.71247193,0.00002057
400.82334282,-0.00000569
400.93422118,0.00000481
401.04510702,-0.00003195
401.15600032,0.00001532
401.26690108,-0.00002145
401.37780930,0.00002582
401.48872498,-0.00001094
401.59964811,0.00003108
401.71057869,-0.00002670
401.82151672,0.00002582
401.93246219,-0.00001619
402.04341510,0.00001007
402.15437544,-0.00003720
402.26534321,0.00003633
402.37631842,-0.00002670
402.48730104,0.00003108
402.59829109,-0.00001094
402.70928856,0.00003108
402.82029343,-0.00003195
402.93130572,0.00001532
403.04232542,-0.00001619
403.15335252,0.00003108
403.26438702,-0.00002670
403.37542892,0.00002057
403.48647821,-0.00001620
403.59753489,0.00003108
403.70859895,-0.00000569
403.81967040,0.00001007
403.93074922,-0.00002145
404.04183542,0.00003108
404.15292899,-0.00001619
404.26402993,0.00003108
404.37513824,-0.00002670
404.48625390,0.00003633
404.59737693,-0.00001620
404.70850731,0.00002057
404.81964503,-0.00003720
404.93079011,-0.00000044
405.04194253,-0.00004246
405.15310229,0.00000481
405.26426938,-0.00002145
405.37544381,0.00001532
405.48662556,-0.00003195
405.59781465,0.00000481
405.70901105,-0.00003720
405.82021478,0.00001532
405.93142582,-0.00000569
406.04264417,0.00002057
406.15386983,-0.00002145
406.26510279,0.00003108
406.37634305,-0.00002145
406.48759062,0.00002582
406.59884547,-0.00002670
406.71010762,0.00000481
406.82137706,-0.00003195
406.93265377,0.00004158
407.04393777,-0.00001620
407.15522905,0.00003108
407.26652759,-0.00003195
407.37783341,0.00002057
407.48914649,-0.00003195
407.60046684,0.00001532
407.71179444,-0.00001619
407.82312930,0.00002582
407.93447141,-0.00002145
408.04582077,0.00002582
408.15717738,-0.00003195
408.26854122,0.00001532
408.37991230,-0.00002670
408.49129062,0.00001007
408.60267617,-0.00003195
408.71406894,0.00001007
408.82546894,-0.00002670
408.93687616,0.00002057
409.04829060,-0.00003195
409.15971225,0.00003633
409.27114110,-0.00002670
409.38257717,0.00002057
409.49402043,-0.00002670
409.60547090,0.00003108
409.71692856,-0.00002145
409.82839341,0.00003108
409.93986545,-0.00002670
410.05134468,0.00001007
410.16283108,-0.00003720
410.27432467,0.00001532
410.38582543,-0.00001094
410.49733336,0.00002582
410.60884845,-0.00001619
410.72037072,0.00003108
410.83190014,-0.00002670
410.94343671,0.00002582
411.05498044,-0.00002670
411.16653132,0.00003633
411.27808935,-0.00002145
411.38965452,0.00000481
411.50122683,-0.00003720
411.61280627,-0.00000044
411.72439284,-0.00003720
411.83598655,-0.00000044
411.94758737,-0.00004246
412.05919532,0.00002582
412.17081039,-0.00002145
412.28243257,0.00001532
412.39406187,-0.00003195
412.50569827,0.00001532
412.61734177,-0.00002670
412.72899237,0.00001532
412.84065007,-0.00004246
412.95231487,0.00002582
413.06398675,-0.00003720
413.17566572,0.00002582
413.28735177,-0.00002670
413.39904490,0.00002057
413.51074511,-0.00002670
413.62245239,0.00002057
413.73416673,-0.00002145
413.84588815,0.00002582
413.95761662,-0.00002670
414.06935215,0.00000481
414.18109474,-0.00001094
414.29284437,0.00003108
414.40460106,-0.00001094
414.51636479,0.00002582
414.62813555,-0.00001620
414.73991336,0.00001532
414.85169820,-0.00002670
414.96349006,0.00002057
415.07528896,-0.00002670
415.18709487,0.00001532
415.29890781,-0.00002670
415.41072776,0.00002582
415.52255472,-0.00002145
415.63438870,0.00002057
415.74622967,-0.00004246
415.85807765,0.00001007
415.96993263,-0.00002145
416.08179460,0.00002582
416.19366356,-0.00003195
416.30553951,0.00003633
416.41742244,-0.00002670
416.52931236,0.00002057
416.64120925,-0.00002145
416.75311311,0.00001007
416.86502395,-0.00000044
416.97694174,0.00003108
417.08886651,-0.00002145
417.20079823,0.00003108
417.31273691,-0.00001094
417.42468254,0.00003108
417.53663511,-0.00000044
417.64859464,0.00001007
417.76056110,-0.00000569
417.87253450,0.00002582
417.98451484,-0.00001619
418.09650211,0.00000481
418.20849631,-0.00002670
418.32049743,0.00000481
418.43250547,-0.00002670
418.54452042,0.00001007
418.65654229,-0.00003195
418.76857107,0.00001532
418.88060676,-0.00002670
418.99264935,0.00002582
419.10469884,-0.00001620
419.21675522,0.00002057
419.32881850,-0.00001620
419.44088866,0.00004158
419.55296571,-0.00001094
419.66504965,0.00002057
419.77714046,-0.00002670
419.88923814,0.00002582
420.00134270,-0.00002670
420.11345412,0.00001532
420.22557241,-0.00002145
420.33769756,0.00002582
420.44982956,-0.00001094
420.56196842,0.00002057
420.67411413,-0.00002145
420.78626668,0.00001007
420.89842608,-0.00002145
421.01059232,0.00002057
421.12276539,-0.00003195
421.23494530,0.00001007
421.34713203,-0.00002145
421.45932559,0.00002057
421.57152597,-0.00002670
421.68373317,0.00002582
421.79594718,-0.00001094
421.90816801,0.00002057
422.02039564,-0.00001620
422.13263008,0.00002582
422.24487131,-0.00003195
422.35711935,0.00002057
422.46937417,-0.00002145
422.58163579,0.00002057
422.69390420,-0.00003720
422.80617938,0.00002582
422.91846135,-0.00000569
423.03075009,0.00003108
423.14304561,-0.00003720
423.25534789,0.00001532
423.36765694,-0.00003195
423.47997275,0.00005209
423.59229532,-0.00002670
423.70462464,0.00002057
423.81696072,-0.00002145
423.92930354,0.00002057
424.04165310,-0.00002145
424.15400941,0.00001532
424.26637246,-0.00002670
424.37874223,0.00001532
424.49111874,-0.00002145
424.60350198,0.00001007
424.71589193,-0.00002670
424.82828861,0.00002582
424.94069200,-0.00002670
425.05310211,0.00001007
425.16551892,-0.00003720
425.27794244,0.00002057
425.39037266,-0.00002670
425.50280958,0.00004683
425.61525320,-0.00003195
425.72770351,0.00003108
425.84016050,-0.00001619
425.95262418,0.00003108
426.06509454,-0.00002145
426.17757157,0.00003108
426.29005528,-0.00001094
426.40254566,0.00002057
426.51504271,-0.00003195
426.62754642,0.00001532
426.74005678,-0.00001619
426.85257381,0.00002057
426.96509749,-0.00003720
427.07762781,0.00002582
427.19016478,-0.00001094
427.30270840,0.00002057
427.41525865,-0.00001094
427.52781554,0.00001532
427.64037906,-0.00003195
427.75294920,0.00002057
427.86552597,-0.00002670
427.97810936,0.00001532
428.09069937,-0.00003720
428.20329599,0.00001532
428.31589923,-0.00001620
428.42850906,0.00003633
428.54112551,-0.00002670
428.65374855,0.00001532
428.76637819,-0.00003195
428.87901442,0.00002582
428.99165724,-0.00002670
429.10430664,0.00001532
429.21696263,-0.00003195
429.32962519,0.00001532
429.44229433,-0.00004246
429.55497005,0.00004158
429.66765233,-0.00003720
429.78034117,-0.00002670
429.89303657,0.00003108
430.00573854,-0.00003195
430.11844705,0.00002057
430.23116212,-0.00002145
430.34388373,0.00003633
430.45661189,-0.00002670
430.56934658,0.00002057
430.68208782,-0.00002145
430.79483558,0.00002057
430.90758987,-0.00002145
431.02035069,0.00001007
431.13311803,-0.00003195
431.24589189,0.00002582
431.35867227,-0.00002670
431.47145916,-0.00000044
431.58425255,-0.00001094
431.69705245,0.00001007
431.80985885,-0.00003195
431.92267175,0.00001532
432.03549114,-0.00001620
432.14831702,0.00002582
432.26114939,-0.00001620
432.37398824,0.00002582
432.48683357,-0.00001094
432.59968538,0.00002057
432.71254366,-0.00002670
432.82540841,0.00002582
432.93827962,-0.00002670
433.05115730,0.00004158
433.16404143,-0.00004246
433.27693203,0.00000481
433.38982907,-0.00002670
433.50273256,0.00001532
433.61564249,-0.00001619
433.72855887,0.00003108
433.84148168,-0.00003195
433.95441093,0.00002057
434.06734661,-0.00002145
434.18028871,0.00003633
434.29323724,-0.00004771
434.40619219,0.00003108
434.51915355,-0.00001094
434.63212133,0.00002057
434.74509551,-0.00003720
434.85807611,0.00001532
434.97106310,-0.00003720
435.08405649,0.00001007
435.19705628,-0.00002670
435.31006246,0.00002057
435.42307503,-0.00003720
435.53609398,0.00001532
435.64911931,-0.00002670
435.76215102,-0.00002145
435.87518911,-0.00010023
435.98823356,-0.00003195
436.10128439,-0.00006347
436.21434157,-0.00000044
436.32740512,-0.00004771
436.44047502,-0.00000044
436.55355127,-0.00003720
436.66663388,0.00002057
436.77972283,-0.00003195
436.89281812,0.00000481
437.00591975,-0.00003720
437.11902772,0.00001532
437.23214201,-0.00003195
437.34526264,0.00002582
437.45838959,-0.00003720
437.57152286,0.00002057
437.68466245,-0.00002670
437.79780835,0.00002057
437.91096057,-0.00003195
438.02411909,0.00002057
438.13728391,-0.00002145
438.25045504,0.00000481
438.36363246,-0.00003720
438.47681617,0.00002057
438.59000617,-0.00002145
438.70320246,0.00002057
438.81640504,-0.00001094
438.92961389,0.00002057
439.04282901,-0.00002145
439.15605041,0.00003108
439.26927807,-0.00001619
439.38251200,0.00003633
439.49575219,-0.00002670
439.60899864,0.00001532
439.72225135,-0.00002145
439.83551030,0.00002057
439.94877550,-0.00002145
440.06204695,0.00002057
440.17532463,-0.00001094
440.28860855,0.00002582
440.40189870,-0.00002145
440.51519509,0.00003108
440.62849770,-0.00003720
440.74180653,0.00002057
440.85512158,-0.00003195
440.96844284,0.00004158
441.08177032,-0.00003195
441.19510401,0.00000481
441.30844390,-0.00000569
441.42178999,0.00001007
441.53514228,-0.00003195
441.64850077,0.00001007
441.76186544,-0.00003720
441.87523630,0.00001532
441.98861335,-0.00002670
442.10199657,0.00003633
442.21538598,-0.00003720
442.32878155,0.00003108
442.44218330,-0.00002670
442.55559121,0.00002057
442.66900528,-0.00001620
442.78242551,0.00001532
442.89585190,-0.00002145
443.00928444,0.00002582
443.12272313,-0.00003195
443.23616796,0.00002057
443.34961893,-0.00002145
443.46307605,0.00001007
443.57653929,-0.00001620
443.69000867,0.00002057
443.80348417,-0.00001094
443.91696580,0.00000481
444.03045355,-0.00003195
444.14394741,0.00004158
444.25744739,-0.00001094
444.37095348,0.00002057
444.48446567,-0.00002145
444.59798397,0.00000481
444.71150836,-0.00003720
444.82503885,0.00002582
444.93857544,-0.00003195
445.05211811,0.00003108
445.16566686,-0.00002145
445.27922170,0.00002582
445.39278261,-0.00002145
445.50634960,0.00000481
445.61992266,-0.00002145
445.73350179,0.00002057
445.84708698,-0.00000569
445.96067824,0.00001007
446.07427554,-0.00002670
446.18787890,0.00002057
446.30148832,-0.00001620
446.41510377,0.00001532
446.52872527,-0.00002670
446.64235281,0.00002582
446.75598639,-0.00000044
446.86962599,0.00003108
446.98327163,-0.00001094
447.09692329,0.00001532
447.21058097,-0.00003195
447.32424467,-0.00001094
447.43791438,-0.00003195
447.55159011,0.00002582
447.66527184,-0.00002145
447.77895958,0.00001007
447.89265331,-0.00002145
448.00635305,0.00001532
448.12005877,-0.00004246
448.23377049,0.00003108
448.34748819,-0.00002145
448.46121188,0.00001007
448.57494154,-0.00003720
448.68867718,0.00002057
448.80241879,-0.00001620
448.91616637,0.00002582
449.02991992,-0.00002145
449.14367943,0.00003108
449.25744489,-0.00003195
449.37121631,0.00002057
449.48499368,-0.00003195
449.59877700,0.00001007
449.71256626,-0.00003195
449.82636146,0.00003108
449.94016260,-0.00001619
450.05396968,0.00003108
450.16778268,-0.00002145
450.28160161,0.00001532
450.39542646,-0.00003720
450.50925723,0.00002582
450.62309391,-0.00001094
450.73693651,0.00001007
450.85078502,-0.00002145
450.96463943,0.00002057
451.07849975,-0.00002145
451.19236596,0.00001532
451.30623807,-0.00003720
451.42011606,0.00002582
451.53399995,-0.00002145
451.64788972,0.00000481
451.76178537,-0.00002145
451.87568689,0.00001532
451.98959429,-0.00001620
452.10350756,0.00001007
452.21742670,-0.00003195
452.33135170,0.00002057
452.44528256,-0.00002670
452.55921927,0.00001532
452.67316184,-0.00002670
452.78711025,0.00002057
452.90106451,-0.00001094
453.01502461,0.00002582
453.12899055,-0.00003720
453.24296233,0.00001532
453.35693993,-0.00002145
453.47092337,0.00003108
453.58491262,-0.00002145
453.69890770,0.00001007
453.81290860,-0.00002145
453.92691530,0.00002057
454.04092782,-0.00001619
454.15494615,0.00002057
454.26897027,-0.00002145
454.38300020,0.00001532
454.49703592,-0.00002145
454.61107744,0.00001007
454.72512474,-0.00003720
454.83917783,0.00002057
454.95323670,-0.00004771
455.06730135,0.00001532
455.18137178,-0.00003720
455.29544797,0.00001532
455.40952993,-0.00003195
455.52361766,0.00002057
455.63771115,-0.00003195
455.75181039,0.00000481
455.86591539,-0.00002670
455.98002614,0.00002582
456.09414263,-0.00003720
456.20826487,0.00001532
456.32239285,-0.00003195
456.43652656,0.00002582
456.55066600,-0.00002670
456.66481118,0.00003108
456.77896208,-0.00002670
456.89311870,0.00001532
457.00728104,-0.00002145
457.12144909,-0.00000044
457.23562286,-0.00003195
457.34980233,-0.00000569
457.46398751,-0.00002145
457.57817839,0.00002057
457.69237496,-0.00002670
457.80657723,0.00004158
457.92078519,-0.00003195
458.03499883,0.00001532
458.14921816,-0.00002145
458.26344317,0.00001532
458.37767385,-0.00003195
458.49191021,0.00003633
458.60615223,-0.00002145
458.72039993,0.00001007
458.83465328,0.00001532
458.94891229,-0.00002670
459.06317695,0.00001007
459.17744727,-0.00001620
459.29172324,0.00002057
459.40600485,-0.00003195
459.52029210,0.00002057
459.63458498,-0.00003720
459.74888350,0.00002057
459.86318765,-0.00002670
459.97749743,0.00002582
460.09181283,-0.00002145
460.20613385,0.00002582
460.32046049,-0.00001620
460.43479274,0.00003108
460.54913060,-0.00002145
460.66347406,0.00001532
460.77782312,-0.00004246
460.89217779,0.00001007
461.00653805,-0.00002145
461.12090390,0.00002057
461.23527533,-0.00002670
461.34965236,0.00003633
461.46403496,-0.00003720
461.57842314,-0.00001094
461.69281689,-0.00001094
461.80721622,0.00000481
461.92162111,-0.00002145
462.03603156,0.00002057
462.15044757,-0.00004246
462.26486914,0.00002057
462.37929627,-0.00003195
462.49372894,0.00001532
462.60816716,-0.00002145
462.72261091,0.00002582
462.83706021,-0.00003195
462.95151504,0.00003108
463.06597541,-0.00003720
463.18044130,0.00002057
463.29491272,-0.00003720
463.40938965,0.00000481
463.52387211,-0.00003195
463.63836008,0.00001532
463.75285355,-0.00003195
463.86735254,0.00000481
463.98185703,-0.00004771
464.09636702,-0.00000044
464.21088250,-0.00002670
464.32540348,0.00002057
464.43992994,-0.00004771
464.55446190,-0.00000569
464.66899933,-0.00004771
464.78354224,0.00001532
464.89809063,-0.00003720
465.01264449,0.00002057
465.12720382,-0.00003720
465.24176861,0.00002057
465.35633886,-0.00004771
465.47091457,-0.00000044
465.58549573,-0.00004771
465.70008235,-0.00000569
465.81467441,-0.00004246
465.92927191,0.00001007
466.04387486,-0.00004246
466.15848324,-0.00000044
466.27309705,-0.00003720
466.38771629,0.00001532
466.50234096,-0.00002670
466.61697105,0.00000481
466.73160656,-0.00002670
466.84624748,0.00002057
466.96089382,-0.00002670
467.07554556,0.00000481
467.19020271,-0.00004771
467.30486526,0.00001007
467.41953321,-0.00002670
467.53420655,0.00001532
467.64888528,-0.00003720
467.76356940,-0.00000044
467.87825890,-0.00003720
467.99295378,0.00000481
468.10765404,-0.00003195
468.22235967,0.00001007
468.33707067,-0.00005296
468.45178703,-0.00002145
468.56650876,-0.00006872
468.68123584,0.00001532
468.79596829,-0.00003195
468.91070608,-0.00001094
469.02544922,-0.00003720
469.14019771,-0.00001094
469.25495153,-0.00006347
469.36971070,0.00001532
469.48447519,-0.00004246
469.59924502,0.00001007
469.71402018,-0.00004246
469.82880066,0.00001532
469.94358646,-0.00004771
470.05837757,0.00001007
470.17317400,-0.00005296
470.28797574,0.00001007
470.40278278,-0.00004246
470.51759513,-0.00002145
470.63241277,-0.00006347
470.74723571,0.00000481
470.86206395,-0.00004771
470.97689747,-0.00002145
471.09173627,-0.00004246
471.20658036,-0.00000044
471.32142972,-0.00004771
471.43628436,-0.00000044
471.55114427,-0.00005821
471.66600944,-0.00000044
471.78087988,-0.00006347
471.89575558,-0.00000569
472.01063653,-0.00005296
472.12552274,-0.00001620
472.24041420,-0.00005296
472.35531090,-0.00002145
472.47021285,-0.00005296
472.58512003,-0.00000044
472.70003245,-0.00004771
472.81495010,-0.00002145
472.92987298,-0.00006347
473.04480109,-0.00002145
473.15973441,-0.00006872
473.27467296,-0.00002670
473.38961672,-0.00005821
473.50456568,-0.00001620
473.61951986,-0.00005821
473.73447924,-0.00001620
473.84944382,-0.00006347
473.96441359,-0.00001094
474.07938856,-0.00006872
474.19436872,-0.00002145
474.30935406,-0.00007397
474.42434459,-0.00002670
474.53934030,-0.00005821
474.65434118,-0.00001094
474.76934723,-0.00008448
474.88435845,-0.00001094
474.99937484,-0.00007397
475.11439638,-0.00003195
475.22942309,-0.00008448
475.34445495,-0.00002145
475.45949196,-0.00008973
475.57453412,-0.00003720
475.68958142,-0.00007397
475.80463386,-0.00004771
475.91969143,-0.00007922
476.03475414,-0.00003720
476.14982198,-0.00010549
476.26489495,-0.00004771
476.37997304,-0.00006872
476.49505625,-0.00003720
476.61014457,-0.00007397
476.72523801,-0.00005296
476.84033655,-0.00010023
476.95544020,-0.00003195
477.07054895,-0.00008448
477.18566279,-0.00003720
477.30078174,-0.00009498
477.41590577,-0.00006872
477.53103489,-0.00008973
477.64616909,-0.00005296
477.76130838,-0.00009498
477.87645274,-0.00006347
477.99160217,-0.00008973
478.10675667,-0.00006347
478.22191624,-0.00009498
478.33708087,-0.00007397
478.45225056,-0.00010549
478.56742531,-0.00007397
478.68260511,-0.00011599
478.79778996,-0.00005821
478.91297985,-0.00011599
479.02817478,-0.00007922
479.14337475,-0.00012650
479.25857976,-0.00007397
479.37378980,-0.00011074
479.48900486,-0.00014751
479.60422495,-0.00012650
479.71945005,-0.00007397
479.83468018,-0.00011599
479.94991532,-0.00008448
480.06515546,-0.00013700
480.18040062,-0.00009498
480.29565077,-0.00011074
480.41090593,-0.00007922
480.52616608,-0.00014751
480.64143122,-0.00008448
480.75670136,-0.00014225
480.87197647,-0.00011074
480.98725657,-0.00015276
481.10254165,-0.00011074
481.21783170,-0.00013175
481.33312672,-0.00010023
481.44842671,-0.00014751
481.56373166,-0.00008973
481.67904157,-0.00015276
481.79435644,-0.00011074
481.90967627,-0.00016852
482.02500104,-0.00011074
482.14033076,-0.00016326
482.25566542,-0.00011599
482.37100502,-0.00019478
482.48634956,-0.00012650
482.60169903,-0.00018953
482.71705342,-0.00012124
482.83241275,-0.00019478
482.94777699,-0.00015801
483.06314615,-0.00016852
483.17852023,-0.00015276
483.29389922,-0.00018953
483.40928311,-0.00014225
483.52467191,-0.00020003
483.64006561,-0.00014225
483.75546421,-0.00021579
483.87086770,-0.00016326
483.98627608,-0.00020003
484.10168934,-0.00015801
484.21710749,-0.00021054
484.33253052,-0.00017902
484.44795842,-0.00023154
484.56339120,-0.00018427
484.67882884,-0.00024205
484.79427135,-0.00017902
484.90971873,-0.00025781
485.02517096,-0.00019478
485.14062804,-0.00026306
485.25608997,-0.00020528
485.37155676,-0.00026306
485.48702838,-0.00021054
485.60250485,-0.00025781
485.71798616,-0.00023154
485.83347229,-0.00027356
485.94896326,-0.00021579
486.06445905,-0.00028932
486.17995967,-0.00023680
486.29546511,-0.00028407
486.41097536,-0.00024205
486.52649042,-0.00028932
486.64201030,-0.00026831
486.75753497,-0.00029983
486.87306445,-0.00025255
486.98859873,-0.00032084
487.10413780,-0.00027882
487.21968167,-0.00032609
487.33523032,-0.00026831
487.45078375,-0.00031033
487.56634197,-0.00027356
487.68190496,-0.00034710
487.79747273,-0.00031558
487.91304527,-0.00035760
488.02862257,-0.00032609
488.14420463,-0.00037861
488.25979146,-0.00039437
488.37538304,-0.00035235
488.49097937,-0.00039962
488.60658046,-0.00035760
488.72218628,-0.00042063
488.83779685,-0.00036811
488.95341216,-0.00042063
489.06903220,-0.00038912
489.18465698,-0.00044689
489.30028648,-0.00037861
489.41592070,-0.00045215
489.53155965,-0.00042588
489.64720331,-0.00044689
489.76285169,-0.00042588
489.87850478,-0.00047841
489.99416257,-0.00042588
490.10982506,-0.00047316
490.22549226,-0.00046265
490.34116415,-0.00053619
490.45684074,-0.00048366
490.57252201,-0.00053093
490.68820797,-0.00047841
490.80389861,-0.00054669
490.91959393,-0.00050992
491.03529392,-0.00056245
491.15099858,-0.00053093
491.26670792,-0.00057295
491.38242191,-0.00054669
491.49814057,-0.00061497
491.61386388,-0.00056770
491.72959185,-0.00063073
491.84532447,-0.00057295
491.96106173,-0.00065174
492.07680364,-0.00060447
492.19255019,-0.00068851
492.30830137,-0.00062022
492.42405719,-0.00068851
492.53981763,-0.00064649
492.65558270,-0.00070426
492.77135239,-0.00067275
492.88712670,-0.00073053
493.00290563,-0.00066750
493.11868917,-0.00072527
493.23447731,-0.00065174
493.35027006,-0.00029983
493.46606741,-0.00051518
493.58186936,0.00054581
493.69767590,0.00181166
493.81348703,0.00233164
493.92930274,0.00542007
494.04512304,0.00357647
494.16094792,0.00710085
494.27677738,0.00703257
494.39261141,0.00758407
494.50845001,0.01181753
494.62429317,0.01292580
494.74014089,0.01319367
494.85599318,0.01546273
494.97185002,0.01630837
495.08771141,0.01559404
495.20357734,0.01763723
495.31944783,0.01599322
495.43532285,0.01828854
495.55120241,0.01824127
495.66708650,0.01674432
495.78297513,0.01847237
495.89886828,0.01637665
496.01476595,0.02136646
496.13066815,0.02094101
496.24657486,0.02516397
496.36248608,0.02413974
496.47840181,0.02728596
496.59432205,0.03024831
496.71024679,0.03183981
496.82617603,0.03429796
496.94210976,0.03418240
497.05804798,0.03227577
497.17399070,0.03482320
497.28993789,0.03381474
497.40588957,0.03583167
497.52184572,0.03469714
497.63780635,0.03656175
497.75377145,0.03971321
497.86974102,0.04239720
497.98571505,0.04454546
498.10169354,0.04555917
498.21767648,0.04792277
498.33366388,0.04933042
498.44965573,0.04929891
498.56565202,0.05139463
498.68165275,0.05108473
498.79765793,0.05550203
498.91366754,0.05612182
499.02968158,0.05876379
499.14570004,0.05848016
499.26172294,0.06207283
499.37775025,0.06281867
499.49378198,0.06418956
499.60981813,0.06498267
499.72585868,0.06746182
499.84190364,0.06820767
499.95795301,0.07006178
500.07400677,0.07197367
500.19006494,0.07365444
500.30612749,0.07549279
500.42219443,0.07840265
500.53826576,0.07674287
500.65434148,0.08064018
500.77042157,0.08233672
500.88650603,0.08383891
501.00259487,0.08514152
501.11868807,0.08817217
501.23478564,0.09074587
501.35088757,0.09178059
501.46699386,0.09523144
501.58310450,0.09568841
501.69921950,0.09766332
501.81533883,0.10013721
501.93146252,0.10250082
502.04759054,0.10528985
502.16372290,0.10735406
502.27985959,0.10957058
502.39600061,0.11218630
502.51214596,0.11518544
502.62829563,0.11493332
502.74444962,0.11825286
502.86060792,0.11972879
502.97677054,0.12224471
503.09293746,0.12321116
503.20910869,0.12701392
503.32528422,0.12679857
503.44146404,0.13131566
503.55764816,0.13183040
503.67383657,0.13428329
503.79002927,0.13582750
503.90622625,0.13887917
504.02242751,0.14333848
504.13863305,0.14404756
504.25484286,0.14449928
504.37105694,0.14743013
504.48727529,0.15121713
504.60349790,0.15206803
504.71972476,0.15500415
504.83595589,0.15634351
504.95219126,0.16069777
505.06843088,0.16395954
505.18467475,0.16581890
505.30092286,0.16810371
505.41717520,0.17031498
505.53343178,0.17361351
505.64969259,0.17630802
505.76595763,0.17795202
505.88222689,0.17965907
505.99850038,0.18184408
506.11477807,0.18402909
506.23105998,0.18926577
506.34734610,0.19214410
506.46363643,0.19536385
506.57993096,0.19625150
506.69622969,0.19926640
506.81253261,0.20181909
506.92883972,0.20611032
507.04515103,0.20762827
507.16146651,0.20852118
507.27778618,0.21239224
507.39411003,0.21309080
507.51043805,0.21665196
507.62677024,0.21902081
507.74310660,0.22241913
507.85944712,0.22718309
507.97579180,0.22733541
508.09214064,0.23081252
508.20849364,0.23301329
508.32485078,0.23675827
508.44121206,0.23985196
508.55757749,0.24520944
508.67394706,0.24597104
508.79032077,0.24506237
508.90669860,0.25112894
509.02308057,0.25429090
509.13946666,0.25908637
509.25585687,0.26066210
509.37225120,0.26409195
509.48864964,0.26730118
509.60505219,0.27063648
509.72145885,0.27264290
509.83786962,0.27614628
509.95428448,0.27845735
510.07070344,0.28353646
510.18712650,0.28571621
510.30355364,0.28793800
510.41998487,0.29084785
510.53642018,0.29570109
510.65285957,0.30105857
510.76930304,0.30075918
510.88575058,0.30552313
511.00220219,0.30539183
511.11865786,0.31258242
511.23511759,0.31485671
511.35158138,0.31739364
511.46804923,0.32008814
511.58452113,0.32521452
511.70099707,0.32877567
511.81747706,0.33183258
511.93396109,0.33245763
512.05044915,0.33602402
512.16694125,0.34180696
512.28343738,0.34358228
512.39993753,0.34691757
512.51644171,0.34848280
512.63294990,0.35328878
512.74946211,0.35597276
512.86597833,0.36207611
512.98249857,0.36481787
513.09902280,0.36836851
513.21555104,0.37187714
513.33208328,0.37528071
513.44861951,0.37862126
513.56515973,0.38250806
513.68170394,0.38742961
513.79825213,0.39108530
513.91480430,0.39403716
514.03136045,0.40120148
514.14792057,0.40390124
514.26448466,0.41029345
514.38105272,0.41046152
514.49762474,0.41443236
514.61420072,0.42105043
514.73078066,0.42240030
514.84736455,0.42460108
514.96395238,0.43024745
515.08054416,0.43672370
515.19713989,0.43860406
515.31373955,0.44275348
515.43034314,0.44457608
515.54695067,0.44940308
515.66356212,0.45254402
515.78017750,0.45758636
515.89679680,0.46055399
516.01342002,0.46439351
516.13004714,0.46386827
516.24667818,0.47095907
516.36331313,0.47117440
516.47995197,0.47745106
516.59659472,0.47999849
516.71324136,0.48566587
516.82989190,0.49073447
516.94654632,0.49108638
517.06320463,0.49727376
517.17986682,0.49944301
517.29653288,0.50433302
517.41320283,0.50771559
517.52987664,0.51021575
517.64655432,0.51390296
517.76323587,0.51443345
517.87992127,0.51764269
517.99661053,0.52776939
518.11330365,0.53233375
518.23000061,0.53342626
518.34670142,0.53729205
518.46340608,0.54111056
518.58011457,0.54481354
518.69682690,0.55151564
518.81354306,0.55291804
518.93026305,0.55435195
519.04698687,0.56139022
519.16371451,0.56046053
519.28044596,0.56711011
519.39718123,0.57151691
519.51392031,0.57505179
519.63066320,0.58083998
519.74740989,0.58180643
519.86416039,0.58653886
519.98091468,0.58626048
520.09767276,0.59224299
520.21443464,0.59444378
520.33120030,0.59698595
520.44796974,0.59660253
520.56474296,0.60529530
520.68151996,0.61020108
520.79830073,0.61109924
520.91508527,0.61571090
521.03187357,0.61460262
521.14866564,0.62150958
521.26546146,0.62229743
521.38226104,0.62475032
521.49906437,0.62620000
521.61587145,0.63037044
521.73268227,0.63212474
521.84949683,0.63402613
521.96631513,0.63897390
522.08313717,0.64095934
522.19996293,0.64463603
522.31679242,0.64469908
522.43362563,0.65232035
522.55046256,0.65309772
522.66730321,0.65339710
522.78414757,0.65396437
522.90099564,0.65960547
523.01784742,0.65853923
523.13470289,0.66487892
523.25156207,0.66316662
523.36842493,0.66169069
523.48529150,0.66642839
523.60216174,0.66290401
523.71903568,0.67018388
523.83591329,0.67163355
523.95279458,0.66805138
524.06967954,0.67232163
524.18656818,0.67487430
524.30346048,0.67486380
524.42035644,0.67469047
524.53725606,0.67830415
524.65415934,0.67895544
524.77106627,0.67981684
524.88797685,0.68493272
525.00489108,0.68639814
525.12180895,0.68784255
525.23873045,0.68733832
525.35565559,0.69217582
525.47258436,0.69169785
525.58951676,0.69207602
525.70645279,0.68928698
525.82339243,0.69121462
525.94033569,0.69377783
526.05728257,0.69320530
526.17423305,0.69208654
526.29118715,0.68818397
526.40814484,0.69031121
526.52510614,0.68853588
526.64207103,0.68652420
526.75903951,0.68762723
526.87601158,0.68927648
526.99298724,0.68933425
527.10996648,0.68740137
527.22694930,0.68546847
527.34393569,0.68748540
527.46092566,0.68533715
527.57791919,0.68905588
527.69491629,0.68340952
527.81191694,0.68824175
527.92892116,0.68387696
528.04592893,0.68734358
528.16294024,0.68734359
528.27995511,0.68458080
528.39697352,0.68659248
528.51399547,0.68920295
528.63102095,0.68763771
528.74804997,0.69064737
528.86508251,0.68534241
528.98211858,0.68628259
529.09915818,0.68199135
529.21620129,0.68639814
529.33324792,0.68319416
529.45029806,0.68038936
529.56735170,0.68089884
529.68440885,0.68053643
529.80146950,0.67564642
529.91853365,0.67381332
530.03560129,0.67213254
530.15267243,0.67131315
530.26974705,0.66779927
530.38682515,0.66481589
530.50390673,0.66467408
530.62099179,0.66287249
530.73808032,0.65923780
530.85517232,0.66022526
530.97226779,0.65844994
531.08936672,0.65983133
531.20646910,0.65643301
531.32357495,0.65521970
531.44068424,0.65312922
531.55779698,0.65216804
531.67491317,0.64392171
531.79203279,0.64538190
531.90915586,0.64243003
532.02628235,0.64046036
532.14341228,0.63865878
532.26054564,0.64156863
532.37768242,0.63712506
532.49482261,0.63747697
532.61196623,0.63971976
532.72911325,0.63199343
532.84626369,0.63234535
532.96341753,0.63100598
533.08057478,0.62889449
533.19773542,0.62388367
533.31489946,0.62046959
533.43206689,0.61573714
533.54923770,0.61414041
533.66641191,0.61305841
533.78358949,0.61136713
533.90077045,0.60611994
534.01795478,0.60172891
534.13514249,0.60121417
534.25233356,0.60073621
534.36952800,0.59622436
534.48672579,0.59239533
534.60392694,0.59086686
534.72113145,0.58543587
534.83833930,0.58262056
534.95555050,0.58172239
535.07276504,0.57529341
535.18998292,0.57372293
535.30720413,0.57206841
535.42442868,0.56932139
535.54165656,0.56706283
535.65888776,0.56009812
535.77612228,0.55823351
535.89336011,0.55437821
536.01060127,0.55453053
536.12784573,0.54902073
536.24509350,0.54772339
536.36234457,0.54010736
536.47959894,0.54067462
536.59685661,0.53830051
536.71411757,0.53643590
536.83138183,0.53397776
536.94864936,0.53188204
537.06592018,0.53250182
537.18319428,0.53154589
537.30047165,0.53133579
537.41775230,0.52755403
537.53503621,0.52771161
537.65232339,0.52721263
537.76961383,0.52689224
537.88690753,0.52748049
538.00420448,0.52552660
538.12150468,0.52309471
538.23880813,0.52555811
538.35611482,0.52108303
538.47342475,0.52266925
538.59073792,0.52086767
538.70805432,0.51840428
538.82537395,0.51863539
538.94269681,0.51865114
539.06002289,0.51671301
539.17735219,0.51538414
539.29468470,0.51433366
539.41202042,0.50988485
539.52935936,0.51050464
539.64670150,0.50664410
539.76404683,0.50584048
539.88139537,0.50040419
539.99874710,0.49941673
540.11610202,0.49588186
540.23346013,0.49651739
540.35082143,0.48913773
540.46818590,0.48907996
540.58555355,0.48725211
540.70292437,0.48115403
540.82029836,0.47809712
540.93767552,0.47390566
541.05505584,0.47053886
541.17243931,0.46569088
541.28982595,0.46202467
541.40721573,0.46139962
541.52460867,0.45430359
541.64200475,0.45102606
541.75940397,0.44947661
541.87680633,0.44558980
541.99421182,0.43999070
542.11162044,0.43574673
542.22903219,0.43367729
542.34644706,0.43259528
542.46386506,0.42638165
542.58128617,0.42508956
542.69871039,0.42037812
542.81613773,0.41442711
542.93356816,0.41066111
543.05100171,0.40926922
543.16843835,0.40528262
543.28587808,0.40501475
543.40332091,0.40167946
543.52076683,0.39589127
543.63821583,0.39378505
543.75566791,0.39039197
543.87312307,0.38753465
543.99058130,0.38335372
544.10804261,0.38155213
544.22550698,0.37792269
544.34297442,0.37688796
544.46044492,0.37410417
544.57791847,0.36866790
544.69539508,0.36617300
544.81287473,0.36296376
544.93035743,0.36337871
545.04784318,0.35822607
545.16533196,0.35497482
545.28282378,0.35251667
545.40031863,0.34668647
545.51781651,0.34541013
545.63531742,0.34121868
545.75282134,0.33834035
545.87032829,0.33202692
545.98783824,0.32947424
546.10535121,0.32860234
546.22286719,0.32466826
546.34038617,0.32354424
546.45790815,0.32160085
546.57543313,0.31385350
546.69296110,0.31185757
546.81049206,0.31014528
546.92802600,0.30647909
547.04556293,0.30407873
547.16310284,0.30042303
547.28064572,0.29643643
547.39819158,0.29312215
547.51574040,0.28930363
547.63329219,0.28809557
547.75084694,0.28601560
547.86840465,0.27991752
547.98596531,0.27678707
548.10352893,0.27369339
548.22109549,0.26957549
548.33866499,0.26832015
548.45623744,0.26668138
548.57381282,0.26227985
548.69139114,0.25722701
548.80897238,0.25527310
548.92655655,0.25122874
549.04414365,0.24932210
549.16173366,0.24319776
549.27932659,0.24299291
549.39692243,0.23857036
549.51452118,0.24043498
549.63212284,0.23455225
549.74972739,0.23216239
549.86733485,0.22939436
549.98494519,0.22585422
550.10255843,0.22292861
550.22017456,0.22229832
550.33779357,0.21943049
550.45541546,0.21697760
550.57304023,0.21363707
550.69066788,0.21223466
550.80829839,0.20759677
550.92593176,0.20748647
551.04356801,0.20482347
551.16120711,0.20210272
551.27884906,0.19937670
551.39649387,0.19641434
551.51414153,0.19550566
551.63179203,0.19462851
551.74944537,0.19178694
551.86710155,0.18929729
551.98476057,0.18855144
552.10242241,0.18520564
552.22008709,0.18291557
552.33775459,0.18074107
552.45542491,0.17792577
552.57309804,0.17689104
552.69077399,0.17430158
552.80845275,0.17269959
552.92613432,0.16912268
553.04381869,0.16756271
553.16150585,0.16505730
553.27919582,0.16342905
553.39688857,0.16023032
553.51458412,0.15786147
553.63228245,0.15657462
553.74998356,0.15512495
553.86768745,0.15218883
553.98539411,0.14747741
554.10310355,0.14448352
554.22081575,0.14371666
554.33853072,0.14139508
554.45624845,0.13939917
554.57396893,0.13804928
554.69169217,0.13669941
554.80941816,0.13472975
554.92714689,0.13447763
555.04487837,0.13206676
555.16261259,0.13238191
555.28034954,0.13006559
555.39808922,0.12829552
555.51583164,0.12524910
555.63357678,0.12663049
555.75132464,0.12234451
555.86907522,0.12196108
555.98682851,0.11869406
556.10458451,0.11909850
556.22234323,0.11646703
556.34010464,0.11485979
556.45786876,0.11404567
556.57563558,0.11237014
556.69340508,0.10967564
556.81117728,0.10913464
556.92895217,0.10482763
557.04672973,0.10698114
557.16450998,0.10265838
557.28229290,0.10219617
557.40007850,0.10039983
557.51786676,0.09859300
557.63565769,0.09789443
557.75345128,0.09766858
557.87124753,0.09443833
557.98904644,0.09107151
558.10684799,0.09151797
558.22465220,0.08786753
558.34245905,0.08735804
558.46026853,0.08408052
558.57808066,0.08386517
558.69589542,0.08248379
558.81371281,0.08154886
558.93153282,0.07969999
559.04935546,0.07930606
559.16718072,0.07704226
559.28500859,0.07548754
559.40283908,0.07505684
559.52067218,0.07336556
559.63850788,0.07245163
559.75634618,0.07269325
559.87418708,0.07243063
559.99203058,0.06869089
560.10987667,0.06772445
560.22772534,0.06819191
560.34557660,0.06719395
560.46343044,0.06601741
560.58128686,0.06375886
560.69914585,0.06120618
560.81700741,0.06230393
560.93487154,0.06038680
561.05273823,0.05996135
561.17060748,0.05730361
561.28847929,0.05921024
561.40635365,0.05569637
561.52423056,0.05556506
561.64211001,0.05249239
561.75999201,0.05487699
561.87787654,0.05134211
561.99576361,0.05044919
562.11365321,0.04950375
562.23154534,0.04881043
562.34943999,0.04742379
562.46733717,0.04721369
562.58523686,0.04592684
562.70313906,0.04366830
562.82104378,0.04168288
562.93895100,0.04348445
563.05686072,0.03841061
563.17477295,0.04027523
563.29268767,0.03842112
563.41060488,0.03654600
563.52852459,0.03364665
563.64644677,0.03555854
563.76437144,0.03230203
563.88229859,0.03526440
564.00022822,0.03232305
564.11816031,0.03458684
564.23609487,0.03269071
564.35403190,0.03334727
564.47197139,0.03498078
564.58991334,0.03034287
564.70785773,0.03577914
564.82580458,0.02897199
564.94375388,0.02895623
565.06170562,0.02876189
565.17965980,0.02635102
565.29761642,0.02697606
565.41557546,0.02458621
565.53353694,0.02502740
565.65150084,0.01912892
565.76946717,0.02510093
565.88743591,0.01840409
566.00540707,0.01876126
566.12338064,0.01730108
566.24135662,0.01864570
566.35933500,0.01729583
566.47731579,0.01861944
566.59529897,0.01756896
566.71328455,0.01742713
566.83127251,0.01865095
566.94926286,0.01614029
567.06725560,0.01838308
567.18525071,0.01586191
567.30324821,0.01808369
567.42124807,0.01538919
567.53925030,0.01692815
567.65725490,0.01569384
567.77526187,0.01508981
567.89327119,0.01572010
568.01128286,0.01151815
568.12929689,0.01166521
568.24731326,0.01247934
568.36533198,0.00972707
568.48335304,0.00846648
568.60137644,0.00943819
568.71940217,0.00853477
568.83743024,0.00803578
568.95546063,0.00632874
569.07349334,0.00724266
569.19152837,0.00629723
569.30956572,0.00433281
569.42760538,0.00420676
569.54564736,0.00319304
569.66369163,0.00435908
569.78173821,0.00129166
569.89978709,0.00083995
570.01783826,0.00095551
570.13589173,0.00042501
570.25394748,-0.00038912
570.37200552,-0.00072002
570.49006584,-0.00060447
570.60812843,0.00057208
570.72619330,-0.00066750
570.84426045,-0.00073578
570.96232985,-0.00067275
571.08040152,-0.00072002
571.19847546,-0.00066750
571.31655164,-0.00073053
571.43463008,-0.00066224
571.55271077,-0.00072527
571.67079371,-0.00065699
571.78887889,-0.00071477
571.90696630,-0.00065174
572.02505596,-0.00070952
572.14314784,-0.00065699
572.26124195,-0.00069376
572.37933829,-0.00064123
572.49743685,-0.00068851
572.61553762,-0.00063598
572.73364061,-0.00066750
572.85174581,-0.00063073
572.96985322,-0.00066224
573.08796283,-0.00057295
573.20607464,-0.00064649
573.32418865,-0.00059922
573.44230485,-0.00063598
573.56042324,-0.00057821
573.67854382,-0.00061497
573.79666657,-0.00057821
573.91479151,-0.00059922
574.03291862,-0.00055720
574.15104791,-0.00058346
574.26917936,-0.00052568
574.38731298,-0.00057821
574.50544875,-0.00053619
574.62358669,-0.00057821
574.74172678,-0.00053619
574.85986902,-0.00058346
574.97801341,-0.00052043
575.09615994,-0.00056245
575.21430861,-0.00050992
575.33245942,-0.00056770
575.45061236,-0.00049942
575.56876743,-0.00055194
575.68692463,-0.00049417
575.80508395,-0.00055194
575.92324539,-0.00047841
576.04140894,-0.00052568
576.15957461,-0.00049417
576.27774238,-0.00049942
576.39591226,-0.00047841
576.51408424,-0.00052043
576.63225832,-0.00046790
576.75043449,-0.00050992
576.86861275,-0.00045740
576.98679310,-0.00048891
577.10497553,-0.00044164
577.22316005,-0.00048891
577.34134664,-0.00046265
577.45953530,-0.00049417
577.57772604,-0.00044689
577.69591883,-0.00049942
577.81411370,-0.00041538
577.93231062,-0.00047841
578.05050959,-0.00043114
578.16871062,-0.00041013
578.28691370,-0.00047316
578.40511882,-0.00040488
578.52332598,-0.00046790
578.64153518,-0.00041538
578.75974642,-0.00045740
578.87795968,-0.00039437
578.99617497,-0.00044164
579.11439229,-0.00038387
579.23261163,-0.00043639
579.35083298,-0.00039962
579.46905635,-0.00045740
579.58728172,-0.00037861
579.70550911,-0.00044164
579.82373849,-0.00038912
579.94196988,-0.00042063
580.06020326,-0.00037861
580.17843863,-0.00042063
580.29667599,-0.00037861
580.41491533,-0.00042063
580.53315666,-0.00035760
580.65139996,-0.00042588
580.76964524,-0.00037336
580.88789249,-0.00039962
581.00614171,-0.00036286
581.12439289,-0.00038387
581.24264603,-0.00033659
581.36090113,-0.00038912
581.47915818,-0.00034710
581.59741718,-0.00038387
581.71567813,-0.00034710
581.83394102,-0.00038387
581.95220585,-0.00034710
582.07047261,-0.00036811
582.18874131,-0.00033659
582.30701193,-0.00037336
582.42528448,-0.00031033
582.54355896,-0.00037861
582.66183535,-0.00033659
582.78011365,-0.00037336
582.89839386,-0.00032084
583.01667599,-0.00037336
583.13496001,-0.00031033
583.25324594,-0.00036811
583.37153376,-0.00031558
583.48982348,-0.00035760
583.60811509,-0.00029457
583.72640858,-0.00036286
583.84470396,-0.00029457
583.96300121,-0.00032609
584.08130034,-0.00028407
584.19960134,-0.00033659
584.31790422,-0.00029457
584.43620895,-0.00036286
584.55451555,-0.00029983
584.67282401,-0.00033134
584.79113432,-0.00027882
584.90944648,-0.00033659
585.02776049,-0.00028407
585.14607634,-0.00029457
585.26439403,-0.00028932
585.38271356,-0.00033659
585.50103493,-0.00027882
585.61935812,-0.00032084
585.73768314,-0.00027356
585.85600998,-0.00031033
585.97433865,-0.00026831
586.09266912,-0.00031033
586.21100141,-0.00025781
586.32933551,-0.00031558
586.44767142,-0.00026306
586.56600912,-0.00028932
586.68434862,-0.00024730
586.80268992,-0.00029457
586.92103301,-0.00025255
587.03937789,-0.00028932
587.15772455,-0.00023680
587.27607299,-0.00028932
587.39442321,-0.00023680
587.51277520,-0.00029457
587.63112896,-0.00024205
587.74948449,-0.00027882
587.86784178,-0.00023154
587.98620083,-0.00027882
588.10456164,-0.00023680
588.22292420,-0.00027356
588.34128850,-0.00021579
588.45965456,-0.00027356
588.57802235,-0.00021579
588.69639188,-0.00027882
588.81476315,-0.00021579
588.93313615,-0.00026306
589.05151087,-0.00022104
589.16988732,-0.00027356
589.28826549,-0.00023154
589.40664538,-0.00028407
589.52502698,-0.00022629
589.64341029,-0.00027882
589.76179531,-0.00022104
589.88018203,-0.00025781
589.99857045,-0.00020528
590.11696057,-0.00024730
590.23535237,-0.00018953
590.35374587,-0.00026306
590.47214105,-0.00018953
590.59053792,-0.00023680
590.70893646,-0.00019478
590.82733668,-0.00022104
590.94573856,-0.00019478
591.06414212,-0.00023680
591.18254734,-0.00020528
591.30095422,-0.00022104
591.41936276,-0.00018953
591.53777295,-0.00023154
591.65618479,-0.00017902
591.77459828,-0.00023154
591.89301341,-0.00017902
592.01143018,-0.00022629
592.12984859,-0.00018427
592.24826862,-0.00021579
592.36669029,-0.00018427
592.48511359,-0.00021054
592.60353850,-0.00014751
592.72196503,-0.00022104
592.84039318,-0.00016326
592.95882294,-0.00021579
593.07725431,-0.00016326
593.19568728,-0.00021579
593.31412185,-0.00014751
593.43255802,-0.00020528
593.55099578,-0.00014225
593.66943514,-0.00020528
593.78787608,-0.00016326
593.90631860,-0.00018953
594.02476270,-0.00014751
594.14320838,-0.00019478
594.26165563,-0.00014751
594.38010445,-0.00018953
594.49855484,-0.00014751
594.61700678,-0.00019478
594.73546029,-0.00014225
594.85391535,-0.00016326
594.97237196,-0.00013700
595.09083012,-0.00018953
595.20928982,-0.00012124
595.32775107,-0.00016852
595.44621385,-0.00014751
595.56467817,-0.00017902
595.68314401,-0.00013700
595.80161138,-0.00017377
595.92008028,-0.00013700
596.03855070,-0.00017377
596.15702263,-0.00010549
596.27549607,-0.00016852
596.39397102,-0.00012124
596.51244748,-0.00017902
596.63092544,-0.00014225
596.74940490,-0.00015801
596.86788586,-0.00012124
596.98636830,-0.00016326
597.10485223,-0.00011599
597.22333765,-0.00015276
597.34182455,-0.00010549
597.46031293,-0.00014225
597.57880278,-0.00010023
597.69729409,-0.00015801
597.81578688,-0.00010549
597.93428113,-0.00015276
598.05277684,-0.00008448
598.17127401,-0.00015276
598.28977262,-0.00011599
598.40827269,-0.00014225
598.52677421,-0.00010023
598.64527716,-0.00012124
598.76378155,-0.00007922
598.88228738,-0.00014751
599.00079464,-0.00008973
599.11930333,-0.00014751
599.23781344,-0.00009498
599.35632498,-0.00015276
599.47483793,-0.00010549
599.59335229,-0.00014225
599.71186807,-0.00010023
599.83038525,-0.00012124
599.94890383,-0.00008448
600.06742382,-0.00012650
600.18594520,-0.00009498
600.30446797,-0.00012124
600.42299214,-0.00007397
600.54151769,-0.00012124
600.66004462,-0.00008448
600.77857293,-0.00013700
600.89710261,-0.00006872
601.01563367,-0.00012650
601.13416609,-0.00007922
601.25269988,-0.00012650
601.37123503,-0.00006872
601.48977153,-0.00014225
601.60830940,-0.00007397
601.72684861,-0.00011074
601.84538917,-0.00006872
601.96393107,-0.00011599
602.08247431,-0.00006872
602.20101889,-0.00010023
602.31956480,-0.00004771
602.43811204,-0.00010549
602.55666060,-0.00007397
602.67521049,-0.00011074
602.79376170,-0.00007397
602.91231422,-0.00010549
603.03086805,-0.00005821
603.14942319,-0.00012124
603.26797964,-0.00006872
603.38653738,-0.00008973
603.50509643,-0.00005296
603.62365677,-0.00011074
603.74221840,-0.00006347
603.86078131,-0.00008973
603.97934551,-0.00005821
604.09791099,-0.00007397
604.21647775,-0.00005821
604.33504577,-0.00009498
604.45361507,-0.00005296
604.57218564,-0.00013175
604.69075746,-0.00007397
604.80933055,-0.00009498
604.92790489,-0.00004246
605.04648048,-0.00010023
605.16505732,-0.00003720
605.28363540,-0.00010023
605.40221473,-0.00005821
605.52079529,-0.00009498
605.63937709,-0.00005296
605.75796011,-0.00010023
605.87654437,-0.00003720
605.99512985,-0.00007397
606.11371654,-0.00004246
606.23230446,-0.00008448
606.35089359,-0.00003720
606.46948392,-0.00008973
606.58807547,-0.00004771
606.70666821,-0.00007397
606.82526216,-0.00002670
606.94385729,-0.00007922
607.06245363,-0.00004771
607.18105114,-0.00007397
607.29964985,-0.00003720
607.41824973,-0.00006872
607.53685080,-0.00002145
607.65545303,-0.00007397
607.77405644,-0.00003720
607.89266102,-0.00008973
608.01126675,-0.00003720
608.12987365,-0.00008448
608.24848171,-0.00002145
608.36709091,-0.00007922
608.48570127,-0.00007922
608.60431277,-0.00002670
608.72292542,-0.00006347
608.84153920,-0.00001620
608.96015412,-0.00007397
609.07877018,-0.00002670
609.19738736,-0.00006872
609.31600566,-0.00002670
609.43462509,-0.00007397
609.55324563,-0.00002670
609.67186729,-0.00005821
609.79049006,-0.00002145
609.90911393,-0.00008448
610.02773891,-0.00002145
610.14636499,-0.00005296
610.26499217,-0.00002145
610.38362044,-0.00006347
610.50224979,-0.00002145
610.62088024,-0.00006347
610.73951177,-0.00001094
610.85814437,-0.00005296
610.97677805,-0.00001620
611.09541281,-0.00006347
611.21404863,-0.00002145
611.33268552,-0.00006872
611.45132346,-0.00001094
611.56996247,-0.00004246
611.68860253,-0.00000569
611.80724364,-0.00003720
611.92588580,-0.00000569
612.04452900,-0.00005296
612.16317324,-0.00000044
612.28181852,-0.00005296
612.40046483,-0.00001094
612.51911217,-0.00004771
612.63776054,-0.00000569
612.75640993,-0.00004771
612.87506034,-0.00000569
612.99371176,-0.00004771
613.11236420,-0.00001094
613.23101765,-0.00004771
613.34967210,-0.00001619
613.46832755,-0.00005821
613.58698400,-0.00001094
613.70564144,-0.00006872
613.82429987,0.00000481
613.94295930,-0.00004771
614.06161970,-0.00001620
614.18028109,-0.00005296
614.29894345,-0.00000044
614.41760678,-0.00006347
614.53627109,-0.00001094
614.65493636,-0.00005821
614.77360259,0.00001007
614.89226979,-0.00004246
615.01093794,0.00001007
615.12960704,-0.00004246
615.24827709,-0.00000044
615.36694808,-0.00004771
615.48562002,-0.00001620
615.60429289,-0.00004246
615.72296670,-0.00000569
615.84164144,-0.00005296
615.96031710,-0.00000044
616.07899369,-0.00005296
616.19767120,-0.00000569
616.31634963,-0.00004246
616.43502897,0.00000481
616.55370922,-0.00004246
616.67239038,0.00001532
616.79107244,-0.00004246
616.90975540,0.00000481
617.02843925,-0.00004771
617.14712400,0.00000481
617.26580963,-0.00004771
617.38449615,-0.00001094
617.50318355,-0.00005296
617.62187183,-0.00000569
617.74056098,-0.00004771
617.85925101,0.00001007
617.97794190,-0.00005821
618.09663366,-0.00000044
618.21532627,-0.00003720
618.33401975,-0.00000569
618.45271407,-0.00004771
618.57140925,0.00001007
618.69010527,-0.00004246
618.80880214,0.00001532
618.92749984,-0.00002670
619.04619838,0.00000481
619.16489776,-0.00002670
619.28359796,0.00001532
619.40229898,-0.00004771
619.52100083,0.00000481
619.63970350,-0.00004771
619.75840698,0.00001532
619.87711127,-0.00003195
619.99581637,-0.00000569
620.11452227,-0.00004246
620.23322897,0.00001532
620.35193648,-0.00004246
620.47064477,0.00000481
620.58935385,-0.00004246
620.70806372,-0.00000044
620.82677438,-0.00004771
620.94548581,-0.00000044
621.06419802,-0.00004246
621.18291100,-0.00000044
621.30162475,-0.00003720
621.42033926,0.00001007
621.53905454,-0.00004246
621.65777057,0.00001532
621.77648736,-0.00002670
621.89520490,0.00002057
622.01392319,-0.00004246
622.13264222,0.00001532
622.25136199,-0.00004771
622.37008250,0.00001007
622.48880374,-0.00005296
622.60752571,0.00000481
622.72624841,-0.00002670
622.84497183,0.00000481
622.96369598,-0.00004246
623.08242083,0.00000481
623.20114640,-0.00003720
623.31987268,0.00000481
623.43859966,-0.00004771
623.55732735,-0.00000044
623.67605573,-0.00004771
623.79478481,0.00000481
623.91351458,-0.00003195
624.03224504,0.00001007
624.15097618,-0.00002670
624.26970800,0.00002057
624.38844050,-0.00002670
624.50717367,0.00001007
624.62590751,-0.00003720
624.74464202,-0.00000044
624.86337719,-0.00002145
624.98211302,0.00001532
625.10084951,-0.00002145
625.21958665,0.00001532
625.33832444,-0.00000569
625.45706287,0.00002582
625.57580195,-0.00001094
625.69454166,0.00001532
625.81328201,-0.00003195
625.93202299,0.00002057
626.05076459,-0.00002670
626.16950683,0.00003633
626.28824968,-0.00000569
626.40699315,0.00002582
626.52573723,-0.00004771
626.64448192,0.00001007
626.76322722,-0.00002145
626.88197313,0.00003108
627.00071963,-0.00003720
627.11946673,0.00001007
627.23821442,-0.00003195
627.35696270,0.00000481
627.47571156,-0.00001620
627.59446101,0.00003108
627.71321103,-0.00002670
627.83196163,0.00001007
627.95071281,-0.00003195
628.06946454,-0.00000044
628.18821685,-0.00002145
628.30696971,0.00001007
628.42572313,-0.00004246
628.54447711,0.00001007
628.66323163,-0.00003720
628.78198671,0.00002057
628.90074232,-0.00003720
629.01949848,0.00001007
629.13825517,-0.00002145
629.25701239,0.00001532
629.37577014,-0.00003720
629.49452842,0.00002057
629.61328722,-0.00002670
629.73204654,0.00001007
629.85080637,-0.00003195
629.96956671,0.00000481
630.08832757,-0.00003195
630.20708892,0.00001007
630.32585078,-0.00002670
630.44461313,0.00002057
630.56337598,-0.00003195
630.68213932,0.00001532
630.80090315,-0.00004246
630.91966745,0.00002057
631.03843224,-0.00004246
631.15719751,0.00001007
631.27596324,-0.00003720
631.39472945,0.00002057
631.51349612,-0.00003195
631.63226325,-0.00001094
631.75103085,-0.00002670
631.86979889,0.00000481
631.98856739,-0.00002145
632.10733634,0.00001532
632.22610573,-0.00003195
632.34487556,0.00000481
632.46364583,-0.00002145
632.58241653,0.00001007
632.70118766,-0.00003195
632.81995922,0.00002057
632.93873121,-0.00003720
633.05750361,0.00000481
633.17627643,-0.00003195
633.29504966,0.00001532
633.41382330,-0.00002670
633.53259735,-0.00000044
633.65137179,-0.00001094
633.77014664,0.00002057
633.88892188,-0.00004246
634.00769752,0.00001532
634.12647354,-0.00002145
634.24524995,0.00002057
634.36402673,-0.00003195
634.48280390,0.00001007
634.60158143,-0.00003195
634.72035934,0.00000481
634.83913762,-0.00002145
634.95791626,0.00002057
635.07669526,-0.00002670
635.19547461,0.00001532
635.31425432,-0.00002670
635.43303438,0.00001007
635.55181478,-0.00002670
635.67059552,0.00003633
635.78937661,-0.00002145
635.90815802,0.00003108
636.02693977,-0.00003720
636.14572185,0.00000481
636.26450425,-0.00003195
636.38328698,0.00002057
636.50207002,-0.00003195
636.62085337,0.00001532
636.73963704,-0.00002145
636.85842101,0.00001532
636.97720529,-0.00003195
637.09598986,0.00002057
637.21477474,-0.00004246
637.33355990,0.00003108
637.45234535,-0.00002145
637.57113109,0.00002582
637.68991712,-0.00004246
637.80870342,0.00001007
637.92748999,-0.00002670
638.04627684,0.00002582
638.16506396,-0.00003195
638.28385134,0.00001007
638.40263898,-0.00002145
638.52142688,0.00002057
638.64021503,-0.00002670
638.75900343,0.00001532
638.87779208,0.00003108
638.99658098,-0.00001620
639.11537011,0.00002582
639.23415948,-0.00002145
639.35294909,0.00001007
639.47173892,-0.00002145
639.59052898,0.00002582
639.70931926,-0.00002670
639.82810976,0.00001007
639.94690047,-0.00002145
640.06569140,0.00001532
640.18448253,-0.00002145
640.30327387,0.00002057
640.42206541,-0.00003195
640.54085715,0.00003108
640.65964908,-0.00002145
640.77844120,0.00002582
640.89723351,-0.00001094
641.01602601,0.00002057
641.13481868,-0.00004246
641.25361153,0.00002057
641.37240455,-0.00003195
641.49119774,0.00002582
641.60999110,-0.00003720
641.72878462,0.00001532
641.84757830,-0.00003195
641.96637214,-0.00000044
642.08516612,-0.00002670
642.20396026,0.00002582
642.32275454,-0.00004771
642.44154896,0.00000481
642.56034352,-0.00002145
642.67913821,0.00000481
642.79793303,-0.00004771
642.91672798,0.00000481
643.03552306,-0.00002145
643.15431825,0.00001007
643.27311356,-0.00001620
643.39190898,0.00003108
643.51070452,-0.00001620
643.62950015,0.00003108
643.74829590,-0.00002145
643.86709174,0.00001532
643.98588767,-0.00003195
644.10468370,0.00002582
644.22347982,-0.00002145
644.34227602,0.00003633
644.46107230,-0.00002145
644.57986866,0.00002057
644.69866509,-0.00002145
644.81746160,0.00001532
644.93625817,-0.00003195
645.05505480,0.00002057
645.17385150,-0.00003720
645.29264825,0.00001007
645.41144506,-0.00001620
645.53024191,0.00001532
645.64903881,-0.00003195
645.76783576,0.00001532
645.88663274,-0.00004246
646.00542976,0.00001007
646.12422681,-0.00001619
646.24302388,0.00003108
646.36182099,-0.00002670
646.48061811,0.00002582
646.59941525,-0.00004771
646.71821241,0.00002057
646.83700958,-0.00001094
646.95580675,0.00002582
647.07460393,-0.00001619
647.19340111,0.00001532
647.31219828,-0.00003195
647.43099545,0.00003108
647.54979261,-0.00002145
647.66858975,0.00002582
647.78738688,-0.00003195
647.90618399,0.00002582
648.02498107,-0.00003720
648.14377812,0.00002057
648.26257514,-0.00002145
648.38137213,0.00001007
648.50016908,-0.00002670
648.61896598,0.00002582
648.73776285,-0.00003195
648.85655966,0.00001532
648.97535641,-0.00004246
649.09415312,0.00001532
649.21294976,-0.00001094
649.33174634,0.00003108
649.45054285,-0.00004246
649.56933929,0.00002057
649.68813566,-0.00001619
649.80693195,0.00002582
649.92572816,-0.00000569
650.04452429,0.00002582
650.16332033,-0.00001620
650.28211627,0.00003108
650.40091213,-0.00000569
650.51970788,0.00003108
650.63850353,-0.00002670
650.75729908,0.00001532
650.87609451,-0.00002670
650.99488984,0.00002057
651.11368504,-0.00001094
651.23248013,0.00001532
651.35127510,-0.00003720
651.47006993,0.00002057
651.58886464,-0.00004246
651.70765922,0.00002057
651.82645365,-0.00002145
651.94524795,0.00004158
652.06404210,-0.00002145
652.18283611,0.00003108
652.30162996,-0.00002670
652.42042366,0.00000481
652.53921719,-0.00001620
652.65801057,0.00001007
652.77680378,-0.00003195
652.89559683,0.00001007
653.01438970,-0.00002145
653.13318239,0.00002582
653.25197490,-0.00002145
653.37076724,0.00001532
653.48955938,-0.00002670
653.60835134,0.00002582
653.72714310,-0.00003195
653.84593466,0.00002582
653.96472602,-0.00001619
654.08351718,0.00002057
654.20230813,-0.00003195
654.32109887,0.00002057
654.43988940,-0.00001620
654.55867970,0.00003108
654.67746979,-0.00002145
654.79625965,0.00001532
654.91504928,-0.00001620
655.03383867,0.00001007
655.15262784,-0.00003195
655.27141676,0.00002582
655.39020544,-0.00002145
655.50899387,0.00001007
655.62778205,-0.00003195
655.74656998,0.00003108
655.86535765,-0.00003195
655.98414506,0.00002057
656.10293221,-0.00001094
656.22171909,0.00003108
656.34050570,-0.00003720
656.45929203,0.00001532
656.57807809,-0.00001094
656.69686386,0.00003633
656.81564935,-0.00002670
656.93443454,0.00002582
657.05321945,-0.00002670
657.17200406,0.00004683
657.29078837,-0.00002145
657.40957238,0.00001532
657.52835608,-0.00002145
657.64713947,0.00002582
657.76592255,-0.00002670
657.88470531,0.00002582
658.00348775,-0.00003720
658.12226987,0.00002582
658.24105166,-0.00002670
658.35983311,0.00002057
658.47861424,-0.00003720
658.59739502,0.00002582
658.71617546,-0.00002145
658.83495556,0.00003108
658.95373531,-0.00002145
659.07251471,0.00000481
659.19129375,-0.00003195
659.31007243,0.00001007
659.42885075,-0.00001620
659.54762870,0.00001007
659.66640628,-0.00001620
659.78518349,0.00002057
659.90396032,-0.00002670
660.02273677,0.00003108
660.14151284,-0.00002670
660.26028852,0.00002582
660.37906380,-0.00002670
660.49783870,0.00002582
660.61661319,-0.00002145
660.73538729,0.00001007
660.85416097,-0.00001619
660.97293425,0.00003108
661.09170712,-0.00000569
661.21047957,0.00002057
661.32925161,-0.00003720
661.44802321,0.00002582
661.56679440,-0.00001620
661.68556515,0.00001532
661.80433547,-0.00002145
661.92310535,0.00001532
662.04187480,-0.00001619
662.16064379,0.00002057
662.27941234,-0.00003720
662.39818044,0.00002582
662.51694809,-0.00002670
662.63571528,0.00001532
662.75448200,-0.00003720
662.87324826,0.00002582
662.99201406,-0.00002670
663.11077937,0.00001532
663.22954422,-0.00001619
663.34830858,0.00002057
663.46707246,-0.00003720
663.58583586,0.00003108
663.70459877,-0.00002145
663.82336118,0.00002057
663.94212309,-0.00004246
664.06088451,0.00001007
664.17964542,-0.00002670
664.29840582,0.00001532
664.41716572,-0.00002145
664.53592510,0.00002582
664.65468396,-0.00003195
664.77344229,0.00002057
664.89220011,-0.00004246
665.01095739,-0.00001094
665.12971415,-0.00001620
665.24847036,0.00002057
665.36722604,-0.00002145
665.48598118,0.00001007
665.60473577,-0.00002670
665.72348981,0.00001007
665.84224329,-0.00003720
665.96099622,0.00002057
666.07974859,-0.00003720
666.19850040,0.00001532
666.31725163,-0.00001619
666.43600230,0.00000481
666.55475239,-0.00001619
666.67350191,0.00001532
666.79225084,-0.00003720
666.91099919,0.00001007
667.02974695,-0.00002670
667.14849412,0.00002057
667.26724069,-0.00002145
667.38598666,0.00001007
667.50473203,-0.00002670
667.62347680,0.00001532
667.74222095,-0.00002145
667.86096449,0.00002057
667.97970742,-0.00004771
668.09844972,0.00002057
668.21719140,-0.00001619
668.33593246,0.00002582
668.45467288,-0.00002145
668.57341267,0.00002057
668.69215182,-0.00004246
668.81089033,0.00001532
668.92962819,-0.00003195
669.04836540,0.00003108
669.16710197,-0.00002145
669.28583788,-0.00001620
669.40457312,0.00002582
669.52330771,-0.00003195
669.64204163,0.00001007
669.76077488,-0.00004246
669.87950746,0.00002582
669.99823936,-0.00003195
670.11697058,0.00001532
670.23570112,-0.00002670
670.35443097,0.00003633
670.47316013,-0.00003195
670.59188859,0.00002057
670.71061636,-0.00002670
670.82934342,0.00003633
670.94806978,-0.00003720
671.06679544,0.00001532
671.18552038,-0.00003195
671.30424460,0.00003633
671.42296811,-0.00003195
671.54169089,0.00003633
671.66041295,-0.00003195
671.77913428,0.00002057
671.89785487,-0.00002145
672.01657473,0.00001532
672.13529385,-0.00002145
672.25401222,0.00003108
672.37272985,-0.00002145
672.49144673,0.00002057
672.61016285,-0.00002670
672.72887821,0.00001532
672.84759282,-0.00003195
672.96630666,0.00003108
673.08501973,-0.00002670
673.20373203,0.00000481
673.32244355,-0.00004246
673.44115429,0.00000481
673.55986426,-0.00001094
673.67857343,0.00001007
673.79728182,-0.00003195
673.91598941,0.00002057
674.03469621,-0.00003195
674.15340220,0.00001007
674.27210740,-0.00003195
674.39081178,0.00001532
674.50951536,-0.00002670
674.62821812,0.00003633
674.74692007,-0.00000569
674.86562119,0.00002582
674.98432149,-0.00000569
675.10302096,0.00002582
675.22171959,-0.00001620
675.34041740,0.00002582
675.45911436,-0.00003195
675.57781048,0.00002582
675.69650576,-0.00002145
675.81520018,0.00003633
675.93389376,-0.00001094
676.05258647,0.00002582
676.17127833,-0.00002670
676.28996932,0.00002582
676.40865945,-0.00004246
676.52734870,0.00001532
676.64603709,-0.00003195
676.76472459,0.00001532
676.88341121,-0.00003720
677.00209695,0.00002582
677.12078180,-0.00003195
677.23946576,-0.00000044
677.35814882,-0.00003720
677.47683099,0.00002057
677.59551225,-0.00003195
677.71419261,0.00000481
677.83287205,-0.00002670
677.95155059,0.00001532
678.07022821,-0.00004246
678.18890490,0.00001007
678.30758068,-0.00003195
678.42625552,0.00003108
678.54492944,-0.00002670
678.66360242,0.00003633
678.78227447,-0.00004246
678.90094557,0.00003108
679.01961573,-0.00002670
679.13828495,0.00003633
679.25695321,-0.00002145
679.37562051,0.00002582
679.49428686,-0.00002670
679.61295224,0.00002057
679.73161666,0.00000481
679.85028011,0.00003108
679.96894259,-0.00001619
680.08760409,0.00001007
680.20626461,-0.00002145
680.32492414,0.00003633
680.44358269,-0.00001620
680.56224025,0.00001007
680.68089682,-0.00002670
680.79955239,0.00003633
680.91820695,-0.00002670
681.03686051,0.00001532
681.15551307,-0.00003195
681.27416461,0.00002057
681.39281514,-0.00002670
681.51146465,0.00002057
681.63011314,-0.00001094
681.74876060,0.00003633
681.86740703,-0.00002145
681.98605243,0.00002582
682.10469679,-0.00003720
682.22334012,0.00002057
682.34198240,-0.00001620
682.46062363,0.00001532
682.57926381,-0.00003720
682.69790294,0.00002582
682.81654101,-0.00002145
682.93517803,0.00002057
683.05381397,-0.00002145
683.17244885,0.00001532
683.29108266,-0.00003195
683.40971539,0.00002057
683.52834704,-0.00002670
683.64697761,0.00002582
683.76560710,-0.00003195
683.88423550,0.00003633
684.00286280,-0.00004246
684.12148901,0.00002057
684.24011412,-0.00003720
684.35873812,0.00002057
684.47736102,-0.00004246
684.59598281,0.00002582
684.71460348,-0.00001620
684.83322304,0.00003108
684.95184147,-0.00002670
685.07045879,0.00001532
685.18907497,-0.00002145
685.30769002,0.00001532
685.42630394,-0.00003195
685.54491672,0.00002582
685.66352836,-0.00002670
685.78213885,0.00002582
685.90074819,-0.00003195
686.01935638,0.00002582
686.13796341,-0.00002145
686.25656929,0.00002582
686.37517400,-0.00003195
686.49377754,0.00002582
686.61237991,-0.00001094
686.73098111,0.00003108
686.84958114,-0.00003720
686.96817998,0.00003108
687.08677764,-0.00003195
687.20537411,0.00002057
687.32396939,-0.00003720
687.44256347,0.00002582
687.56115636,-0.00001620
687.67974804,0.00001007
687.79833852,-0.00002145
687.91692779,0.00000481
688.03551584,-0.00001619
688.15410268,0.00001532
688.27268830,-0.00001094
688.39127270,0.00001007
688.50985587,-0.00002670
688.62843781,0.00002057
688.74701852,-0.00001619
688.86559799,0.00001532
688.98417622,-0.00002145
689.10275321,0.00002057
689.22132894,-0.00002670
689.33990343,0.00003108
689.45847666,-0.00001619
689.57704864,0.00001532
689.69561935,-0.00002145
689.81418879,0.00003108
689.93275697,-0.00004771
690.05132387,0.00002582
690.16988950,-0.00002670
690.28845385,0.00002057
690.40701692,-0.00003720
690.52557870,0.00002057
690.64413919,-0.00003195
690.76269838,0.00002582
690.88125628,-0.00003720
690.99981288,0.00001007
691.11836817,-0.00001094
691.23692216,0.00004683
691.35547483,-0.00003720
691.47402619,0.00001007
691.59257624,-0.00002145
691.71112496,0.00001007
691.82967235,-0.00003195
691.94821842,0.00001532
692.06676315,-0.00002145
692.18530655,0.00004683
692.30384861,-0.00002145
692.42238932,0.00002582
692.54092869,-0.00003195
692.65946671,0.00000481
692.77800338,-0.00002670
692.89653869,0.00003108
693.01507263,-0.00003195
693.13360522,0.00002057
693.25213643,-0.00001094
693.37066628,0.00001007
693.48919475,-0.00002145
693.60772184,0.00001007
693.72624755,-0.00003720
693.84477188,0.00002057
693.96329481,-0.00002670
694.08181636,0.00002582
694.20033650,-0.00001619
694.31885525,-0.00001094
694.43737260,-0.00002670
694.55588854,0.00002057
694.67440307,-0.00003195
694.79291619,0.00001007
694.91142788,-0.00003720
695.02993816,0.00001532
695.14844702,-0.00001620
695.26695445,0.00002582
695.38546044,-0.00003195
695.50396500,0.00002057
695.62246813,-0.00003195
695.74096981,0.00003633
695.85947004,-0.00003720
695.97796883,0.00003633
696.09646617,-0.00003195
696.21496205,0.00002057
696.33345647,-0.00002145
696.45194943,0.00002582
696.57044092,-0.00003195
696.68893094,0.00001007
696.80741949,-0.00002670
696.92590656,0.00002057
697.04439215,-0.00005296
697.16287626,0.00002582
697.28135888,-0.00002670
697.39984000,0.00002582
697.51831964,-0.00004246
697.63679777,0.00002057
697.75527441,-0.00003720
697.87374954,0.00002057
697.99222316,-0.00002670
698.11069527,0.00002057
698.22916586,-0.00004246
698.34763493,0.00002582
698.46610248,-0.00002670
698.58456851,0.00002582
698.70303300,-0.00003195
698.82149596,0.00002582
698.93995739,-0.00004246
699.05841727,0.00002057
699.17687561,-0.00002145
699.29533241,0.00002582
699.41378765,-0.00001620
699.53224134,0.00002582
699.65069347,0.00003633
699.76914403,-0.00002145
699.88759304,0.00003633
700.00604047,-0.00003720
700.12448633,0.00001007
700.24293062,-0.00003195
700.36137333,0.00002582
700.47981445,-0.00003195
700.59825399,0.00002057
700.71669194,-0.00003195
700.83512830,0.00000481
700.95356305,-0.00002670
701.07199621,0.00002582
701.19042777,-0.00003720
701.30885772,0.00003108
701.42728605,-0.00002145
701.54571277,0.00001532
701.66413788,-0.00001620
701.78256136,0.00002057
701.90098322,-0.00001094
702.01940345,0.00002582
702.13782205,-0.00002670
702.25623901,0.00003108
702.37465433,-0.00002670
702.49306801,0.00002057
702.61148004,-0.00001620
702.72989043,0.00001007
702.84829916,-0.00004246
702.96670623,0.00002057
703.08511165,-0.00002670
703.20351540,0.00002582
703.32191748,-0.00002670
703.44031790,0.00002582
703.55871663,-0.00002145
703.67711369,0.00002057
703.79550907,-0.00002145
703.91390277,0.00000481
704.03229477,-0.00001094
704.15068509,0.00002057
704.26907370,-0.00004246
704.38746062,0.00001007
704.50584584,-0.00002145
704.62422935,0.00002057
704.74261115,-0.00002670
704.86099124,0.00001532
704.97936961,-0.00002670
705.09774626,0.00002057
705.21612119,-0.00001620
705.33449439,0.00002057
705.45286586,-0.00003195
705.57123559,0.00002057
705.68960359,-0.00003195
705.80796985,0.00001532
705.92633436,-0.00002670
706.04469712,0.00002582
706.16305813,-0.00002145
706.28141739,0.00002582
706.39977489,-0.00002145
706.51813062,0.00001532
706.63648459,-0.00005821
706.75483679,0.00004158
706.87318721,-0.00003195
706.99153586,0.00001532
707.10988273,-0.00000044
707.22822782,0.00002582
707.34657112,-0.00000569
707.46491262,0.00001532
707.58325234,-0.00001094
707.70159025,0.00001532
707.81992637,-0.00002145
707.93826068,0.00002582
708.05659318,-0.00002670
708.17492387,0.00001007
708.29325274,-0.00003720
708.41157980,0.00002582
708.52990503,-0.00002145
708.64822844,0.00001007
708.76655002,-0.00003195
708.88486976,0.00001532
709.00318767,-0.00003195
709.12150374,0.00000481
709.23981796,-0.00002145
709.35813034,0.00001007
709.47644087,-0.00002670
709.59474954,0.00001532
709.71305636,-0.00003720
709.83136131,0.00000481
709.94966440,-0.00002145
710.06796562,0.00002582
710.18626497,-0.00003720
710.30456245,0.00002057
710.42285804,-0.00003195
710.54115175,0.00003108
710.65944358,-0.00002145
710.77773352,0.00002582
710.89602156,-0.00001620
711.01430771,0.00001532
711.13259196,-0.00003195
711.25087431,0.00001532
711.36915474,-0.00003195
711.48743327,0.00002582
711.60570989,-0.00002670
711.72398458,0.00002057
711.84225736,-0.00002145
711.96052821,0.00003108
712.07879713,-0.00003195
712.19706412,0.00001532
712.31532918,-0.00003720
712.43359229,0.00001532
712.55185347,-0.00003720
712.67011270,0.00003108
712.78836997,-0.00001619
712.90662530,0.00002582
713.02487867,-0.00002145
713.14313008,0.00002582
713.26137953,-0.00001094
713.37962701,0.00003633
713.49787252,-0.00002670
713.61611605,0.00001532
713.73435761,-0.00000569
713.85259719,0.00001532
713.97083478,-0.00001619
714.08907039,0.00001532
714.20730400,-0.00002145
714.32553562,0.00001532
714.44376523,-0.00003195
714.56199285,0.00002057
714.68021846,-0.00002670
714.79844206,0.00001532
714.91666365,-0.00002670
715.03488323,0.00001532
715.15310078,-0.00001094
715.27131631,0.00000481
715.38952981,-0.00002145
715.50774128,0.00001007
715.62595072,-0.00004246
715.74415812,0.00003108
715.86236348,-0.00002145
715.98056680,0.00001007
716.09876807,-0.00002670
716.21696728,0.00003108
716.33516444,-0.00002670
716.45335955,0.00002582
716.57155259,-0.00002670
716.68974356,0.00004683
716.80793247,-0.00002670
716.92611930,0.00001007
717.04430406,-0.00001094
717.16248673,0.00002057
717.28066733,-0.00003195
717.39884583,0.00001007
717.51702225,-0.00001094
717.63519657,0.00003108
717.75336880,-0.00002670
717.87153892,-0.00001094
717.98970694,-0.00003195
718.10787286,0.00002057
718.22603666,-0.00002145
718.34419834,0.00002582
718.46235791,-0.00004246
718.58051535,0.00003108
718.69867067,-0.00002145
718.81682386,0.00002582
718.93497492,-0.00002145
719.05312384,0.00003108
719.17127062,-0.00003195
719.28941526,0.00003108
719.40755776,-0.00002145
719.52569810,0.00001532
719.64383629,-0.00001620
719.76197232,0.00003108
719.88010619,-0.00002670
719.99823789,0.00002057
720.11636743,-0.00002670
720.23449480,0.00001532
720.35261999,-0.00002670
720.47074300,0.00001007
720.58886383,-0.00003720
720.70698248,0.00003633
720.82509893,-0.00003195
720.94321320,0.00001007
721.06132527,-0.00002670
721.17943513,0.00003108
721.29754280,-0.00002145
721.41564826,0.00001532
721.53375151,-0.00002670
721.65185254,0.00003108
721.76995136,-0.00002145
721.88804795,0.00003108
722.00614233,-0.00001620
722.12423447,0.00001532
722.24232438,-0.00000569
722.36041206,0.00002057
722.47849750,-0.00003195
722.59658070,0.00001007
722.71466165,-0.00003720
722.83274036,0.00002582
722.95081681,-0.00002145
723.06889100,0.00002057
723.18696294,-0.00001094
723.30503261,0.00001007
723.42310002,-0.00002670
723.54116515,0.00003633
723.65922802,-0.00001094
723.77728860,0.00003633
723.89534691,-0.00001620
724.01340293,0.00001532
724.13145666,-0.00001094
724.24950810,0.00003108
724.36755725,-0.00002145
724.48560410,0.00001007
724.60364864,-0.00001094
724.72169088,0.00002057
724.83973081,-0.00002145
724.95776843,0.00003108
725.07580374,-0.00002670
725.19383672,0.00000481
725.31186738,-0.00003195
725.42989572,0.00003108
725.54792172,-0.00003720
725.66594540,0.00002582
725.78396673,-0.00003195
725.90198572,0.00001532
726.02000237,-0.00003720
726.13801667,0.00001532
726.25602862,-0.00003195
726.37403822,0.00003108
726.49204546,-0.00003195
726.61005033,0.00002582
726.72805284,-0.00003720
726.84605299,0.00002057
726.96405076,-0.00002670
727.08204615,0.00002057
727.20003916,-0.00003720
727.31802979,0.00003108
727.43601804,-0.00001094
727.55400389,0.00002057
727.67198736,-0.00003195
727.78996842,0.00002057
727.90794708,-0.00003195
728.02592334,0.00004683
728.14389720,-0.00000569
728.26186864,0.00001532
728.37983766,-0.00003195
728.49780427,0.00001532
728.61576846,-0.00002145
728.73373022,0.00002582
728.85168955,-0.00001094
728.96964645,0.00001007
729.08760092,-0.00001620
729.20555294,0.00002582
729.32350252,-0.00003720
729.44144966,0.00002582
729.55939435,-0.00003720
729.67733658,0.00002057
729.79527635,-0.00003195
729.91321367,-0.00000044
730.03114852,-0.00005296
730.14908090,-0.00002670
730.26701082,0.00003108
730.38493825,-0.00000569
730.50286321,0.00002057
730.62078569,-0.00003195
730.73870569,0.00002582
730.85662319,-0.00003195
730.97453820,0.00002057
731.09245072,-0.00002670
731.21036074,0.00001532
731.32826825,-0.00002145
731.44617326,-0.00000044
731.56407576,-0.00002670
731.68197574,0.00001532
731.79987321,-0.00003720
731.91776816,0.00000481
732.03566058,-0.00003720
732.15355048,0.00002582
732.27143785,-0.00004246
732.38932268,0.00001007
732.50720497,-0.00003195
732.62508472,0.00003108
732.74296193,-0.00002670
732.86083658,0.00001532
732.97870869,-0.00002145
733.09657824,0.00001532
733.21444523,-0.00003195
733.33230966,0.00001532
733.45017152,-0.00001620
733.56803081,0.00001007
733.68588753,-0.00002145
733.80374167,0.00002057
733.92159323,-0.00004246
734.03944221,0.00002057
734.15728860,-0.00003195
734.27513240,0.00002057
734.39297361,-0.00001620
734.51081221,0.00001532
734.62864822,-0.00002670
734.74648162,0.00003108
734.86431241,-0.00003195
734.98214059,-0.00002145
735.09996616,-0.00002145
735.21778910,0.00002057
735.33560942,-0.00001094
735.45342712,0.00001007
735.57124219,-0.00002670
735.68905462,0.00002057
735.80686442,-0.00003195
735.92467157,0.00001532
736.04247609,-0.00002670
736.16027795,0.00001532
736.27807717,-0.00001620
736.39587373,0.00001007
736.51366763,-0.00002145
736.63145887,0.00003108
736.74924745,-0.00000044
736.86703335,0.00003108
736.98481659,-0.00002670
737.10259715,0.00002057
737.22037503,-0.00002670
737.33815023,-0.00000044
737.45592274,-0.00002670
737.57369256,0.00002057
737.69145969,-0.00004246
737.80922413,0.00001007
737.92698586,-0.00003720
738.04474489,0.00001007
738.16250121,-0.00003195
738.28025482,0.00003108
738.39800572,-0.00004771
738.51575389,0.00002057
738.63349935,-0.00002145
738.75124208,0.00002582
738.86898209,-0.00003720
738.98671936,0.00001532
739.10445390,-0.00002145
739.22218570,0.00000481
739.33991475,-0.00004771
739.45764106,0.00001532
739.57536462,-0.00003195
739.69308543,0.00002057
739.81080348,-0.00002670
739.92851877,0.00002582
740.04623129,-0.00003720
740.16394105,0.00003108
740.28164804,-0.00003720
740.39935226,0.00002057
740.51705369,-0.00000044
740.63475235,0.00005734
740.75244822,0.00001007
740.87014130,0.00004683
740.98783159,0.00000481
741.10551908,0.00004683
