Distance [mm] - Plot 0,Amplitude [mV] - Plot 0
0,471
0.009,468
0.019,472
0.028,469
0.038,473
0.047,469
0.056,474
0.066,470
0.075,479
0.084,472
0.094,475
0.103,473
0.112,472
0.122,472
0.131,474
0.141,473
0.15,475
0.159,477
0.169,473
0.178,473
0.187,475
0.197,468
0.206,467
0.216,469
0.225,469
0.234,468
0.244,469
0.253,472
0.262,469
0.272,472
0.281,469
0.291,470
0.3,466
0.309,470
0.319,468
0.328,470
0.338,468
0.347,472
0.356,465
0.366,469
0.375,466
0.384,469
0.394,464
0.403,470
0.413,465
0.422,472
0.431,467
0.441,470
0.45,464
0.459,469
0.469,464
0.478,468
0.488,464
0.497,469
0.506,461
0.516,469
0.525,461
0.534,468
0.544,462
0.553,469
0.563,462
0.572,469
0.581,464
0.591,470
0.6,465
0.609,470
0.619,464
0.628,469
0.638,465
0.647,469
0.656,464
0.666,469
0.675,461
0.684,466
0.694,460
0.703,469
0.713,463
0.722,469
0.731,464
0.741,468
0.75,464
0.759,463
0.769,461
0.778,464
0.788,462
0.797,464
0.806,462
0.816,463
0.825,461
0.834,462
0.844,461
0.853,461
0.863,464
0.872,464
0.881,464
0.891,463
0.9,464
0.909,462
0.919,465
0.928,463
0.938,464
0.947,462
0.956,464
0.966,461
0.975,466
0.984,460
0.994,462
1.003,457
1.013,463
1.022,459
1.031,462
1.041,459
1.05,464
1.059,459
1.069,466
1.078,459
1.087,465
1.097,459
1.106,464
1.116,459
1.125,465
1.134,461
1.144,465
1.153,458
1.162,464
1.172,456
1.181,465
1.191,454
1.2,461
1.209,450
1.219,459
1.228,452
1.237,460
1.247,452
1.256,458
1.266,449
1.275,455
1.284,450
1.294,457
1.303,449
1.312,454
1.322,449
1.331,453
1.341,448
1.35,452
1.359,449
1.369,449
1.378,450
1.388,451
1.397,449
1.406,450
1.416,448
1.425,450
1.434,448
1.444,450
1.453,449
1.462,450
1.472,448
1.481,450
1.491,449
1.5,449
1.509,448
1.519,449
1.528,446
1.538,447
1.547,450
1.556,448
1.566,443
1.575,446
1.584,445
1.594,441
1.603,442
1.612,440
1.622,440
1.631,441
1.641,444
1.65,441
1.659,441
1.669,438
1.678,441
1.687,436
1.697,442
1.706,436
1.716,443
1.725,437
1.734,442
1.744,435
1.753,442
1.763,434
1.772,437
1.781,433
1.791,441
1.8,436
1.809,440
1.819,433
1.828,437
1.837,435
1.847,439
1.856,433
1.866,441
1.875,431
1.884,440
1.894,431
1.903,443
1.913,432
1.922,442
1.931,432
1.941,441
1.95,434
1.959,438
1.969,432
1.978,438
1.987,432
1.997,437
2.006,430
2.016,436
2.025,431
2.034,436
2.044,433
2.053,440
2.062,431
2.072,440
2.081,435
2.091,441
2.1,435
2.109,440
2.119,435
2.128,443
2.138,435
2.147,440
2.156,436
2.166,441
2.175,434
2.184,439
2.194,433
2.203,435
2.213,432
2.222,432
2.231,428
2.241,430
2.25,432
2.259,430
2.269,431
2.278,432
2.287,431
2.297,432
2.306,434
2.316,432
2.325,432
2.334,430
2.344,430
2.353,431
2.362,431
2.372,425
2.381,428
2.391,425
2.4,428
2.409,427
2.419,428
2.428,424
2.437,429
2.447,423
2.456,429
2.466,425
2.475,430
2.484,425
2.494,430
2.503,429
2.513,428
2.522,429
2.531,430
2.541,430
2.55,430
2.559,427
2.569,430
2.578,424
2.588,430
2.597,421
2.606,429
2.616,420
2.625,430
2.634,421
2.644,430
2.653,424
2.662,432
2.672,425
2.681,431
2.691,424
2.7,430
2.709,423
2.719,430
2.728,423
2.737,431
2.747,420
2.756,428
2.766,421
2.775,426
2.784,420
2.794,427
2.803,421
2.812,425
2.822,420
2.831,427
2.841,425
2.85,428
2.859,422
2.869,428
2.878,415
2.888,420
2.897,417
2.906,422
2.916,419
2.925,422
2.934,416
2.944,424
2.953,418
2.963,422
2.972,416
2.981,420
2.991,420
3,418
3.009,420
3.019,421
3.028,420
3.037,418
3.047,417
3.056,414
3.066,417
3.075,418
3.084,421
3.094,420
3.103,419
3.112,413
3.122,417
3.131,416
3.141,421
3.15,420
3.159,421
3.169,416
3.178,418
3.187,411
3.197,418
3.206,412
3.216,419
3.225,410
3.234,411
3.244,406
3.253,412
3.263,407
3.272,419
3.281,406
3.291,410
3.3,408
3.309,412
3.319,406
3.328,416
3.338,407
3.347,414
3.356,406
3.366,411
3.375,406
3.384,413
3.394,407
3.403,410
3.412,402
3.422,409
3.431,402
3.441,408
3.45,406
3.459,410
3.469,405
3.478,407
3.487,402
3.497,406
3.506,403
3.516,407
3.525,403
3.534,408
3.544,401
3.553,402
3.562,396
3.572,402
3.581,395
3.591,400
3.6,393
3.609,397
3.619,392
3.628,397
3.638,389
3.647,396
3.656,391
3.666,393
3.675,389
3.684,392
3.694,392
3.703,395
3.713,395
3.722,396
3.731,397
3.741,396
3.75,394
3.759,395
3.769,395
3.778,392
3.787,394
3.797,391
3.806,395
3.816,390
3.825,392
3.834,388
3.844,394
3.853,387
3.862,387
3.872,387
3.881,388
3.891,386
3.9,387
3.909,387
3.919,389
3.928,388
3.937,386
3.947,382
3.956,387
3.966,381
3.975,387
3.984,382
3.994,386
4.003,381
4.013,387
4.022,382
4.031,391
4.041,388
4.05,390
4.059,382
4.069,386
4.078,381
4.088,385
4.097,381
4.106,385
4.116,377
4.125,380
4.134,372
4.144,381
4.153,373
4.163,377
4.172,371
4.181,377
4.191,370
4.2,380
4.209,373
4.219,385
4.228,380
4.238,386
4.247,378
4.256,381
4.266,371
4.275,379
4.284,373
4.294,376
4.303,370
4.313,371
4.322,370
4.331,376
4.341,372
4.35,376
4.359,372
4.369,376
4.378,372
4.388,377
4.397,372
4.406,375
4.416,373
4.425,374
4.434,372
4.444,372
4.453,367
4.463,366
4.472,366
4.481,363
4.491,362
4.5,359
4.509,359
4.519,358
4.528,358
4.538,358
4.547,361
4.556,358
4.566,360
4.575,359
4.584,365
4.594,359
4.603,360
4.613,358
4.622,362
4.631,358
4.641,364
4.65,358
4.659,365
4.669,354
4.678,365
4.688,357
4.697,365
4.706,357
4.716,368
4.725,357
4.734,366
4.744,356
4.753,363
4.763,349
4.772,360
4.781,347
4.791,358
4.8,348
4.809,357
4.819,349
4.828,358
4.838,348
4.847,356
4.856,347
4.866,356
4.875,348
4.884,356
4.894,347
4.903,353
4.913,347
4.922,356
4.931,347
4.941,357
4.95,348
4.959,354
4.969,347
4.978,352
4.988,347
4.997,352
5.006,346
5.016,348
5.025,347
5.034,348
5.044,348
5.053,346
5.063,343
5.072,348
5.081,341
5.091,347
5.1,342
5.109,347
5.119,342
5.128,348
5.138,342
5.147,347
5.156,346
5.166,346
5.175,347
5.184,345
5.194,346
5.203,346
5.213,345
5.222,345
5.231,346
5.241,346
5.25,344
5.259,345
5.269,346
5.278,342
5.288,346
5.297,342
5.306,346
5.316,341
5.325,342
5.334,343
5.344,345
5.353,340
5.363,343
5.372,341
5.381,343
5.391,341
5.4,346
5.409,339
5.419,346
5.428,336
5.438,343
5.447,339
5.456,344
5.466,337
5.475,346
5.484,336
5.494,346
5.503,335
5.513,344
5.522,335
5.531,344
5.541,335
5.55,344
5.559,332
5.569,343
5.578,334
5.588,341
5.597,332
5.606,342
5.616,335
5.625,339
5.634,332
5.644,347
5.653,327
5.663,335
5.672,328
5.681,335
5.691,327
5.7,333
5.709,326
5.719,332
5.728,326
5.738,330
5.747,326
5.756,329
5.766,322
5.775,326
5.784,324
5.794,328
5.803,321
5.813,327
5.822,321
5.831,329
5.841,320
5.85,325
5.859,319
5.869,327
5.878,320
5.888,325
5.897,320
5.906,324
5.916,319
5.925,324
5.934,319
5.944,325
5.953,322
5.963,322
5.972,323
5.981,323
5.991,326
6,322
6.009,324
6.019,322
6.028,324
6.038,322
6.047,324
6.056,315
6.066,324
6.075,317
6.084,323
6.094,316
6.103,320
6.113,316
6.122,323
6.131,314
6.141,321
6.15,313
6.159,318
6.169,309
6.178,318
6.188,308
6.197,319
6.206,308
6.216,318
6.225,308
6.234,318
6.244,310
6.253,317
6.263,310
6.272,320
6.281,309
6.291,319
6.3,310
6.309,319
6.319,308
6.328,320
6.338,311
6.347,315
6.356,310
6.366,318
6.375,307
6.384,316
6.394,308
6.403,316
6.413,311
6.422,317
6.431,308
6.441,317
6.45,310
6.459,316
6.469,309
6.478,318
6.488,310
6.497,316
6.506,310
6.516,317
6.525,312
6.534,317
6.544,323
6.553,316
6.563,309
6.572,319
6.581,311
6.591,322
6.6,311
6.609,317
6.619,316
6.628,317
6.638,308
6.647,312
6.656,310
6.666,312
6.675,308
6.684,311
6.694,310
6.703,308
6.713,308
6.722,307
6.731,307
6.741,309
6.75,308
6.759,308
6.769,306
6.778,308
6.788,308
6.797,307
6.806,309
6.816,308
6.825,309
6.834,305
6.844,317
6.853,308
6.863,308
6.872,306
6.881,308
6.891,307
6.9,308
6.909,307
6.919,309
6.928,308
6.938,309
6.947,305
6.956,310
6.966,307
6.975,311
6.984,307
6.994,315
7.003,306
7.013,312
7.022,308
7.031,312
7.041,305
7.05,309
7.059,306
7.069,311
7.078,306
7.088,308
7.097,305
7.106,309
7.116,305
7.125,308
7.134,305
7.144,309
7.153,305
7.163,309
7.172,305
7.181,310
7.191,304
7.2,310
7.209,307
7.219,308
7.228,307
7.238,308
7.247,307
7.256,315
7.266,307
7.275,310
7.284,309
7.294,310
7.303,309
7.313,309
7.322,308
7.331,309
7.341,309
7.35,306
7.359,308
7.369,308
7.378,306
7.388,307
7.397,309
7.406,309
7.416,317
7.425,308
7.434,309
7.444,306
7.453,311
7.463,309
7.472,310
7.481,307
7.491,309
7.5,310
7.509,310
7.519,308
7.528,311
7.538,307
7.547,309
7.556,308
7.566,312
7.575,307
7.584,312
7.594,308
7.603,311
7.613,309
7.622,312
7.631,308
7.641,325
7.65,310
7.659,314
7.669,308
7.678,316
7.688,308
7.697,316
7.706,307
7.716,323
7.725,310
7.734,317
7.744,310
7.753,323
7.763,309
7.772,316
7.781,308
7.791,317
7.8,306
7.809,317
7.819,308
7.828,319
7.838,308
7.847,320
7.856,310
7.866,320
7.875,312
7.884,321
7.894,317
7.903,323
7.913,315
7.922,322
7.931,317
7.941,324
7.95,317
7.959,323
7.969,319
7.978,322
7.988,318
7.997,320
8.006,314
8.016,318
8.025,310
8.034,321
8.044,323
8.053,315
8.062,311
8.072,319
8.081,316
8.091,317
8.1,319
8.109,318
8.119,320
8.128,321
8.137,315
8.147,320
8.156,319
8.166,317
8.175,319
8.184,319
8.194,319
8.203,319
8.212,322
8.222,319
8.231,324
8.241,319
8.25,322
8.259,316
8.269,323
8.278,319
8.288,321
8.297,318
8.306,320
8.316,317
8.325,326
8.334,318
8.344,325
8.353,320
8.362,326
8.372,321
8.381,327
8.391,323
8.4,327
8.409,318
8.419,327
8.428,325
8.437,330
8.447,327
8.456,335
8.466,329
8.475,337
8.484,331
8.494,334
8.503,328
8.512,331
8.522,322
8.531,328
8.541,326
8.55,328
8.559,324
8.569,328
8.578,325
8.587,329
8.597,326
8.606,331
8.616,328
8.625,336
8.634,328
8.644,332
8.653,329
8.663,332
8.672,330
8.681,337
8.691,332
8.7,340
8.709,331
8.719,340
8.728,333
8.737,340
8.747,335
8.756,339
8.766,334
8.775,341
8.784,333
8.794,342
8.803,338
8.812,343
8.822,342
8.831,347
8.841,345
8.85,344
8.859,343
8.869,343
8.878,343
8.887,341
8.897,344
8.906,342
8.916,342
8.925,337
8.934,341
8.944,346
8.953,343
8.962,340
8.972,343
8.981,343
8.991,348
9,347
9.009,347
9.019,347
9.028,348
9.038,344
9.047,349
9.056,349
9.066,352
9.075,348
9.084,358
9.094,348
9.103,353
9.112,347
9.122,351
9.131,348
9.141,355
9.15,347
9.159,352
9.169,346
9.178,356
9.187,348
9.197,353
9.206,349
9.216,356
9.225,348
9.234,356
9.244,348
9.253,356
9.262,349
9.272,357
9.281,347
9.291,357
9.3,347
9.309,357
9.319,349
9.328,358
9.337,349
9.347,358
9.356,347
9.366,358
9.375,348
9.384,356
9.394,347
9.403,354
9.413,348
9.422,349
9.431,349
9.441,355
9.45,347
9.459,356
9.469,348
9.478,355
9.487,348
9.497,356
9.506,352
9.516,361
9.525,356
9.534,357
9.544,356
9.553,357
9.562,357
9.572,357
9.581,356
9.591,357
9.6,355
9.609,353
9.619,355
9.628,357
9.637,356
9.647,358
9.656,364
9.666,357
9.675,359
9.684,359
9.694,364
9.703,356
9.712,360
9.722,357
9.731,366
9.741,359
9.75,367
9.759,367
9.769,368
9.778,367
9.788,371
9.797,367
9.806,369
9.816,367
9.825,371
9.834,369
9.844,374
9.853,367
9.862,373
9.872,368
9.881,376
9.891,371
9.9,377
9.909,371
9.919,379
9.928,371
9.937,383
9.947,373
9.956,383
9.966,373
9.975,384
9.984,377
9.994,385
10.003,378
10.012,387
10.022,380
10.031,386
10.041,381
10.05,387
10.059,382
10.069,389
10.078,385
10.087,390
10.097,387
10.106,389
10.116,388
10.125,389
10.134,386
10.144,394
10.153,384
10.163,394
10.172,388
10.181,395
10.191,387
10.2,396
10.209,390
10.219,398
10.228,392
10.237,400
10.247,395
10.256,398
10.266,396
10.275,399
10.284,396
10.294,405
10.303,396
10.312,403
10.322,396
10.331,405
10.341,398
10.35,407
10.359,397
10.369,406
10.378,402
10.387,406
10.397,403
10.406,407
10.416,404
10.425,407
10.434,404
10.444,406
10.453,405
10.462,406
10.472,406
10.481,408
10.491,404
10.5,407
10.509,406
10.519,410
10.528,406
10.538,409
10.547,408
10.556,410
10.566,410
10.575,411
10.584,410
10.594,413
10.603,413
10.612,412
10.622,414
10.631,415
10.641,416
10.65,415
10.659,419
10.669,413
10.678,417
10.687,412
10.697,417
10.706,417
10.716,418
10.725,415
10.734,420
10.744,414
10.753,420
10.762,417
10.772,420
10.781,420
10.791,422
10.8,419
10.809,423
10.819,424
10.828,424
10.837,421
10.847,426
10.856,420
10.866,425
10.875,422
10.884,424
10.894,420
10.903,427
10.913,421
10.922,429
10.931,421
10.941,430
10.95,424
10.959,430
10.969,425
10.978,432
10.987,427
10.997,432
11.006,425
11.016,430
11.025,424
11.034,432
11.044,426
11.053,433
11.062,427
11.072,432
11.081,430
11.091,435
11.1,431
11.109,435
11.119,431
11.128,437
11.137,430
11.147,442
11.156,431
11.166,438
11.175,434
11.184,445
11.194,434
11.203,442
11.212,431
11.222,436
11.231,432
11.241,437
11.25,431
11.259,437
11.269,431
11.278,435
11.288,431
11.297,436
11.306,431
11.316,435
11.325,430
11.334,435
11.344,432
11.353,438
11.362,432
11.372,439
11.381,434
11.391,442
11.4,434
11.409,442
11.419,436
11.428,444
11.437,437
11.447,446
11.456,444
11.466,449
11.475,446
11.484,450
11.494,444
11.503,450
11.512,446
11.522,450
11.531,446
11.541,449
11.55,448
11.559,449
11.569,450
11.578,452
11.587,450
11.597,453
11.606,450
11.616,455
11.625,450
11.634,454
11.644,451
11.653,456
11.663,452
11.672,458
11.681,455
11.691,457
11.7,455
11.709,459
11.719,457
11.728,458
11.737,457
11.747,458
11.756,459
11.766,461
11.775,460
11.784,457
11.794,460
11.803,460
11.812,462
11.822,460
11.831,463
11.841,462
11.85,463
11.859,462
11.869,466
11.878,463
11.887,464
11.897,463
11.906,466
11.916,464
11.925,463
11.934,463
11.944,464
11.953,464
11.962,467
11.972,464
11.981,467
11.991,462
12,469
12.009,466
12.019,469
12.028,467
12.038,467
12.047,469
12.056,469
12.066,469
12.075,469
12.084,469
12.094,471
12.103,469
12.112,471
12.122,471
12.131,473
12.141,469
12.15,475
12.159,469
12.169,474
12.178,469
12.187,472
12.197,472
12.206,474
12.216,470
12.225,478
12.234,473
12.244,478
12.253,473
12.262,478
12.272,473
12.281,481
12.291,474
12.3,480
12.309,473
12.319,484
12.328,475
12.337,483
12.347,476
12.356,485
12.366,478
12.375,484
12.384,480
12.394,484
12.403,482
12.413,484
12.422,481
12.431,487
12.441,483
12.45,486
12.459,485
12.469,488
12.478,484
12.487,490
12.497,484
12.506,490
12.516,484
12.525,488
12.534,484
12.544,491
12.553,483
12.562,491
12.572,484
12.581,490
12.591,484
12.6,489
12.609,489
12.619,495
12.628,489
12.637,493
12.647,489
12.656,496
12.666,488
12.675,498
12.684,494
12.694,498
12.703,495
12.712,497
12.722,495
12.731,501
12.741,496
12.75,500
12.759,496
12.769,501
12.778,497
12.788,499
12.797,497
12.806,502
12.816,498
12.825,499
12.834,498
12.844,502
12.853,500
12.862,504
12.872,500
12.881,502
12.891,498
12.9,502
12.909,499
12.919,501
12.928,500
12.937,503
12.947,502
12.956,503
12.966,505
12.975,503
12.984,503
12.994,503
13.003,504
13.012,502
13.022,503
13.031,503
13.041,504
13.05,502
13.059,503
13.069,503
13.078,504
13.087,503
13.097,504
13.106,505
13.116,505
13.125,504
13.134,505
13.144,504
13.153,503
13.163,506
13.172,504
13.181,504
13.191,507
13.2,503
13.209,506
13.219,503
13.228,509
13.237,504
13.247,511
13.256,504
13.266,515
13.275,505
13.284,512
13.294,506
13.303,513
13.312,506
13.322,516
13.331,507
13.341,514
13.35,507
13.359,515
13.369,509
13.378,515
13.387,509
13.397,517
13.406,511
13.416,517
13.425,511
13.434,521
13.444,512
13.453,518
13.462,512
13.472,522
13.481,511
13.491,523
13.5,515
13.509,522
13.519,513
13.528,523
13.538,514
13.547,525
13.556,513
13.566,524
13.575,517
13.584,525
13.594,519
13.603,527
13.612,516
13.622,526
13.631,517
13.641,527
13.65,520
13.659,527
13.669,521
13.678,527
13.687,518
13.697,525
13.706,520
13.716,527
13.725,520
13.734,522
13.744,516
13.753,528
13.762,522
13.772,527
13.781,521
13.791,527
13.8,522
13.809,526
13.819,522
13.828,528
13.837,522
13.847,527
13.856,521
13.866,529
13.875,525
13.884,527
13.894,527
13.903,529
13.913,528
13.922,527
13.931,525
13.941,532
13.95,526
13.959,530
13.969,528
13.978,530
13.987,529
13.997,529
14.006,528
14.016,531
14.025,526
14.034,530
14.044,528
14.053,526
14.062,527
14.072,528
14.081,527
14.091,527
14.1,528
14.109,528
14.119,528
14.128,528
14.137,527
14.147,528
14.156,528
14.166,528
14.175,530
14.184,528
14.194,529
14.203,530
14.212,527
14.222,529
14.231,529
14.241,529
14.25,528
14.259,527
14.269,530
14.278,530
14.288,529
14.297,528
14.306,529
14.316,528
14.325,528
14.334,528
14.344,530
14.353,526
14.362,532
14.372,529
14.381,533
14.391,529
14.4,530
14.409,530
14.419,533
14.428,529
14.437,533
14.447,528
14.456,533
14.466,526
14.475,532
14.484,529
14.494,532
14.503,528
14.512,535
14.522,530
14.531,537
14.541,527
14.55,536
14.559,528
14.569,536
14.578,533
14.587,538
14.597,534
14.606,535
14.616,529
14.625,538
14.634,533
14.644,538
14.653,535
14.663,541
14.672,532
14.681,539
14.691,533
14.7,542
14.709,537
14.719,542
14.728,537
14.737,543
14.747,536
14.756,544
14.766,539
14.775,549
14.784,538
14.794,542
14.803,536
14.812,542
14.822,537
14.831,548
14.841,539
14.85,543
14.859,538
14.869,544
14.878,538
14.887,545
14.897,538
14.906,545
14.916,538
14.925,541
14.934,537
14.944,545
14.953,541
14.962,545
14.972,539
14.981,540
14.991,538
15,543
15.009,540
15.019,546
15.028,539
15.038,542
15.047,537
15.056,541
15.066,538
15.075,544
15.084,540
15.094,546
15.103,538
15.112,541
15.122,538
15.131,544
15.141,543
15.15,545
15.159,538
15.169,544
15.178,535
15.187,542
15.197,539
15.206,546
15.216,538
15.225,542
15.234,536
15.244,541
15.253,537
15.262,543
15.272,542
15.281,543
15.291,537
15.3,540
15.309,537
15.319,542
15.328,541
15.337,542
15.347,538
15.356,539
15.366,538
15.375,539
15.384,539
15.394,542
15.403,539
15.413,537
15.422,536
15.431,541
15.441,542
15.45,543
15.459,540
15.469,540
15.478,538
15.487,539
15.497,540
15.506,543
15.516,543
15.525,542
15.534,540
15.544,539
15.553,544
15.562,541
15.572,543
15.581,542
15.591,543
15.6,541
15.609,543
15.619,540
15.628,543
15.637,541
15.647,543
15.656,541
15.666,541
15.675,542
15.684,542
15.694,542
15.703,543
15.712,543
15.722,546
15.731,540
15.741,543
15.75,542
15.759,546
15.769,543
15.778,545
15.788,542
15.797,544
15.806,540
15.816,544
15.825,542
15.834,545
15.844,541
15.853,545
15.862,542
15.872,547
15.881,543
15.891,545
15.9,543
15.909,548
15.919,542
15.928,547
15.937,542
15.947,547
15.956,543
15.966,546
15.975,544
15.984,549
15.994,540
16.003,546
16.013,540
16.022,547
16.031,540
16.041,546
16.05,538
16.059,544
16.069,538
16.078,545
16.087,538
16.097,543
16.106,537
16.116,543
16.125,535
16.134,542
16.144,534
16.153,542
16.163,534
16.172,542
16.181,535
16.191,540
16.2,534
16.209,542
16.219,535
16.228,541
16.237,534
16.247,540
16.256,536
16.266,543
16.275,538
16.284,543
16.294,538
16.303,543
16.312,537
16.322,542
16.331,537
16.341,541
16.35,538
16.359,541
16.369,535
16.378,538
16.388,534
16.397,539
16.406,534
16.416,538
16.425,533
16.434,536
16.444,532
16.453,537
16.462,533
16.472,536
16.481,531
16.491,536
16.5,531
16.509,536
16.519,528
16.528,535
16.538,528
16.547,535
16.556,529
16.566,535
16.575,530
16.584,535
16.594,528
16.603,535
16.612,529
16.622,533
16.631,529
16.641,534
16.65,533
16.659,535
16.669,530
16.678,533
16.687,530
16.697,534
16.706,528
16.716,534
16.725,532
16.734,533
16.744,531
16.753,532
16.763,533
16.772,534
16.781,535
16.791,533
16.8,533
16.809,532
16.819,531
16.828,530
16.837,532
16.847,533
16.856,534
16.866,533
16.875,535
16.884,533
16.894,536
16.903,533
16.913,533
16.922,535
16.931,537
16.941,534
16.95,535
16.959,538
16.969,537
16.978,532
16.987,535
16.997,535
17.006,532
17.016,533
17.025,534
17.034,533
17.044,537
17.053,532
17.062,533
17.072,529
17.081,534
17.091,528
17.1,532
17.109,528
17.119,528
17.128,524
17.138,528
17.147,526
17.156,528
17.166,528
17.175,531
17.184,529
17.194,530
17.203,525
17.212,534
17.222,528
17.231,532
17.241,528
17.25,528
17.259,522
17.269,529
17.278,527
17.288,527
17.297,519
17.306,527
17.316,521
17.325,527
17.334,520
17.344,528
17.353,523
17.362,529
17.372,524
17.381,529
17.391,523
17.4,528
17.409,524
17.419,530
17.428,523
17.437,528
17.447,528
17.456,533
17.466,528
17.475,535
17.484,529
17.494,534
17.503,528
17.513,529
17.522,525
17.531,528
17.541,523
17.55,529
17.559,523
17.569,527
17.578,520
17.587,527
17.597,520
17.606,528
17.616,523
17.625,525
17.634,514
17.644,524
17.653,514
17.663,525
17.672,522
17.681,528
17.691,517
17.7,524
17.709,517
17.719,525
17.728,518
17.737,523
17.747,512
17.756,517
17.766,513
17.775,521
17.784,516
17.794,523
17.803,513
17.812,515
17.822,509
17.831,517
17.841,513
17.85,524
17.859,514
17.869,522
17.878,506
17.888,513
17.897,505
17.906,513
17.916,512
17.925,516
17.934,505
17.944,515
17.953,512
17.962,517
17.972,516
17.981,525
17.991,515
18,516
18.009,512
18.019,516
18.028,516
18.038,521
18.047,517
18.056,514
18.066,510
18.075,509
18.084,505
18.094,506
18.103,506
18.112,504
18.122,507
18.131,507
18.141,511
18.15,511
18.159,509
18.169,508
18.178,506
18.187,507
18.197,505
18.206,509
18.216,512
18.225,511
18.234,512
18.244,508
18.253,506
18.263,504
18.272,505
18.281,502
18.291,503
18.3,506
18.309,504
18.319,504
18.328,504
18.337,503
18.347,503
18.356,504
18.366,505
18.375,504
18.384,504
18.394,504
18.403,505
18.413,501
18.422,504
18.431,504
18.441,506
18.45,504
18.459,503
18.469,498
18.478,502
18.487,496
18.497,503
18.506,500
18.516,502
18.525,494
18.534,499
18.544,494
18.553,504
18.562,498
18.572,504
18.581,496
18.591,502
18.6,498
18.609,501
18.619,496
18.628,502
18.638,485
18.647,498
18.656,488
18.666,498
18.675,492
18.684,500
18.694,489
18.703,498
18.712,488
18.722,499
18.731,493
18.741,503
18.75,493
18.759,499
18.769,486
18.778,494
18.788,486
18.797,497
18.806,488
18.816,497
18.825,486
18.834,492
18.844,487
18.853,497
18.862,488
18.872,497
18.881,486
18.891,494
18.9,485
18.909,496
18.919,489
18.928,499
18.937,489
18.947,493
18.956,486
18.966,489
18.975,485
18.984,490
18.994,484
19.003,488
19.013,485
19.022,487
19.031,484
19.041,486
19.05,483
19.059,484
19.069,483
19.078,487
19.087,482
19.097,484
19.106,481
19.116,484
19.125,479
19.134,482
19.144,477
19.153,485
19.163,476
19.172,483
19.181,476
19.191,484
19.2,475
19.209,482
19.219,476
19.228,482
19.237,475
19.247,483
19.256,475
19.266,479
19.275,474
19.284,476
19.294,474
19.303,475
19.312,472
19.322,474
19.331,472
19.341,475
19.35,476
19.359,475
19.369,475
19.378,475
19.388,474
19.397,472
19.406,470
19.416,470
19.425,467
19.434,470
19.444,470
19.453,470
19.462,471
19.472,472
19.481,471
19.491,469
19.5,469
19.509,469
19.519,470
19.528,469
19.538,468
19.547,467
19.556,469
19.566,464
19.575,465
19.584,462
19.594,462
19.603,459
19.612,463
19.622,460
19.631,462
19.641,458
19.65,460
19.659,459
19.669,465
19.678,466
19.687,468
19.697,465
19.706,465
19.716,460
19.725,463
19.734,464
19.744,470
19.753,464
19.763,467
19.772,461
19.781,465
19.791,460
19.8,466
19.809,458
19.819,463
19.828,460
19.837,465
19.847,456
19.856,464
19.866,457
19.875,463
19.884,457
19.894,463
19.903,453
19.913,459
19.922,454
19.931,459
19.941,452
19.95,459
19.959,450
19.969,457
19.978,448
19.987,459
19.997,450
20.006,457
20.016,450
20.025,456
20.034,450
20.044,457
20.053,450
20.062,458
20.072,451
20.081,458
20.091,451
20.1,456
20.109,448
20.119,459
20.128,450
20.138,454
20.147,447
20.156,449
20.166,446
20.175,450
20.184,447
20.194,450
20.203,445
20.212,451
20.222,445
20.231,448
20.241,440
20.25,446
20.259,440
20.269,447
20.278,436
20.288,445
20.297,439
20.306,446
20.316,436
20.325,445
20.334,439
20.344,441
20.353,435
20.362,444
20.372,435
20.381,445
20.391,435
20.4,442
20.409,435
20.419,440
20.428,434
20.437,438
20.447,436
20.456,437
20.466,431
20.475,434
20.484,429
20.494,434
20.503,431
20.513,431
20.522,428
20.531,431
20.541,429
20.55,430
20.559,430
20.569,432
20.578,430
20.587,431
20.597,430
20.606,431
20.616,424
20.625,429
20.634,427
20.644,430
20.653,430
20.663,432
20.672,429
20.681,430
20.691,429
20.7,429
20.709,431
20.719,430
20.728,427
20.737,428
20.747,425
20.756,423
20.766,421
20.775,422
20.784,420
20.794,420
20.803,418
20.812,418
20.822,419
20.831,419
20.841,421
20.85,420
20.859,422
20.869,418
20.878,422
20.888,422
20.897,420
20.906,420
20.916,424
20.925,423
20.934,426
20.944,424
20.953,429
20.962,425
20.972,424
20.981,422
20.991,421
21,421
21.009,422
21.019,414
21.028,418
21.038,414
21.047,416
21.056,412
21.066,416
21.075,411
21.084,413
21.094,410
21.103,410
21.112,411
21.122,413
21.131,411
21.141,416
21.15,411
21.159,413
21.169,407
21.178,413
21.187,409
21.197,412
21.206,407
21.216,410
21.225,406
21.234,406
21.244,405
21.253,407
21.263,403
21.272,407
21.281,401
21.291,408
21.3,398
21.309,406
21.319,403
21.328,409
21.337,404
21.347,406
21.356,395
21.366,405
21.375,396
21.384,407
21.394,402
21.403,405
21.413,396
21.422,406
21.431,397
21.441,406
21.45,401
21.459,407
21.469,397
21.478,407
21.487,396
21.497,406
21.506,401
21.516,407
21.525,401
21.534,406
21.544,398
21.553,402
21.562,396
21.572,402
21.581,392
21.591,398
21.6,389
21.609,399
21.619,398
21.628,405
21.638,395
21.647,404
21.656,394
21.666,399
21.675,390
21.684,397
21.694,391
21.703,398
21.712,388
21.722,393
21.731,388
21.741,395
21.75,386
21.759,395
21.769,390
21.778,397
21.788,389
21.797,394
21.806,386
21.816,395
21.825,387
21.834,390
21.844,386
21.853,388
21.862,387
21.872,391
21.881,385
21.891,397
21.9,384
21.909,387
21.919,383
21.928,387
21.937,383
21.947,387
21.956,384
21.966,387
21.975,383
21.984,387
21.994,384
22.003,387
22.013,387
22.022,386
22.031,384
22.041,385
22.05,383
22.059,387
22.069,384
22.078,388
22.087,385
22.097,388
22.106,386
22.116,386
22.125,386
22.134,387
22.144,386
22.153,387
22.163,383
22.172,388
22.181,386
22.191,386
22.2,387
22.209,384
22.219,382
22.228,381
22.237,378
22.247,376
22.256,379
22.266,381
22.275,383
22.284,381
22.294,380
22.303,377
22.312,376
22.322,378
22.331,381
22.341,384
22.35,386
22.359,383
22.369,381
22.378,375
22.388,373
22.397,373
22.406,379
22.416,384
22.425,380
22.434,374
22.444,375
22.453,374
22.462,376
22.472,376
22.481,381
22.491,380
22.5,380
22.509,373
22.519,375
22.528,370
22.538,374
22.547,372
22.556,374
22.566,372
22.575,372
22.584,370
22.594,372
22.603,369
22.612,373
22.622,372
22.631,372
22.641,369
22.65,370
22.659,366
22.669,371
22.678,367
22.687,371
22.697,369
22.706,374
22.716,370
22.725,371
22.734,364
22.744,371
22.753,367
22.763,371
22.772,370
22.781,374
22.791,367
22.8,371
22.809,363
22.819,372
22.828,365
22.837,371
22.847,366
22.856,373
22.866,369
22.875,378
22.884,372
22.894,381
22.903,372
22.913,382
22.922,369
22.931,373
22.941,362
22.95,365
22.959,357
22.969,358
22.978,352
22.987,365
22.997,357
23.006,366
23.016,358
23.025,370
23.034,359
23.044,370
23.053,362
23.062,372
23.072,362
23.081,370
23.091,364
23.1,373
23.109,368
23.119,372
23.128,364
23.138,371
23.147,367
23.156,374
23.166,368
23.175,375
23.184,370
23.194,372
23.203,370
23.212,370
23.222,366
23.231,370
23.241,368
23.25,372
23.259,369
23.269,371
23.278,367
23.288,372
23.297,362
23.306,370
23.316,366
23.325,369
23.334,363
23.344,370
23.353,359
23.362,367
23.372,364
23.381,370
23.391,368
23.4,373
23.409,364
23.419,367
23.428,367
23.437,372
23.447,354
23.456,365
23.466,367
23.475,370
23.484,363
23.494,372
23.503,370
23.513,371
23.522,358
23.531,371
23.541,365
23.55,367
23.559,362
23.569,357
23.578,348
23.587,369
23.597,367
23.606,363
23.616,366
23.625,369
23.634,361
23.644,366
23.653,363
23.663,367
23.672,356
23.681,361
23.691,358
23.7,368
23.709,366
23.719,371
23.728,368
23.737,365
23.747,357
23.756,359
23.766,367
23.775,371
23.784,370
23.794,362
23.803,357
23.812,358
23.822,361
23.831,367
23.841,365
23.85,352
23.859,357
23.869,360
23.878,366
23.888,361
23.897,362
23.906,357
23.916,352
23.925,348
23.934,349
23.944,349
23.953,358
23.962,366
23.972,371
23.981,371
23.991,374
24,372
24.009,370
24.019,367
24.028,367
24.038,360
24.047,366
24.056,368
24.066,366
24.075,359
24.084,364
24.094,363
24.103,371
24.112,366
24.122,370
24.131,367
24.141,370
24.15,367
24.159,371
24.169,367
24.178,374
24.187,368
24.197,371
24.206,362
24.216,366
24.225,355
24.234,362
24.244,358
24.253,361
24.263,356
24.272,362
24.281,354
24.291,358
24.3,349
24.309,355
24.319,350
24.328,357
24.337,350
24.347,354
24.356,348
24.366,356
24.375,347
24.384,355
24.394,347
24.403,358
24.413,348
24.422,360
24.431,357
24.441,364
24.45,358
24.459,368
24.469,366
24.478,379
24.487,363
24.497,371
24.506,355
24.516,365
24.525,359
24.534,376
24.544,379
24.553,372
24.562,355
24.572,372
24.581,353
24.591,371
24.6,372
24.609,382
24.619,372
24.628,383
24.638,372
24.647,381
24.656,372
24.666,379
24.675,372
24.684,377
24.694,371
24.703,375
24.712,367
24.722,369
24.731,359
24.741,367
24.75,358
24.759,367
24.769,358
24.778,373
24.788,359
24.797,370
24.806,363
24.816,371
24.825,364
24.834,371
24.844,366
24.853,376
24.862,369
24.872,374
24.881,371
24.891,377
24.9,372
24.909,380
24.919,370
24.928,380
24.937,375
24.947,383
24.956,381
24.966,387
24.975,388
24.984,395
24.994,388
25.003,394
25.013,386
25.022,388
25.031,386
25.041,396
25.05,389
25.059,393
25.069,389
25.078,394
25.087,388
25.097,389
25.106,385
25.116,385
25.125,385
25.134,387
25.144,386
25.153,390
25.163,386
25.172,394
25.181,386
25.191,389
25.2,386
25.209,386
25.219,380
25.228,385
25.237,380
25.247,385
25.256,390
25.266,398
25.275,402
25.284,404
25.294,397
25.303,391
25.312,383
25.322,380
25.331,381
25.341,386
25.35,386
25.359,388
25.369,385
25.378,385
25.388,386
25.397,387
25.406,391
25.416,392
25.425,392
25.434,388
25.444,387
25.453,388
25.462,388
25.472,394
25.481,395
25.491,396
25.5,393
25.509,391
25.519,390
25.528,389
25.538,389
25.547,391
25.556,393
25.566,394
25.575,396
25.584,394
25.594,402
25.603,399
25.612,402
25.622,401
25.631,405
25.641,402
25.65,404
25.659,402
25.669,405
25.678,401
25.687,402
25.697,400
25.706,404
25.716,401
25.725,403
25.734,400
25.744,406
25.753,400
25.763,407
25.772,400
25.781,405
25.791,400
25.8,406
25.809,404
25.819,408
25.828,406
25.837,411
25.847,407
25.856,417
25.866,409
25.875,420
25.884,411
25.894,420
25.903,414
25.913,419
25.922,415
25.931,422
25.941,414
25.95,422
25.959,417
25.969,423
25.978,414
25.987,424
25.997,414
26.006,422
26.016,414
26.025,425
26.034,420
26.044,428
26.053,420
26.062,428
26.072,422
26.081,431
26.091,421
26.1,430
26.109,419
26.119,430
26.128,423
26.138,430
26.147,424
26.156,432
26.166,421
26.175,431
26.184,424
26.194,430
26.203,424
26.212,431
26.222,424
26.231,430
26.241,424
26.25,429
26.259,426
26.269,432
26.278,428
26.288,430
26.297,429
26.306,432
26.316,430
26.325,430
26.334,433
26.344,430
26.353,430
26.362,436
26.372,428
26.381,434
26.391,430
26.4,435
26.409,430
26.419,434
26.428,430
26.437,436
26.447,431
26.456,436
26.466,432
26.475,436
26.484,432
26.494,437
26.503,430
26.513,434
26.522,431
26.531,437
26.541,435
26.55,437
26.559,432
26.569,436
26.578,433
26.587,436
26.597,434
26.606,440
26.616,435
26.625,441
26.634,433
26.644,444
26.653,436
26.663,445
26.672,437
26.681,445
26.691,436
26.7,446
26.709,436
26.719,445
26.728,437
26.737,444
26.747,437
26.756,444
26.766,438
26.775,445
26.784,439
26.794,445
26.803,439
26.812,444
26.822,437
26.831,445
26.841,437
26.85,447
26.859,440
26.869,443
26.878,443
26.888,446
26.897,446
26.906,447
26.916,445
26.925,446
26.934,445
26.944,448
26.953,446
26.962,446
26.972,448
26.981,448
26.991,447
27,447
27.009,447
27.019,446
27.028,444
27.038,446
27.047,447
27.056,445
27.066,445
27.075,444
27.084,446
27.094,446
27.103,447
27.112,445
27.122,450
27.131,446
27.141,450
27.15,451
27.159,451
27.169,450
27.178,453
27.187,452
27.197,456
27.206,456
27.216,458
27.225,456
27.234,460
27.244,457
27.253,459
27.263,457
27.272,458
27.281,457
27.291,459
27.3,457
27.309,459
27.319,456
27.328,463
27.337,459
27.347,463
27.356,461
27.366,465
27.375,460
27.384,466
27.394,462
27.403,469
27.413,464
27.422,473
27.431,463
27.441,469
27.45,466
27.459,468
27.469,466
27.478,470
27.487,464
27.497,470
27.506,462
27.516,470
27.525,463
27.534,472
27.544,468
27.553,472
27.562,467
27.572,470
27.581,469
27.591,474
27.6,470
27.609,474
27.619,469
27.628,475
27.638,472
27.647,480
27.656,474
27.666,486
27.675,475
27.684,482
27.694,476
27.703,485
27.712,478
27.722,485
27.731,481
27.741,484
27.75,481
27.759,487
27.769,484
27.778,488
27.788,484
27.797,490
27.806,484
27.816,489
27.825,484
27.834,488
27.844,483
27.853,489
27.862,484
27.872,488
27.881,486
27.891,491
27.9,485
27.909,489
27.919,485
27.928,490
27.937,483
27.947,491
27.956,486
27.966,496
27.975,489
27.984,496
27.994,488
28.003,498
28.013,489
28.022,497
28.031,490
28.041,499
28.05,490
28.059,499
28.069,495
28.078,499
28.087,497
28.097,501
28.106,498
28.116,502
28.125,499
28.134,503
28.144,500
28.153,503
28.163,501
28.172,504
28.181,499
28.191,504
28.2,496
28.209,500
28.219,491
28.228,496
28.237,489
28.247,494
28.256,492
28.266,498
28.275,493
28.284,501
28.294,489
28.303,499
28.312,499
28.322,501
28.331,499
28.341,504
28.35,503
28.359,502
28.369,503
28.378,504
28.388,504
28.397,504
28.406,504
28.416,504
28.425,505
28.434,503
28.444,505
28.453,504
28.462,504
28.472,505
28.481,505
28.491,504
28.5,498
28.509,498
28.519,490
28.528,494
28.538,496
28.547,500
28.556,503
28.566,502
28.575,501
28.584,505
28.594,505
28.603,502
28.612,504
28.622,503
28.631,503
28.641,502
28.65,504
28.659,509
28.669,509
28.678,503
28.687,502
28.697,502
28.706,503
28.716,506
28.725,504
28.734,505
28.744,505
28.753,500
28.763,504
28.772,507
28.781,522
28.791,522
28.8,523
28.809,515
28.819,514
28.828,508
28.837,507
28.847,506
28.856,511
28.866,504
28.875,511
28.884,511
28.894,513
28.903,514
28.913,517
28.922,513
28.931,514
28.941,509
28.95,511
28.959,506
28.969,514
28.978,509
28.987,514
28.997,505
29.006,511
29.016,504
29.025,503
29.034,503
29.044,503
29.053,504
29.062,508
29.072,504
29.081,513
29.091,509
29.1,516
29.109,511
29.119,519
29.128,512
29.138,523
29.147,518
29.156,526
29.166,522
29.175,528
29.184,521
29.194,523
29.203,512
29.212,520
29.222,515
29.231,529
29.241,528
29.25,536
29.259,527
29.269,533
29.278,527
29.288,527
29.297,522
29.306,526
29.316,524
29.325,528
29.334,522
29.344,529
29.353,521
29.362,526
29.372,515
29.381,525
29.391,514
29.4,523
29.409,518
29.419,528
29.428,524
29.437,531
29.447,528
29.456,535
29.466,528
29.475,534
29.484,529
29.494,536
29.503,532
29.513,536
29.522,528
29.531,536
29.541,527
29.55,532
29.559,529
29.569,531
29.578,528
29.587,527
29.597,529
29.606,530
29.616,528
29.625,530
29.634,528
29.644,533
29.653,530
29.663,538
29.672,532
29.681,538
29.691,535
29.7,541
29.709,537
29.719,540
29.728,538
29.737,542
29.747,539
29.756,543
29.766,537
29.775,541
29.784,536
29.794,542
29.803,538
29.812,543
29.822,538
29.831,542
29.841,538
29.85,543
29.859,536
29.869,541
29.878,538
29.888,543
29.897,537
29.906,541
29.916,538
29.925,541
29.934,535
29.944,543
29.953,535
29.962,541
29.972,537
29.981,541
29.991,539
30,542
30.009,539
30.019,544
30.028,542
30.038,542
30.047,540
30.056,543
30.066,538
30.075,541
30.084,538
30.094,541
30.103,539
30.112,542
30.122,539
30.131,543
30.141,543
30.15,544
30.159,543
30.169,547
30.178,547
30.187,545
30.197,547
30.206,548
30.216,548
30.225,547
30.234,546
30.244,547
30.253,546
30.263,547
30.272,546
30.281,548
30.291,544
30.3,546
30.309,548
30.319,545
30.328,545
30.337,543
30.347,545
30.356,544
30.366,548
30.375,542
30.384,543
30.394,542
30.403,544
30.413,542
30.422,543
30.431,543
30.441,543
30.45,540
30.459,538
30.469,538
30.478,541
30.487,540
30.497,543
30.506,537
30.516,540
30.525,539
30.534,544
30.544,542
30.553,547
30.562,546
30.572,548
30.581,546
30.591,548
30.6,548
30.609,548
30.619,546
30.628,551
30.638,547
30.647,550
30.656,546
30.666,551
30.675,547
30.684,550
30.694,547
30.703,548
30.712,544
30.722,550
30.731,545
30.741,548
30.75,544
30.759,549
30.769,546
30.778,549
30.788,548
30.797,554
30.806,552
30.816,558
30.825,554
30.834,563
30.844,561
30.853,569
30.862,562
30.872,563
30.881,558
30.891,562
30.9,553
30.909,562
30.919,558
30.928,564
30.937,554
30.947,556
30.956,548
30.966,553
30.975,548
30.984,552
30.994,546
31.003,551
31.013,547
31.022,556
31.031,550
31.041,562
31.05,561
31.059,566
31.069,562
31.078,566
31.087,562
31.097,566
31.106,566
31.116,561
31.125,557
31.134,562
31.144,553
31.153,553
31.163,547
31.172,553
31.181,550
31.191,553
31.2,550
31.209,554
31.219,549
31.228,558
31.237,550
31.247,558
31.256,553
31.266,556
31.275,552
31.284,558
31.294,554
31.303,562
31.312,552
31.322,552
31.331,547
31.341,552
31.35,553
31.359,561
31.369,557
31.378,561
31.388,554
31.397,557
31.406,553
31.416,560
31.425,552
31.434,556
31.444,552
31.453,554
31.462,549
31.472,553
31.481,550
31.491,552
31.5,548
31.509,549
31.519,542
31.528,548
31.538,548
31.547,560
31.556,560
31.566,563
31.575,562
31.584,564
31.594,562
31.603,566
31.612,562
31.622,565
31.631,562
31.641,562
31.65,552
31.659,553
31.669,549
31.678,553
31.687,550
31.697,554
31.706,549
31.716,553
31.725,554
31.734,563
31.744,563
31.753,565
31.763,562
31.772,560
31.781,551
31.791,552
31.8,551
31.809,555
31.819,555
31.828,558
31.837,554
31.847,560
31.856,561
31.866,561
31.875,560
31.884,557
31.894,553
31.903,553
31.913,550
31.922,548
31.931,549
31.941,548
31.95,547
31.959,544
31.969,547
31.978,547
31.987,552
31.997,554
32.006,558
32.016,562
32.025,562
32.034,563
32.044,565
32.053,562
32.062,562
32.072,553
32.081,553
32.091,548
32.1,548
32.109,546
32.119,548
32.128,550
32.138,551
32.147,549
32.156,555
32.166,562
32.175,563
32.184,561
32.194,559
32.203,549
32.213,551
32.222,549
32.231,556
32.241,558
32.25,561
32.259,558
32.269,559
32.278,558
32.287,563
32.297,559
32.306,562
32.316,559
32.325,562
32.334,558
32.344,563
32.353,562
32.362,563
32.372,556
32.381,561
32.391,556
32.4,561
32.409,557
32.419,561
32.428,552
32.437,561
32.447,552
32.456,556
32.466,552
32.475,556
32.484,549
32.494,550
32.503,547
32.513,553
32.522,548
32.531,555
32.541,552
32.55,560
32.559,551
32.569,560
32.578,550
32.588,553
32.597,548
32.606,553
32.616,548
32.625,557
32.634,553
32.644,562
32.653,559
32.662,563
32.672,558
32.681,562
32.691,558
32.7,562
32.709,552
32.719,556
32.728,548
32.737,553
32.747,548
32.756,556
32.766,549
32.775,553
32.784,550
32.794,555
32.803,552
32.812,552
32.822,542
32.831,544
32.841,553
32.85,557
32.859,542
32.869,544
32.878,550
32.888,553
32.897,551
32.906,557
32.916,552
32.925,554
32.934,548
32.944,553
32.953,547
32.963,551
32.972,547
32.981,552
32.991,547
33,550
33.009,547
33.019,551
33.028,550
33.037,550
33.047,547
33.056,551
33.066,547
33.075,552
33.084,547
33.094,553
33.103,550
33.112,550
33.122,548
33.131,554
33.141,553
33.15,557
33.159,553
33.169,554
33.178,551
33.187,554
33.197,552
33.206,556
33.216,552
33.225,557
33.234,552
33.244,557
33.253,554
33.263,551
33.272,548
33.281,547
33.291,543
33.3,547
33.309,541
33.319,543
33.328,543
33.338,545
33.347,543
33.356,545
33.366,543
33.375,548
33.384,547
33.394,545
33.403,540
33.412,547
33.422,547
33.431,551
33.441,545
33.45,538
33.459,546
33.469,545
33.478,529
33.487,547
33.497,536
33.506,547
33.516,545
33.525,548
33.534,545
33.544,541
33.553,540
33.562,541
33.572,543
33.581,543
33.591,536
33.6,532
33.609,543
33.619,542
33.628,539
33.638,541
33.647,541
33.656,543
33.666,550
33.675,544
33.684,543
33.694,542
33.703,538
33.713,541
33.722,548
33.731,540
33.741,546
33.75,530
33.759,539
33.769,532
33.778,537
33.787,533
33.797,535
33.806,535
33.816,543
33.825,535
33.834,539
33.844,537
33.853,543
33.862,537
33.872,542
33.881,540
33.891,546
33.9,539
33.909,541
33.919,537
33.928,541
33.937,533
33.947,541
33.956,530
33.966,536
33.975,529
33.984,536
33.994,529
34.003,533
34.013,529
34.022,535
34.031,529
34.041,537
34.05,530
34.059,539
34.069,533
34.078,539
34.088,534
34.097,540
34.106,534
34.116,541
34.125,533
34.134,539
34.144,534
34.153,542
34.162,532
34.172,539
34.181,529
34.191,537
34.2,527
34.209,537
34.219,527
34.228,532
34.237,528
34.247,532
34.256,527
34.266,529
34.275,526
34.284,528
34.294,522
34.303,527
34.312,519
34.322,525
34.331,515
34.341,523
34.35,514
34.359,524
34.369,513
34.378,523
34.388,513
34.397,523
34.406,514
34.416,522
34.425,512
34.434,523
34.444,516
34.453,523
34.463,517
34.472,525
34.481,519
34.491,525
34.5,518
34.509,524
34.519,518
34.528,524
34.537,516
34.547,522
34.556,515
34.566,522
34.575,512
34.584,520
34.594,512
34.603,514
34.612,510
34.622,514
34.631,510
34.641,512
34.65,510
34.659,514
34.669,511
34.678,516
34.687,511
34.697,516
34.706,513
34.716,518
34.725,511
34.734,511
34.744,513
34.753,517
34.763,512
34.772,523
34.781,515
34.791,520
34.8,517
34.809,523
34.819,516
34.828,525
34.838,514
34.847,519
34.856,514
34.866,519
34.875,514
34.884,514
34.894,513
34.903,513
34.912,509
34.922,513
34.931,511
34.941,512
34.95,506
34.959,507
34.969,505
34.978,504
34.987,504
34.997,503
35.006,504
35.016,503
35.025,505
35.034,503
35.044,504
35.053,504
35.062,503
35.072,508
35.081,505
35.091,503
35.1,503
35.109,503
35.119,502
35.128,503
35.138,504
35.147,502
35.156,504
35.166,503
35.175,507
35.184,502
35.194,502
35.203,500
35.213,501
35.222,500
35.231,503
35.241,498
35.25,501
35.259,500
35.269,501
35.278,496
35.287,499
35.297,497
35.306,498
35.316,494
35.325,499
35.334,496
35.344,499
35.353,496
35.362,499
35.372,496
35.381,499
35.391,493
35.4,500
35.409,492
35.419,501
35.428,490
35.437,499
35.447,494
35.456,500
35.466,491
35.475,499
35.484,490
35.494,498
35.503,490
35.513,497
35.522,490
35.531,494
35.541,487
35.55,494
35.559,484
35.569,492
35.578,485
35.588,491
35.597,485
35.606,492
35.616,485
35.625,488
35.634,483
35.644,488
35.653,484
35.662,487
35.672,480
35.681,486
35.691,482
35.7,486
35.709,480
35.719,484
35.728,482
35.737,487
35.747,482
35.756,484
35.766,480
35.775,483
35.784,478
35.794,485
35.803,475
35.812,485
35.822,474
35.831,483
35.841,474
35.85,482
35.859,475
35.869,481
35.878,472
35.888,477
35.897,472
35.906,476
35.916,470
35.925,475
35.934,471
35.944,475
35.953,469
35.963,477
35.972,469
35.981,476
35.991,471
36,471
36.009,471
36.019,474
36.028,470
36.037,472
36.047,468
36.056,470
36.066,467
36.075,470
36.084,467
36.094,469
36.103,467
36.112,471
36.122,465
36.131,470
36.141,465
36.15,469
36.159,464
36.169,468
36.178,462
36.187,466
36.197,460
36.206,464
36.216,459
36.225,464
36.234,459
36.244,466
36.253,459
36.263,462
36.272,458
36.281,464
36.291,460
36.3,463
36.309,461
36.319,463
36.328,457
36.338,463
36.347,456
36.356,463
36.366,459
36.375,459
36.384,455
36.394,458
36.403,455
36.412,459
36.422,457
36.431,457
36.441,455
36.45,455
36.459,454
36.469,455
36.478,453
36.487,452
36.497,451
36.506,451
36.516,450
36.525,449
36.534,447
36.544,450
36.553,451
36.562,448
36.572,450
36.581,449
36.591,450
36.6,447
36.609,448
36.619,452
36.628,452
36.638,447
36.647,451
36.656,446
36.666,446
36.675,446
36.684,445
36.694,444
36.703,446
36.713,442
36.722,445
36.731,441
36.741,446
36.75,441
36.759,446
36.769,439
36.778,443
36.787,439
36.797,442
36.806,435
36.816,442
36.825,436
36.834,441
36.844,435
36.853,437
36.862,434
36.872,441
36.881,431
36.891,438
36.9,434
36.909,435
36.919,433
36.928,435
36.937,433
36.947,435
36.956,431
36.966,436
36.975,430
36.984,434
36.994,430
37.003,434
37.013,431
37.022,432
37.031,430
37.041,434
37.05,429
37.059,433
37.069,429
37.078,433
37.088,430
37.097,433
37.106,429
37.116,431
37.125,427
37.134,432
37.144,427
37.153,435
37.162,425
37.172,431
37.181,425
37.191,430
37.2,422
37.209,430
37.219,424
37.228,431
37.237,421
37.247,430
37.256,422
37.266,431
37.275,420
37.284,426
37.294,421
37.303,425
37.312,416
37.322,421
37.331,418
37.341,422
37.35,415
37.359,422
37.369,414
37.378,421
37.388,412
37.397,417
37.406,413
37.416,419
37.425,411
37.434,421
37.444,412
37.453,419
37.463,409
37.472,417
37.481,409
37.491,416
37.5,411
37.509,415
37.519,406
37.528,414
37.537,407
37.547,412
37.556,406
37.566,412
37.575,406
37.584,412
37.594,406
37.603,411
37.612,406
37.622,409
37.631,406
37.641,405
37.65,405
37.659,406
37.669,403
37.678,407
37.687,402
37.697,407
37.706,401
37.716,406
37.725,400
37.734,406
37.744,400
37.753,405
37.763,395
37.772,405
37.781,397
37.791,403
37.8,396
37.809,402
37.819,396
37.828,399
37.838,396
37.847,401
37.856,396
37.866,397
37.875,395
37.884,397
37.894,395
37.903,396
37.912,396
37.922,397
37.931,394
37.941,397
37.95,395
37.959,396
37.969,395
37.978,396
37.987,393
37.997,396
38.006,395
38.016,395
38.025,395
38.034,395
38.044,394
38.053,392
38.062,393
38.072,392
38.081,396
38.091,394
38.1,398
38.109,395
38.119,393
38.128,390
38.138,389
38.147,386
38.156,386
38.166,386
38.175,385
38.184,387
38.194,386
38.203,387
38.213,387
38.222,385
38.231,385
38.241,388
38.25,390
38.259,384
38.269,390
38.278,386
38.287,387
38.297,383
38.306,386
38.316,380
38.325,387
38.334,381
38.344,383
38.353,377
38.362,382
38.372,375
38.381,381
38.391,375
38.4,382
38.409,373
38.419,377
38.428,372
38.437,380
38.447,374
38.456,384
38.466,375
38.475,383
38.484,379
38.494,388
38.503,382
38.513,387
38.522,382
38.531,386
38.541,379
38.55,382
38.559,374
38.569,381
38.578,372
38.588,378
38.597,368
38.606,376
38.616,368
38.625,373
38.634,366
38.644,373
38.653,364
38.662,375
38.672,367
38.681,378
38.691,372
38.7,378
38.709,371
38.719,376
38.728,372
38.737,379
38.747,372
38.756,381
38.766,372
38.775,380
38.784,372
38.794,381
38.803,372
38.812,382
38.822,372
38.831,378
38.841,371
38.85,374
38.859,365
38.869,373
38.878,369
38.888,377
38.897,371
38.906,380
38.916,371
38.925,376
38.934,368
38.944,372
38.953,365
38.963,372
38.972,360
38.981,368
38.991,359
39,366
39.009,358
39.019,366
39.028,356
39.037,369
39.047,360
39.056,368
39.066,364
39.075,371
39.084,367
39.094,372
39.103,366
39.112,368
39.122,358
39.131,363
39.141,359
39.15,360
39.159,351
39.169,357
39.178,348
39.187,359
39.197,348
39.206,357
39.216,347
39.225,355
39.234,350
39.244,368
39.253,359
39.263,365
39.272,357
39.281,357
39.291,348
39.3,348
39.309,346
39.319,356
39.328,359
39.338,368
39.347,357
39.356,359
39.366,348
39.375,349
39.384,350
39.394,348
39.403,350
39.412,357
39.422,351
39.431,348
39.441,350
39.45,354
39.459,356
39.469,361
39.478,359
39.487,355
39.497,348
39.506,348
39.516,347
39.525,345
39.534,349
39.544,357
39.553,353
39.562,349
39.572,347
39.581,347
39.591,356
39.6,360
39.609,360
39.619,359
39.628,357
39.638,348
39.647,346
39.656,346
39.666,346
39.675,345
39.684,351
39.694,353
39.703,360
39.713,358
39.722,363
39.731,357
39.741,357
39.75,348
39.759,351
39.769,349
39.778,347
39.787,347
39.797,349
39.806,345
39.816,347
39.825,346
39.834,348
39.844,346
39.853,344
39.862,341
39.872,345
39.881,343
39.891,348
39.9,340
39.909,347
39.919,343
39.928,345
39.937,344
39.947,348
39.956,347
39.966,350
39.975,349
39.984,357
39.994,351
40.003,356
40.013,351
40.022,358
40.031,349
40.041,357
40.05,347
40.059,352
40.069,346
40.078,348
40.088,341
40.097,348
40.106,341
40.116,348
40.125,346
40.134,351
40.144,347
40.153,353
40.162,346
40.172,354
40.181,345
40.191,347
40.2,343
40.209,349
40.219,348
40.228,357
40.237,347
40.247,348
40.256,344
40.266,347
40.275,342
40.284,346
40.294,346
40.303,350
40.312,346
40.322,357
40.331,347
40.341,348
40.35,342
40.359,347
40.369,347
40.378,355
40.388,348
40.397,359
40.406,348
40.416,352
40.425,346
40.434,347
40.444,343
40.453,347
40.463,344
40.472,347
40.481,347
40.491,357
40.5,350
40.509,361
40.519,354
40.528,357
40.537,348
40.547,348
40.556,346
40.566,347
40.575,342
40.584,347
40.594,343
40.603,347
40.612,346
40.622,347
40.631,347
40.641,354
40.65,347
40.659,359
40.669,348
40.678,357
40.687,348
40.697,358
40.706,352
40.716,357
40.725,348
40.734,357
40.744,350
40.753,361
40.763,348
40.772,354
40.781,346
40.791,350
40.8,348
40.809,350
40.819,347
40.828,351
40.838,348
40.847,349
40.856,348
40.866,351
40.875,349
40.884,352
40.894,348
40.903,351
40.912,352
40.922,355
40.931,352
40.941,356
40.95,357
40.959,356
40.969,356
40.978,358
40.987,356
40.997,356
41.006,357
41.016,356
41.025,356
41.034,357
41.044,357
41.053,358
41.062,356
41.072,356
41.081,356
41.091,356
41.1,357
41.109,357
41.119,358
41.128,357
41.138,359
41.147,356
41.156,362
41.166,360
41.175,365
41.184,364
41.194,365
41.203,360
41.213,362
41.222,358
41.231,359
41.241,356
41.25,359
41.259,351
41.269,356
41.278,356
41.287,359
41.297,353
41.306,361
41.316,356
41.325,362
41.334,358
41.344,359
41.353,357
41.362,364
41.372,358
41.381,369
41.391,358
41.4,366
41.409,360
41.419,370
41.428,367
41.437,374
41.447,366
41.456,372
41.466,369
41.475,376
41.484,370
41.494,371
41.503,366
41.513,374
41.522,371
41.531,371
41.541,371
41.55,372
41.559,369
41.569,373
41.578,368
41.588,374
41.597,367
41.606,373
41.616,368
41.625,372
41.634,366
41.644,376
41.653,367
41.662,377
41.672,369
41.681,375
41.691,370
41.7,379
41.709,371
41.719,380
41.728,373
41.737,379
41.747,371
41.756,379
41.766,373
41.775,381
41.784,375
41.794,386
41.803,379
41.812,385
41.822,375
41.831,380
41.841,374
41.85,382
41.859,378
41.869,386
41.878,380
41.888,386
41.897,380
41.906,385
41.916,378
41.925,386
41.934,379
41.944,387
41.953,377
41.963,382
41.972,375
41.981,386
41.991,377
42,382
42.009,378
42.019,384
42.028,381
42.037,387
42.047,386
42.056,393
42.066,385
42.075,394
42.084,386
42.094,387
42.103,383
42.112,384
42.122,379
42.131,385
42.141,380
42.15,388
42.159,386
42.169,397
42.178,390
42.187,396
42.197,388
42.206,387
42.216,386
42.225,387
42.234,386
42.244,390
42.253,387
42.263,394
42.272,386
42.281,392
42.291,391
42.3,395
42.309,387
42.319,392
42.328,390
42.338,397
42.347,395
42.356,393
42.366,388
42.375,395
42.384,399
42.394,406
42.403,394
42.412,388
42.422,389
42.431,400
42.441,399
42.45,395
42.459,391
42.469,396
42.478,401
42.487,395
42.497,393
42.506,392
42.516,394
42.525,397
42.534,396
42.544,397
42.553,398
42.562,398
42.572,398
42.581,395
42.591,396
42.6,397
42.609,404
42.619,405
42.628,405
42.638,400
42.647,402
42.656,401
42.666,409
42.675,408
42.684,411
42.694,408
42.703,411
42.713,406
42.722,405
42.731,401
42.741,406
42.75,402
42.759,406
42.769,405
42.778,407
42.787,407
42.797,410
42.806,406
42.816,410
42.825,407
42.834,414
42.844,407
42.853,414
42.862,408
42.872,416
42.881,409
42.891,418
42.9,409
42.909,418
42.919,408
42.928,415
42.937,409
42.947,415
42.956,411
42.966,421
42.975,411
42.984,418
42.994,409
43.003,424
43.013,411
43.022,419
43.031,410
43.041,421
43.05,413
43.059,422
43.069,413
43.078,422
43.088,413
43.097,421
43.106,413
43.116,424
43.125,415
43.134,426
43.144,418
43.153,428
43.162,418
43.172,429
43.181,420
43.191,429
43.2,420
43.209,428
43.219,419
43.228,430
43.237,423
43.247,428
43.256,425
43.266,430
43.275,428
43.284,430
43.294,424
43.303,430
43.312,425
43.322,430
43.331,429
43.341,430
43.35,430
43.359,432
43.369,426
43.378,431
43.388,430
43.397,431
43.406,430
43.416,435
43.425,429
43.434,432
43.444,431
43.453,434
43.463,432
43.472,436
43.481,431
43.491,434
43.5,431
43.509,435
43.519,434
43.528,435
43.537,430
43.547,436
43.556,430
43.566,435
43.575,430
43.584,435
43.594,434
43.603,441
43.612,435
43.622,444
43.631,437
43.641,444
43.65,436
43.659,444
43.669,437
43.678,446
43.687,437
43.697,443
43.706,436
43.716,445
43.725,439
43.734,443
43.744,437
43.753,445
43.763,441
43.772,446
43.781,444
43.791,448
43.8,446
43.809,447
43.819,446
43.828,449
43.838,448
43.847,449
43.856,449
43.866,451
43.875,449
43.884,451
43.894,450
43.903,451
43.912,448
43.922,453
43.931,450
43.941,452
43.95,449
43.959,454
43.969,455
43.978,455
43.987,456
43.997,454
44.006,458
44.016,457
44.025,457
44.034,457
44.044,459
44.053,457
44.062,459
44.072,458
44.081,459
44.091,460
44.1,459
44.109,458
44.119,462
44.128,460
44.138,460
44.147,459
44.156,462
44.166,459
44.175,462
44.184,460
44.194,462
44.203,462
44.213,466
44.222,463
44.231,466
44.241,464
44.25,466
44.259,464
44.269,471
44.278,467
44.287,470
44.297,466
44.306,470
44.316,466
44.325,469
44.334,469
44.344,471
44.353,468
44.362,471
44.372,470
44.381,473
44.391,469
44.4,473
44.409,469
44.419,477
44.428,469
44.437,475
44.447,469
44.456,475
44.466,471
44.475,478
44.484,470
44.494,477
44.503,470
44.513,480
44.522,470
44.531,479
44.541,470
44.55,479
44.559,472
44.569,481
44.578,472
44.588,481
44.597,471
44.606,481
44.616,473
44.625,481
44.634,474
44.644,480
44.653,474
44.662,482
44.672,473
44.681,484
44.691,475
44.7,483
44.709,475
44.719,483
44.728,474
44.737,481
44.747,475
44.756,484
44.766,480
44.775,485
44.784,480
44.794,487
44.803,482
44.812,487
44.822,485
44.831,488
44.841,485
44.85,486
44.859,483
44.869,486
44.878,483
44.888,488
44.897,483
44.906,488
44.916,483
44.925,488
44.934,484
44.944,489
44.953,485
44.963,490
44.972,487
44.981,492
44.991,489
45,494
45.009,489
45.019,497
45.028,489
45.037,496
45.047,489
45.056,498
45.066,491
45.075,495
45.084,487
45.094,498
45.103,491
45.112,496
45.122,490
45.131,498
45.141,494
45.15,497
45.159,495
45.169,501
45.178,497
45.187,501
45.197,499
45.206,503
45.216,499
45.225,500
45.234,499
45.244,502
45.253,502
45.263,504
45.272,501
45.281,503
45.291,502
45.3,502
45.309,502
45.319,503
45.328,504
45.338,504
45.347,502
45.356,504
45.366,502
45.375,503
45.384,503
45.394,501
45.403,501
45.412,502
45.422,504
45.431,505
45.441,503
45.45,504
45.459,504
45.469,504
45.478,505
45.487,503
45.497,504
45.506,503
45.516,505
45.525,506
45.534,504
45.544,507
45.553,502
45.562,503
45.572,504
45.581,503
45.591,504
45.6,504
45.609,504
45.619,506
45.628,504
45.638,504
45.647,502
45.656,508
45.666,505
45.675,503
45.684,508
45.694,503
45.703,510
45.713,505
45.722,510
45.731,505
45.741,510
45.75,504
45.759,513
45.769,504
45.778,512
45.787,504
45.797,512
45.806,505
45.816,512
45.825,510
45.834,511
45.844,507
45.853,513
45.862,507
45.872,512
45.881,506
45.891,513
45.9,507
45.909,514
45.919,506
45.928,514
45.937,507
45.947,516
45.956,507
45.966,516
45.975,510
45.984,520
45.994,510
46.003,520
46.013,513
46.022,523
46.031,513
46.041,522
46.05,513
46.059,521
46.069,513
46.078,523
46.088,516
46.097,519
46.106,513
46.116,524
46.125,515
46.134,524
46.144,515
46.153,525
46.162,517
46.172,526
46.181,520
46.191,526
46.2,519
46.209,527
46.219,521
46.228,528
46.237,518
46.247,525
46.256,521
46.266,527
46.275,519
46.284,525
46.294,519
46.303,527
46.312,523
46.322,525
46.331,520
46.341,526
46.35,523
46.359,527
46.369,523
46.378,531
46.388,523
46.397,525
46.406,523
46.416,528
46.425,526
46.434,527
46.444,522
46.453,527
46.463,522
46.472,526
46.481,522
46.491,528
46.5,524
46.509,527
46.519,522
46.528,529
46.537,524
46.547,528
46.556,524
46.566,529
46.575,526
46.584,523
46.594,524
46.603,528
46.612,529
46.622,529
46.631,527
46.641,528
46.65,526
46.659,528
46.669,528
46.678,528
46.687,529
46.697,529
46.706,527
46.716,528
46.725,531
46.734,528
46.744,528
46.753,532
46.763,530
46.772,531
46.781,530
46.791,532
46.8,533
46.809,533
46.819,531
46.828,530
46.838,531
46.847,533
46.856,532
46.866,530
46.875,532
46.884,531
46.894,532
46.903,532
46.912,534
46.922,532
46.931,533
46.941,531
46.95,535
46.959,532
46.969,534
46.978,533
46.987,536
46.997,532
47.006,536
47.016,534
47.025,538
47.034,534
47.044,536
47.053,533
47.062,534
47.072,531
47.081,535
47.091,535
47.1,533
47.109,535
47.119,540
47.128,534
47.138,536
47.147,534
47.156,539
47.166,536
47.175,538
47.184,534
47.194,538
47.203,535
47.213,539
47.222,537
47.231,538
47.241,537
47.25,538
47.259,536
47.269,540
47.278,536
47.287,540
47.297,536
47.306,537
47.316,534
47.325,539
47.334,535
47.344,541
47.353,537
47.362,539
47.372,536
47.381,544
47.391,537
47.4,543
47.409,538
47.419,543
47.428,537
47.437,543
47.447,539
47.456,544
47.466,538
47.475,543
47.484,538
47.494,543
47.503,538
47.513,543
47.522,538
47.531,543
47.541,538
47.55,543
47.559,537
47.569,544
47.578,537
47.588,544
47.597,538
47.606,545
47.616,540
47.625,542
47.634,538
47.644,544
47.653,537
47.662,543
47.672,538
47.681,543
47.691,537
47.7,542
47.709,537
47.719,542
47.728,538
47.737,540
47.747,537
47.756,542
47.766,537
47.775,542
47.784,538
47.794,542
47.803,537
47.812,540
47.822,537
47.831,543
47.841,538
47.85,543
47.859,537
47.869,542
47.878,538
47.888,540
47.897,537
47.906,544
47.916,538
47.925,543
47.934,537
47.944,543
47.953,536
47.963,541
47.972,537
47.981,542
47.991,536
48,540
48.009,537
48.019,542
48.028,538
48.037,541
48.047,538
48.056,542
48.066,539
48.075,540
48.084,536
48.094,540
48.103,538
48.112,539
48.122,534
48.131,537
48.141,536
48.15,537
48.159,537
48.169,538
48.178,537
48.187,537
48.197,536
48.206,537
48.216,535
48.225,538
48.234,535
48.244,538
48.253,535
48.263,537
48.272,532
48.281,537
48.291,536
48.3,538
48.309,534
48.319,537
48.328,535
48.338,537
48.347,539
48.356,536
48.366,538
48.375,536
48.384,536
48.394,536
48.403,538
48.412,536
48.422,537
48.431,538
48.441,535
48.45,535
48.459,536
48.469,534
48.478,536
48.487,535
48.497,537
48.506,534
48.516,536
48.525,533
48.534,535
48.544,534
48.553,536
48.562,532
48.572,535
48.581,533
48.591,534
48.6,531
48.609,534
48.619,531
48.628,533
48.638,530
48.647,534
48.656,531
48.666,533
48.675,530
48.684,535
48.694,529
48.703,533
48.713,528
48.722,533
48.731,527
48.741,531
48.75,528
48.759,533
48.769,526
48.778,532
48.787,530
48.797,531
48.806,530
48.816,533
48.825,528
48.834,532
48.844,530
48.853,529
48.862,527
48.872,530
48.881,528
48.891,530
48.9,528
48.909,528
48.919,523
48.928,530
48.937,523
48.947,528
48.956,525
48.966,528
48.975,524
48.984,527
48.994,524
49.003,528
49.013,521
49.022,528
49.031,522
49.041,526
49.05,524
49.059,530
49.069,524
49.078,528
49.088,520
49.097,527
49.106,522
49.116,528
49.125,522
49.134,528
49.144,523
49.153,529
49.162,522
49.172,527
49.181,521
49.191,527
49.2,520
49.209,525
49.219,519
49.228,525
49.237,520
49.247,525
49.256,520
49.266,526
49.275,518
49.284,524
49.294,517
49.303,523
49.312,518
49.322,525
49.331,515
49.341,522
49.35,516
49.359,523
49.369,515
49.378,521
49.388,516
49.397,522
49.406,514
49.416,522
49.425,515
49.434,521
49.444,515
49.453,521
49.463,513
49.472,523
49.481,515
49.491,522
49.5,514
49.509,522
49.519,515
49.528,517
49.537,513
49.547,520
49.556,513
49.566,520
49.575,514
49.584,515
49.594,512
49.603,519
49.612,511
49.622,516
49.631,515
49.641,514
49.65,512
49.659,513
49.669,511
49.678,514
49.687,511
49.697,513
49.706,512
49.716,514
49.725,512
49.734,515
49.744,511
49.753,513
49.763,509
49.772,510
49.781,508
49.791,510
49.8,506
49.809,509
49.819,507
49.828,505
49.838,506
49.847,505
49.856,509
49.866,507
49.875,506
49.884,505
49.894,504
49.903,506
49.912,507
49.922,505
49.931,506
49.941,506
49.95,507
49.959,505
49.969,505
49.978,505
49.987,504
49.997,505
50.006,503
50.016,504
50.025,503
50.034,503
50.044,503
50.053,504
50.062,503
50.072,503
50.081,505
50.091,503
50.1,505
50.109,501
50.119,503
50.128,500
50.138,503
50.147,501
50.156,503
50.166,500
50.175,503
50.184,500
50.194,504
50.203,500
50.213,502
50.222,501
50.231,501
50.241,499
50.25,503
50.259,499
50.269,504
50.278,498
50.287,502
50.297,498
50.306,502
50.316,498
50.325,501
50.334,496
50.344,501
50.353,496
50.362,501
50.372,501
50.381,500
50.391,493
50.4,499
50.409,492
50.419,500
50.428,491
50.437,501
50.447,489
50.456,499
50.466,489
50.475,498
50.484,489
50.494,497
50.503,486
50.513,497
50.522,485
50.531,493
50.541,486
50.55,494
50.559,484
50.569,494
50.578,484
50.588,494
50.597,483
50.606,492
50.616,488
50.625,492
50.634,485
50.644,492
50.653,486
50.662,493
50.672,486
50.681,493
50.691,486
50.7,493
50.709,485
50.719,490
50.728,485
50.737,489
50.747,484
50.756,491
50.766,485
50.775,488
50.784,485
50.794,489
50.803,484
50.812,486
50.822,482
50.831,486
50.841,482
50.85,484
50.859,481
50.869,484
50.878,480
50.888,484
50.897,478
50.906,483
50.916,479
50.925,485
50.934,477
50.944,483
50.953,473
50.963,478
50.972,473
50.981,481
50.991,477
51,478
51.009,473
51.019,477
51.028,474
51.037,475
51.047,474
51.056,472
51.066,469
51.075,477
51.084,467
51.094,474
51.103,467
51.112,474
51.122,470
51.131,472
51.141,472
51.15,471
51.159,469
51.169,470
51.178,470
51.187,469
51.197,469
51.206,471
51.216,468
51.225,467
51.234,468
51.244,467
51.253,469
51.263,469
51.272,469
51.281,470
51.291,467
51.3,467
51.309,464
51.319,469
51.328,466
51.338,464
51.347,464
51.356,464
51.366,465
51.375,464
51.384,463
51.394,461
51.403,461
51.412,458
51.422,459
51.431,460
51.441,462
51.45,457
51.459,459
51.469,460
51.478,460
51.487,459
51.497,460
51.506,459
51.516,463
51.525,460
51.534,463
51.544,460
51.553,462
51.562,459
51.572,460
51.581,454
51.591,454
51.6,452
51.609,457
51.619,455
51.628,458
51.638,455
51.647,460
51.656,453
51.666,456
51.675,452
51.684,457
51.694,450
51.703,451
51.713,449
51.722,453
51.731,449
51.741,452
51.75,446
51.759,450
51.769,445
51.778,450
51.787,444
51.797,449
51.806,443
51.816,448
51.825,444
51.834,448
51.844,443
51.853,451
51.862,436
51.872,444
51.881,436
51.891,446
51.9,436
51.909,443
51.919,434
51.928,441
51.937,433
51.947,441
51.956,431
51.966,439
51.975,432
51.984,440
51.994,430
52.003,437
52.013,432
52.022,435
52.031,433
52.041,436
52.05,428
52.059,437
52.069,431
52.078,436
52.088,430
52.097,435
52.106,431
52.116,435
52.125,428
52.134,436
52.144,430
52.153,433
52.162,430
52.172,436
52.181,432
52.191,434
52.2,428
52.209,435
52.219,432
52.228,436
52.237,431
52.247,435
52.256,428
52.266,435
52.275,428
52.284,436
52.294,429
52.303,434
52.312,430
52.322,433
52.331,430
52.341,431
52.35,429
52.359,433
52.369,430
52.378,436
52.388,430
52.397,431
52.406,429
52.416,429
52.425,431
52.434,431
52.444,430
52.453,431
52.463,431
52.472,428
52.481,427
52.491,429
52.5,426
52.509,430
52.519,426
52.528,430
52.537,426
52.547,432
52.556,423
52.566,429
52.575,422
52.584,426
52.594,419
52.603,424
52.612,419
52.622,421
52.631,417
52.641,421
52.65,416
52.659,420
52.669,417
52.678,421
52.687,417
52.697,418
52.706,413
52.716,418
52.725,413
52.734,417
52.744,413
52.753,415
52.763,412
52.772,410
52.781,411
52.791,411
52.8,412
52.809,414
52.819,413
52.828,413
52.838,414
52.847,412
52.856,413
52.866,412
52.875,412
52.884,411
52.894,411
52.903,409
52.912,410
52.922,408
52.931,410
52.941,406
52.95,407
52.959,406
52.969,406
52.978,406
52.987,407
52.997,404
53.006,406
53.016,404
53.025,405
53.034,402
53.044,406
53.053,401
53.062,406
53.072,398
53.081,404
53.091,399
53.1,404
53.109,398
53.119,403
53.128,400
53.138,404
53.147,397
53.156,404
53.166,397
53.175,404
53.184,397
53.194,403
53.203,397
53.213,400
53.222,394
53.231,397
53.241,394
53.25,397
53.259,393
53.269,399
53.278,392
53.287,401
53.297,393
53.306,395
53.316,389
53.325,398
53.334,388
53.344,397
53.353,389
53.362,394
53.372,385
53.381,394
53.391,385
53.4,389
53.409,381
53.419,388
53.428,383
53.437,387
53.447,381
53.456,384
53.466,381
53.475,385
53.484,380
53.494,386
53.503,381
53.513,386
53.522,382
53.531,389
53.541,381
53.55,386
53.559,383
53.569,387
53.578,380
53.588,389
53.597,382
53.606,387
53.616,382
53.625,387
53.634,382
53.644,387
53.653,379
53.662,388
53.672,377
53.681,384
53.691,376
53.7,383
53.709,373
53.719,381
53.728,372
53.737,382
53.747,370
53.756,380
53.766,374
53.775,377
53.784,370
53.794,376
53.803,369
53.812,371
53.822,371
53.831,373
53.841,369
53.85,371
53.859,366
53.869,373
53.878,367
53.888,372
53.897,364
53.906,373
53.916,365
53.925,371
53.934,362
53.944,368
53.953,365
53.963,368
53.972,360
53.981,367
53.991,359
54,367
54.009,358
54.019,365
54.028,357
54.037,364
54.047,356
54.056,361
54.066,356
54.075,364
54.084,356
54.094,359
54.103,353
54.112,356
54.122,352
54.131,358
54.141,351
54.15,356
54.159,352
54.169,356
54.178,351
54.187,353
54.197,352
54.206,356
54.216,352
54.225,356
54.234,352
54.244,353
54.253,349
54.263,349
54.272,348
54.281,345
54.291,347
54.3,348
54.309,349
54.319,347
54.328,347
54.338,347
54.347,348
54.356,347
54.366,347
54.375,347
54.384,346
54.394,347
54.403,348
54.412,343
54.422,346
54.431,345
54.441,344
54.45,342
54.459,343
54.469,343
54.478,343
54.487,341
54.497,343
54.506,342
54.516,344
54.525,344
54.534,343
54.544,342
54.553,343
54.562,339
54.572,342
54.581,342
54.591,344
54.6,339
54.609,342
54.619,337
54.628,345
54.638,336
54.647,343
54.656,334
54.666,342
54.675,331
54.684,341
54.694,334
54.703,343
54.713,332
54.722,340
54.731,328
54.741,340
54.75,329
54.759,339
54.769,330
54.778,337
54.787,330
54.797,336
54.806,329
54.816,336
54.825,328
54.834,335
54.844,327
54.853,336
54.862,327
54.872,337
54.881,328
54.891,336
54.9,327
54.909,338
54.919,330
54.928,336
54.937,328
54.947,336
54.956,327
54.966,333
54.975,327
54.984,333
54.994,327
55.003,338
55.013,327
55.022,334
55.031,325
55.041,333
55.05,327
55.059,330
55.069,322
55.078,330
55.088,324
55.097,329
55.106,322
55.116,328
55.125,323
55.134,328
55.144,325
55.153,327
55.162,321
55.172,328
55.181,319
55.191,329
55.2,320
55.209,326
55.219,318
55.228,327
55.237,320
55.247,327
55.256,319
55.266,327
55.275,319
55.284,327
55.294,317
55.303,326
55.312,316
55.322,327
55.331,319
55.341,326
55.35,317
55.359,326
55.369,319
55.378,328
55.388,317
55.397,327
55.406,318
55.416,327
55.425,320
55.434,325
55.444,319
55.453,325
55.463,315
55.472,325
55.481,315
55.491,327
55.5,318
55.509,324
55.519,315
55.528,319
55.537,315
55.547,321
55.556,315
55.566,321
55.575,317
55.584,322
55.594,319
55.603,321
55.612,319
55.622,323
55.631,317
55.641,324
55.65,318
55.659,318
55.669,317
55.678,319
55.687,316
55.697,316
55.706,317
55.716,317
55.725,314
55.734,315
55.744,326
55.753,313
55.763,315
55.772,317
55.781,315
55.791,317
55.8,316
55.809,311
55.819,313
55.828,317
55.838,316
55.847,314
55.856,316
55.866,316
55.875,318
55.884,314
55.894,318
55.903,313
55.912,315
55.922,313
55.931,317
55.941,310
55.95,317
55.959,310
55.969,312
55.978,314
55.987,316
55.997,310
56.006,317
56.016,308
56.025,316
56.034,308
56.044,320
56.053,308
56.062,311
56.072,309
56.081,313
56.091,309
56.1,310
56.109,308
56.119,313
56.128,306
56.138,312
56.147,308
56.156,311
56.166,307
56.175,311
56.184,306
56.194,309
56.203,306
56.213,308
56.222,307
56.231,310
56.241,317
56.25,306
56.259,306
56.269,309
56.278,305
56.287,309
56.297,304
56.306,309
56.316,309
56.325,310
56.334,304
56.344,316
56.353,304
56.362,309
56.372,304
56.381,312
56.391,306
56.4,313
56.409,306
56.419,315
56.428,306
56.437,313
56.447,308
56.456,314
56.466,309
56.475,314
56.484,308
56.494,314
56.503,308
56.513,316
56.522,308
56.531,317
56.541,313
56.55,316
56.559,308
56.569,316
56.578,308
56.588,312
56.597,307
56.606,315
56.616,310
56.625,315
56.634,308
56.644,316
56.653,310
56.662,317
56.672,308
56.681,315
56.691,308
56.7,315
56.709,309
56.719,315
56.728,308
56.737,314
56.747,310
56.756,316
56.766,307
56.775,315
56.784,310
56.794,316
56.803,312
56.812,317
56.822,307
56.831,318
56.841,309
56.85,318
56.859,310
56.869,317
56.878,311
56.888,317
56.897,314
56.906,323
56.916,315
56.925,320
56.934,315
56.944,328
56.953,316
56.963,322
56.972,319
56.981,319
56.991,316
57,322
57.009,315
57.019,321
57.028,318
57.037,322
57.047,317
57.056,321
57.066,318
57.075,320
57.084,316
57.094,316
57.103,318
57.112,318
57.122,316
57.131,319
57.141,322
57.15,327
57.159,326
57.169,323
57.178,326
57.187,324
57.197,325
57.206,324
57.216,325
57.225,321
57.234,323
57.244,326
57.253,328
57.263,325
57.272,325
57.281,319
57.291,319
57.3,318
57.309,325
57.319,320
57.328,326
57.338,321
57.347,324
57.356,321
57.366,326
57.375,325
57.384,328
57.394,327
57.403,328
57.412,329
57.422,326
57.431,328
57.441,331
57.45,328
57.459,330
57.469,328
57.478,332
57.487,329
57.497,333
57.506,328
57.516,334
57.525,332
57.534,334
57.544,332
57.553,338
57.562,329
57.572,338
57.581,331
57.591,339
57.6,328
57.609,335
57.619,326
57.628,333
57.638,329
57.647,334
57.656,332
57.666,344
57.675,337
57.684,345
57.694,337
57.703,343
57.713,332
57.722,340
57.731,331
57.741,343
57.75,334
57.759,344
57.769,334
57.778,346
57.787,337
57.797,348
57.806,336
57.816,346
57.825,333
57.834,345
57.844,342
57.853,344
57.862,332
57.872,346
57.881,342
57.891,347
57.9,339
57.909,347
57.919,338
57.928,346
57.937,339
57.947,349
57.956,343
57.966,347
57.975,344
57.984,347
57.994,347
58.003,347
58.013,343
58.022,347
58.031,346
58.041,355
58.05,347
58.059,355
58.069,348
58.078,347
58.088,345
58.097,348
58.106,349
58.116,362
58.125,347
58.134,357
58.144,348
58.153,348
58.162,345
58.172,353
58.181,349
58.191,353
58.2,348
58.209,357
58.219,347
58.228,353
58.237,351
58.247,357
58.256,354
58.266,368
58.275,358
58.284,365
58.294,353
58.303,356
58.312,350
58.322,360
58.331,358
58.341,367
58.35,358
58.359,368
58.369,361
58.378,366
58.388,357
58.397,363
58.406,360
58.416,367
58.425,362
58.434,366
58.444,364
58.453,370
58.463,366
58.472,368
58.481,370
58.491,372
58.5,368
58.509,366
58.519,366
58.528,372
58.537,373
58.547,373
58.556,366
58.566,364
58.575,370
58.584,370
58.594,378
58.603,375
58.612,371
58.622,371
58.631,375
58.641,378
58.65,377
58.659,373
58.669,381
58.678,378
58.687,380
58.697,373
58.706,378
58.716,376
58.725,380
58.734,379
58.744,383
58.753,380
58.763,383
58.772,378
58.781,382
58.791,380
58.8,382
58.809,380
58.819,384
58.828,381
58.838,386
58.847,381
58.856,386
58.866,381
58.875,382
58.884,377
58.894,383
58.903,380
58.912,385
58.922,384
58.931,387
58.941,389
58.95,393
58.959,388
58.969,393
58.978,386
58.987,388
58.997,384
59.006,388
59.016,387
59.025,393
59.034,386
59.044,396
59.053,386
59.062,395
59.072,387
59.081,393
59.091,386
59.1,395
59.109,387
59.119,396
59.128,390
59.138,395
59.147,387
59.156,397
59.166,387
59.175,394
59.184,385
59.194,395
59.203,386
59.213,399
59.222,392
59.231,404
59.241,396
59.25,403
59.259,395
59.269,405
59.278,396
59.287,403
59.297,396
59.306,404
59.316,395
59.325,401
59.334,395
59.344,401
59.353,396
59.362,403
59.372,395
59.381,404
59.391,396
59.4,406
59.409,396
59.419,406
59.428,404
59.437,404
59.447,401
59.456,406
59.466,404
59.475,409
59.484,405
59.494,407
59.503,403
59.513,409
59.522,401
59.531,410
59.541,404
59.55,413
59.559,409
59.569,415
59.578,407
59.588,415
59.597,409
59.606,418
59.616,412
59.625,421
59.634,419
59.644,421
59.653,414
59.662,419
59.672,413
59.681,421
59.691,416
59.7,420
59.709,413
59.719,422
59.728,420
59.737,425
59.747,421
59.756,423
59.766,420
59.775,425
59.784,424
59.794,427
59.803,425
59.812,426
59.822,424
59.831,425
59.841,425
59.85,421
59.859,426
59.869,430
59.878,430
59.888,430
59.897,432
59.906,431
59.916,430
59.925,432
59.934,430
59.944,429
59.953,430
59.963,427
59.972,429
59.981,430
59.991,432
60,430
60.009,430
60.019,430
60.028,430
60.037,432
60.047,435
60.056,434
60.066,435
60.075,432
60.084,435
60.094,435
60.103,440
60.112,437
60.122,444
60.131,441
60.141,445
60.15,443
60.159,444
60.169,441
60.178,448
60.187,447
60.197,448
60.206,443
60.216,454
60.225,450
60.234,454
60.244,449
60.253,450
60.263,446
60.272,451
60.281,448
60.291,450
60.3,446
60.309,449
60.319,447
60.328,452
60.338,450
60.347,460
60.356,456
60.366,462
60.375,454
60.384,463
60.394,450
60.403,456
60.412,449
60.422,453
60.431,451
60.441,458
60.45,448
60.459,459
60.469,450
60.478,457
60.487,450
60.497,460
60.506,452
60.516,461
60.525,453
60.534,462
60.544,456
60.553,461
60.562,454
60.572,462
60.581,456
60.591,464
60.6,460
60.609,465
60.619,460
60.628,463
60.638,457
60.647,462
60.656,456
60.666,463
60.675,458
60.684,465
60.694,460
60.703,465
60.713,459
60.722,468
60.731,464
60.741,469
60.75,467
60.759,470
60.769,466
60.778,469
60.787,463
60.797,470
60.806,467
60.816,469
60.825,465
60.834,470
60.844,468
60.853,470
60.862,469
60.872,473
60.881,469
60.891,468
60.9,466
60.909,475
60.919,471
60.928,475
60.937,471
60.947,475
60.956,475
60.966,475
60.975,470
60.984,475
60.994,471
61.003,471
61.013,469
61.022,472
61.031,471
61.041,475
61.05,471
61.059,474
61.069,474
61.078,482
61.088,475
61.097,478
61.106,485
61.116,483
61.125,483
61.134,481
61.144,483
61.153,485
61.162,484
61.172,484
61.181,485
61.191,484
61.2,485
61.209,485
61.219,482
61.228,482
61.237,484
61.247,486
61.256,486
61.266,484
61.275,484
61.284,484
61.294,488
61.303,485
61.312,486
61.322,482
61.331,485
61.341,483
61.35,485
61.359,489
61.369,497
61.378,491
61.388,487
61.397,485
61.406,488
61.416,486
61.425,492
61.434,489
61.444,498
61.453,492
61.463,497
61.472,491
61.481,499
61.491,492
61.5,497
61.509,489
61.519,496
61.528,487
61.537,497
61.547,492
61.556,497
61.566,494
61.575,500
61.584,495
61.594,503
61.603,500
61.612,503
61.622,500
61.631,502
61.641,499
61.65,503
61.659,500
61.669,502
61.678,501
61.687,506
61.697,501
61.706,503
61.716,498
61.725,504
61.734,499
61.744,500
61.753,500
61.763,507
61.772,500
61.781,506
61.791,500
61.8,504
61.809,502
61.819,504
61.828,503
61.838,506
61.847,503
61.856,504
61.866,503
61.875,503
61.884,502
61.894,504
61.903,503
61.912,508
61.922,505
61.931,514
61.941,506
61.95,512
61.959,503
61.969,507
61.978,503
61.987,507
61.997,502
62.006,510
62.016,503
62.025,510
62.034,502
62.044,513
62.053,509
62.062,513
62.072,505
62.081,512
62.091,506
62.1,514
62.109,514
62.119,516
62.128,510
62.138,516
62.147,512
62.156,515
62.166,510
62.175,515
62.184,513
62.194,513
62.203,509
62.213,515
62.222,510
62.231,514
62.241,513
62.25,519
62.259,514
62.269,522
62.278,519
62.287,525
62.297,523
62.306,527
62.316,524
62.325,525
62.334,517
62.344,514
62.353,514
62.362,514
62.372,516
62.381,521
62.391,522
62.4,523
62.409,520
62.419,523
62.428,524
62.437,527
62.447,527
62.456,528
62.466,529
62.475,527
62.484,526
62.494,526
62.503,530
62.513,525
62.522,524
62.531,523
62.541,526
62.55,522
62.559,525
62.569,522
62.578,524
62.588,525
62.597,528
62.606,527
62.616,530
62.625,523
62.634,526
62.644,524
62.653,528
62.662,529
62.672,528
62.681,522
62.691,528
62.7,521
62.709,524
62.719,519
62.728,528
62.737,525
62.747,528
62.756,528
62.766,528
62.775,527
62.784,528
62.794,527
62.803,533
62.812,528
62.822,534
62.831,528
62.841,533
62.85,528
62.859,535
62.869,529
62.878,535
62.888,530
62.897,535
62.906,528
62.916,538
62.925,532
62.934,541
62.944,536
62.953,540
62.963,534
62.972,538
62.981,535
62.991,542
63,535
63.009,541
63.019,534
63.028,541
63.037,537
63.047,544
63.056,541
63.066,546
63.075,539
63.084,542
63.094,536
63.103,539
63.112,535
63.122,543
63.131,538
63.141,546
63.15,541
63.159,544
63.169,540
63.178,546
63.187,543
63.197,547
63.206,539
63.216,544
63.225,540
63.234,547
63.244,542
63.253,547
63.263,538
63.272,543
63.281,540
63.291,545
63.3,540
63.309,547
63.319,543
63.328,544
63.338,538
63.347,543
63.356,539
63.366,540
63.375,538
63.384,539
63.394,534
63.403,539
63.412,534
63.422,542
63.431,538
63.441,542
63.45,539
63.459,542
63.469,538
63.478,544
63.487,538
63.497,541
63.506,538
63.516,541
63.525,536
63.534,540
63.544,537
63.553,540
63.562,541
63.572,547
63.581,540
63.591,541
63.6,537
63.609,541
63.619,542
63.628,547
63.638,541
63.647,540
63.656,539
63.666,540
63.675,538
63.684,541
63.694,542
63.703,541
63.713,540
63.722,537
63.731,537
63.741,541
63.75,543
63.759,547
63.769,546
63.778,543
63.787,545
63.797,545
63.806,547
63.816,547
63.825,547
63.834,545
63.844,547
63.853,543
63.862,549
63.872,545
63.881,548
63.891,545
63.9,548
63.909,543
63.919,545
63.928,543
63.937,546
63.947,541
63.956,546
63.966,543
63.975,543
63.984,542
63.994,547
64.003,542
64.013,548
64.022,546
64.031,549
64.041,549
64.05,548
64.059,546
64.069,549
64.078,549
64.088,549
64.097,550
64.106,549
64.116,547
64.125,547
64.134,546
64.144,549
64.153,546
64.163,549
64.172,547
64.181,550
64.191,546
64.2,552
64.209,546
64.219,551
64.228,547
64.238,549
64.247,542
64.256,549
64.266,539
64.275,545
64.284,538
64.294,548
64.303,534
64.313,545
64.322,538
64.331,545
64.341,538
64.35,549
64.359,538
64.369,548
64.378,541
64.388,546
64.397,535
64.406,543
64.416,539
64.425,544
64.434,537
64.444,544
64.453,540
64.463,541
64.472,537
64.481,544
64.491,537
64.5,543
64.509,537
64.519,542
64.528,534
64.538,538
64.547,536
64.556,540
64.566,536
64.575,538
64.584,535
64.594,540
64.603,536
64.613,542
64.622,539
64.631,544
64.641,541
64.65,547
64.659,542
64.669,548
64.678,544
64.688,548
64.697,544
64.706,547
64.716,540
64.725,547
64.734,543
64.744,547
64.753,543
64.763,546
64.772,539
64.781,543
64.791,538
64.8,544
64.809,539
64.819,542
64.828,537
64.838,541
64.847,537
64.856,541
64.866,537
64.875,543
64.884,539
64.894,542
64.903,539
64.913,541
64.922,540
64.931,542
64.941,541
64.95,542
64.959,540
64.969,542
64.978,541
64.988,541
64.997,542
65.006,539
65.016,541
65.025,539
65.034,538
65.044,536
65.053,538
65.063,539
65.072,539
65.081,537
65.091,537
65.1,538
65.109,538
65.119,536
65.128,538
65.138,538
65.147,538
65.156,536
65.166,538
65.175,536
65.184,539
65.194,539
65.203,539
65.213,536
65.222,539
65.231,538
65.241,543
65.25,541
65.259,543
65.269,538
65.278,540
65.288,539
65.297,542
65.306,540
65.316,543
65.325,539
65.334,541
65.344,537
65.353,540
65.363,536
65.372,540
65.381,535
65.391,542
65.4,535
65.409,539
65.419,531
65.428,538
65.438,533
65.447,540
65.456,531
65.466,537
65.475,529
65.484,537
65.494,528
65.503,534
65.513,531
65.522,534
65.531,528
65.541,532
65.55,527
65.559,531
65.569,528
65.578,531
65.588,527
65.597,533
65.606,528
65.616,534
65.625,528
65.634,538
65.644,528
65.653,535
65.663,528
65.672,536
65.681,527
65.691,536
65.7,528
65.709,534
65.719,529
65.728,533
65.738,529
65.747,534
65.756,529
65.766,534
65.775,527
65.784,533
65.794,527
65.803,532
65.813,528
65.822,533
65.831,528
65.841,535
65.85,529
65.859,535
65.869,530
65.878,534
65.888,528
65.897,534
65.906,527
65.916,533
65.925,527
65.934,533
65.944,528
65.953,532
65.963,528
65.972,532
65.981,527
65.991,531
66,531
66.009,527
66.019,526
66.028,527
66.038,525
66.047,526
66.056,524
66.066,528
66.075,523
66.084,527
66.094,523
66.103,525
66.113,523
66.122,525
66.131,522
66.141,526
66.15,521
66.159,523
66.169,521
66.178,521
66.188,518
66.197,522
66.206,516
66.216,519
66.225,515
66.234,516
66.244,515
66.253,516
66.263,515
66.272,515
66.281,514
66.291,514
66.3,515
66.309,514
66.319,512
66.328,515
66.338,515
66.347,513
66.356,514
66.366,513
66.375,514
66.384,511
66.394,516
66.403,510
66.413,512
66.422,507
66.431,510
66.441,510
66.45,513
66.459,508
66.469,512
66.478,508
66.488,509
66.497,505
66.506,507
66.516,504
66.525,506
66.534,504
66.544,506
66.553,506
66.563,504
66.572,507
66.581,503
66.591,502
66.6,503
66.609,503
66.619,505
66.628,502
66.638,503
66.647,501
66.656,504
66.666,500
66.675,504
66.684,499
66.694,502
66.703,499
66.713,504
66.722,499
66.731,506
66.741,498
66.75,503
66.759,495
66.769,501
66.778,491
66.788,500
66.797,493
66.806,500
66.816,493
66.825,499
66.834,490
66.844,499
66.853,489
66.863,500
66.872,490
66.881,500
66.891,491
66.9,501
66.909,489
66.919,500
66.928,493
66.938,500
66.947,499
66.956,505
66.966,495
66.975,503
66.984,495
66.994,502
67.003,494
67.013,501
67.022,496
67.031,503
67.041,494
67.05,500
67.059,493
67.069,500
67.078,493
67.088,499
67.097,489
67.106,496
67.116,491
67.125,495
67.134,487
67.144,492
67.153,486
67.163,489
67.172,484
67.181,488
67.191,485
67.2,488
67.209,484
67.219,488
67.228,484
67.238,483
67.247,482
67.256,486
67.266,483
67.275,486
67.284,481
67.294,483
67.303,479
67.313,483
67.322,480
67.331,485
67.341,481
67.35,483
67.359,478
67.369,482
67.378,478
67.388,480
67.397,477
67.406,478
67.416,474
67.425,476
67.434,474
67.444,475
67.453,473
67.463,474
67.472,472
67.481,474
67.491,475
67.5,475
67.509,473
67.519,474
67.528,475
67.538,473
67.547,473
67.556,473
67.566,470
67.575,469
67.584,473
67.594,469
67.603,472
67.613,469
67.622,470
67.631,469
67.641,471
67.65,470
67.659,470
67.669,468
67.678,472
67.688,471
67.697,472
67.706,469
67.716,472
67.725,471
67.734,470
67.744,468
67.753,470
67.763,468
67.772,471
67.781,469
67.791,469
67.8,468
67.809,469
67.819,468
67.828,472
67.838,467
67.847,469
67.856,465
67.866,469
67.875,465
67.884,469
67.894,464
67.903,469
67.913,466
67.922,468
67.931,465
67.941,469
67.95,463
67.959,468
67.969,462
67.978,468
67.988,460
67.997,467
68.006,459
68.016,467
68.025,461
68.034,466
68.044,461
68.053,465
68.063,460
68.072,464
68.081,458
68.091,465
68.1,455
68.109,463
68.119,455
68.128,461
68.138,454
68.147,461
68.156,454
68.166,460
68.175,452
68.184,461
68.194,456
68.203,458
68.213,454
68.222,457
68.231,450
68.241,457
68.25,451
68.259,459
68.269,450
68.278,457
68.288,450
68.297,454
68.306,449
68.316,452
68.325,446
68.334,449
68.344,445
68.353,450
68.363,444
68.372,450
68.381,444
68.391,449
68.4,443
68.409,449
68.419,441
68.428,451
68.438,439
68.447,447
68.456,438
68.466,446
68.475,437
68.484,445
68.494,437
68.503,441
68.513,435
68.522,443
68.531,435
68.541,441
68.55,436
68.559,438
68.569,433
68.578,435
68.588,433
68.597,436
68.606,431
68.616,435
68.625,434
68.634,434
68.644,431
68.653,435
68.663,431
68.672,432
68.681,432
68.691,432
68.7,430
68.709,430
68.719,430
68.728,431
68.738,431
68.747,430
68.756,431
68.766,430
68.775,429
68.784,432
68.794,430
68.803,428
68.813,430
68.822,427
68.831,430
68.841,429
68.85,429
68.859,428
68.869,428
68.878,427
68.888,427
68.897,424
68.906,425
68.916,423
68.925,427
68.934,421
68.944,422
68.953,419
68.963,424
68.972,423
68.981,424
68.991,419
69,422
69.009,416
69.019,421
69.028,418
69.038,422
69.047,418
69.056,422
69.066,415
69.075,420
69.084,416
69.094,420
69.103,413
69.113,420
69.122,411
69.131,414
69.141,406
69.15,413
69.159,406
69.169,412
69.178,403
69.188,408
69.197,400
69.206,407
69.216,403
69.225,406
69.234,396
69.244,405
69.253,395
69.263,403
69.272,395
69.281,404
69.291,393
69.3,403
69.309,393
69.319,401
69.328,395
69.338,402
69.347,394
69.356,404
69.366,394
69.375,401
69.384,392
69.394,400
69.403,391
69.413,397
69.422,391
69.431,396
69.441,387
69.45,394
69.459,385
69.469,396
69.478,386
69.488,394
69.497,387
69.506,390
69.516,386
69.525,389
69.534,386
69.544,390
69.553,386
69.563,387
69.572,386
69.581,389
69.591,384
69.6,387
69.609,385
69.619,386
69.628,381
69.638,386
69.647,380
69.656,387
69.666,382
69.675,387
69.684,381
69.694,384
69.703,382
69.713,386
69.722,382
69.731,386
69.741,380
69.75,383
69.759,379
69.769,382
69.778,377
69.788,381
69.797,377
69.806,381
69.816,377
69.825,380
69.834,374
69.844,380
69.853,373
69.863,376
69.872,375
69.881,377
69.891,373
69.9,376
69.909,374
69.919,377
69.928,374
69.938,374
69.947,373
69.956,373
69.966,373
69.975,376
69.984,373
69.994,371
70.003,373
70.013,370
70.022,372
70.031,370
70.041,371
70.05,371
70.059,369
70.069,366
70.078,367
70.088,364
70.097,365
70.106,366
70.116,365
70.125,361
70.134,363
70.144,357
70.153,362
70.163,358
70.172,363
70.181,358
70.191,358
70.2,357
70.209,357
70.219,355
70.228,359
70.238,357
70.247,361
70.256,356
70.266,361
70.275,355
70.284,361
70.294,356
70.303,364
70.313,358
70.322,356
70.331,351
70.341,359
70.35,354
70.359,363
70.369,355
70.378,358
70.388,348
70.397,357
70.406,347
70.416,358
70.425,349
70.434,359
70.444,348
70.453,355
70.463,344
70.472,353
70.481,347
70.491,357
70.5,347
70.509,354
70.519,347
70.528,350
70.538,347
70.547,349
70.556,348
70.566,350
70.575,345
70.584,348
70.594,343
70.603,345
70.613,344
70.622,347
70.631,342
70.641,348
70.65,342
70.659,347
70.669,340
70.678,349
70.688,342
70.697,345
70.706,341
70.716,345
70.725,340
70.734,347
70.744,343
70.753,346
70.763,337
70.772,345
70.781,335
70.791,345
70.8,340
70.809,344
70.819,336
70.828,342
70.838,334
70.847,342
70.856,338
70.866,343
70.875,337
70.884,342
70.894,333
70.903,342
70.913,330
70.922,340
70.931,330
70.941,344
70.95,329
70.959,337
70.969,331
70.978,337
70.988,329
70.997,336
71.006,328
71.016,334
71.025,327
71.034,332
71.044,328
71.053,334
71.063,328
71.072,330
71.081,327
71.091,328
71.1,326
71.109,329
71.119,327
71.128,328
71.138,326
71.147,326
71.156,322
71.166,325
71.175,326
71.184,326
71.194,324
71.203,321
71.213,317
71.222,320
71.231,323
71.241,323
71.25,320
71.259,318
71.269,316
71.278,315
71.288,318
71.297,318
71.306,318
71.316,314
71.325,316
71.334,311
71.344,318
71.353,309
71.363,312
71.372,313
71.381,314
71.391,308
71.4,310
71.409,308
71.419,315
71.428,306
71.438,311
71.447,309
71.456,306
71.466,305
71.475,308
71.484,309
71.494,311
71.503,309
71.513,309
71.522,309
71.531,308
71.541,307
71.55,308
71.559,308
71.569,310
71.578,304
71.588,308
71.597,305
71.606,307
71.616,308
71.625,309
71.634,302
71.644,319
71.653,303
71.663,307
71.672,303
71.681,309
71.691,302
71.7,307
71.709,301
71.719,308
71.728,299
71.738,308
71.747,302
71.756,309
71.766,301
71.775,307
71.784,299
71.794,310
71.803,301
71.813,309
71.822,302
71.831,309
71.841,303
71.85,308
71.859,303
71.869,308
71.878,302
71.888,309
71.897,302
71.906,308
71.916,307
71.925,310
71.934,302
71.944,313
71.953,303
71.963,310
71.972,304
71.981,308
71.991,302
72,308
72.009,301
72.019,306
72.028,300
72.038,310
72.047,302
72.056,307
72.066,305
72.075,311
72.084,301
72.094,309
72.103,300
72.113,305
72.122,299
72.131,306
72.141,303
72.15,307
72.159,303
72.169,307
72.178,302
72.188,308
72.197,300
72.206,307
72.216,301
72.225,306
72.234,299
72.244,306
72.253,303
72.263,305
72.272,297
72.281,304
72.291,299
72.3,304
72.309,300
72.319,303
72.328,299
72.338,302
72.347,298
72.356,300
72.366,300
72.375,303
72.384,298
72.394,306
72.403,299
72.413,302
72.422,301
72.431,301
72.441,312
72.45,299
72.459,299
72.469,302
72.478,302
72.488,302
72.497,301
72.506,301
72.516,300
72.525,300
72.534,299
72.544,304
72.553,302
72.563,300
72.572,302
72.581,300
72.591,303
72.6,298
72.609,302
72.619,298
72.628,303
72.638,301
72.647,303
72.656,301
72.666,305
72.675,303
72.684,307
72.694,304
72.703,306
72.713,302
72.722,305
72.731,301
72.741,309
72.75,305
72.759,306
72.769,303
72.778,305
72.788,298
72.797,307
72.806,304
72.816,307
72.825,297
72.834,308
72.844,304
72.853,304
72.863,298
72.872,305
72.881,299
72.891,306
72.9,299
72.909,305
72.919,297
72.928,307
72.938,301
72.947,309
72.956,302
72.966,308
72.975,297
72.984,308
72.994,300
73.003,307
73.013,301
73.022,308
73.031,301
73.041,308
73.05,300
73.059,308
73.069,303
73.078,309
73.088,303
73.097,308
73.106,303
73.116,311
73.125,303
73.134,310
73.144,312
73.153,309
73.163,304
73.172,310
73.181,304
73.191,308
73.2,303
73.209,306
73.219,304
73.228,310
73.238,303
73.247,310
73.256,304
73.266,309
73.275,307
73.284,310
73.294,307
73.303,310
73.313,310
73.322,309
73.331,310
73.341,308
73.35,306
73.359,308
73.369,307
73.378,312
73.388,308
73.397,312
73.406,308
73.416,313
73.425,309
73.434,311
73.444,311
73.453,312
73.463,309
73.472,312
73.481,307
73.491,316
73.5,309
73.509,314
73.519,308
73.528,319
73.538,307
73.547,313
73.556,309
73.566,313
73.575,310
73.584,316
73.594,312
73.603,315
73.613,311
73.622,317
73.631,315
73.641,316
73.65,317
73.659,317
73.669,319
73.678,319
73.688,319
73.697,317
73.706,318
73.716,317
73.725,317
73.734,317
73.744,327
73.753,318
73.763,317
73.772,318
73.781,320
73.791,317
73.8,321
73.809,320
73.819,327
73.828,319
73.838,323
73.847,321
73.856,326
73.866,322
73.875,325
73.884,322
73.894,328
73.903,324
73.913,326
73.922,321
73.931,327
73.941,326
73.95,325
73.959,324
73.969,327
73.978,324
73.988,328
73.997,324
74.006,327
74.016,328
74.025,327
74.034,328
74.044,331
74.053,329
74.063,334
74.072,327
74.081,334
74.091,329
74.1,335
74.109,328
74.119,342
74.128,330
74.138,339
74.147,330
74.156,341
74.166,331
74.175,341
74.184,333
74.194,343
74.203,334
74.213,345
74.222,337
74.231,347
74.241,340
74.25,347
74.259,339
74.269,347
74.278,342
74.288,347
74.297,341
74.306,347
74.316,340
74.325,348
74.334,342
74.344,348
74.353,342
74.363,348
74.372,344
74.381,347
74.391,343
74.4,348
74.409,343
74.419,348
74.428,343
74.438,347
74.447,345
74.456,349
74.466,346
74.475,348
74.484,345
74.494,347
74.503,347
74.513,348
74.522,347
74.531,349
74.541,348
74.55,349
74.559,347
74.569,349
74.578,348
74.588,350
74.597,347
74.606,349
74.616,348
74.625,351
74.634,347
74.644,356
74.653,350
74.663,352
74.672,347
74.681,357
74.691,347
74.7,357
74.709,345
74.719,356
74.728,350
74.738,356
74.747,348
74.756,357
74.766,354
74.775,358
74.784,358
74.794,359
74.803,359
74.813,359
74.822,357
74.831,361
74.841,359
74.85,364
74.859,362
74.869,364
74.878,365
74.888,365
74.897,365
74.906,368
74.916,366
74.925,365
74.934,365
74.944,367
74.953,367
74.963,369
74.972,369
74.981,371
74.991,372
75,370
