index,counts
1,2
2,1
3,1
4,1
5,3
6,3
7,4
8,4
9,2
10,2
11,2
12,1
13,2
14,1
15,3
16,2
17,3
18,0
19,1
20,2
21,1
22,1
23,1
24,0
25,5
26,3
27,2
28,0
29,2
30,2
31,2
32,2
33,2
34,5
35,3
36,0
37,4
38,6
39,2
40,3
41,1
42,1
43,5
44,0
45,5
46,2
47,0
48,2
49,1
50,5
51,5
52,1
53,3
54,1
55,1
56,1
57,4
58,1
59,1
60,1
61,1
62,3
63,1
64,1
65,3
66,3
67,1
68,4
69,5
70,3
71,1
72,3
73,1
74,2
75,4
76,2
77,0
78,2
79,2
80,3
81,0
82,5
83,0
84,1
85,2
86,0
87,2
88,2
89,4
90,4
91,1
92,2
93,5
94,2
95,3
96,3
97,0
98,2
99,2
100,1
101,0
102,2
103,3
104,1
105,4
106,0
107,2
108,1
109,3
110,2
111,1
112,3
113,1
114,2
115,2
116,3
117,2
118,2
119,2
120,1
121,2
122,6
123,3
124,2
125,0
126,1
127,1
128,3
129,1
130,1
131,4
132,1
133,4
134,4
135,2
136,0
137,5
138,0
139,0
140,4
141,3
142,3
143,2
144,1
145,1
146,3
147,4
148,2
149,4
150,4
151,3
152,2
153,1
154,2
155,2
156,2
157,1
158,2
159,5
160,1
161,4
162,3
163,1
164,1
165,2
166,1
167,3
168,4
169,2
170,4
171,1
172,3
173,2
174,2
175,1
176,2
177,1
178,4
179,1
180,1
181,5
182,2
183,4
184,4
185,0
186,1
187,2
188,4
189,3
190,4
191,2
192,5
193,4
194,2
195,1
196,1
197,1
198,1
199,1
200,2
201,1
202,3
203,1
204,2
205,2
206,3
207,2
208,1
209,1
210,4
211,3
212,6
213,0
214,1
215,0
216,2
217,3
218,1
219,3
220,0
221,1
222,4
223,1
224,6
225,1
226,2
227,3
228,1
229,2
230,2
231,4
232,5
233,3
234,2
235,0
236,1
237,0
238,5
239,4
240,0
241,2
242,1
243,4
244,3
245,2
246,3
247,3
248,3
249,1
250,2
251,3
252,3
253,5
254,1
255,5
256,1
257,3
258,1
259,6
260,3
261,3
262,3
263,1
264,1
265,3
266,5
267,3
268,1
269,1
270,4
271,3
272,1
273,3
274,6
275,1
276,2
277,2
278,0
279,1
280,4
281,2
282,3
283,3
284,1
285,3
286,1
287,1
288,1
289,1
290,2
291,0
292,1
293,1
294,1
295,1
296,1
297,1
298,0
299,2
300,3
301,3
302,3
303,5
304,2
305,2
306,2
307,1
308,4
309,1
310,3
311,3
312,1
313,0
314,3
315,5
316,3
317,0
318,4
319,1
320,3
321,5
322,2
323,3
324,3
325,1
326,3
327,0
328,1
329,3
330,1
331,5
332,1
333,5
334,1
335,5
336,0
337,3
338,2
339,1
340,4
341,3
342,1
343,2
344,2
345,1
346,6
347,1
348,1
349,2
350,1
351,1
352,0
353,2
354,0
355,2
356,1
357,3
358,3
359,5
360,1
361,0
362,1
363,3
364,2
365,5
366,2
367,4
368,0
369,4
370,3
371,0
372,3
373,2
374,1
375,3
376,3
377,1
378,1
379,4
380,1
381,2
382,3
383,1
384,1
385,1
386,2
387,2
388,0
389,2
390,1
391,4
392,4
393,0
394,2
395,3
396,2
397,1
398,2
399,1
400,4
401,1
402,2
403,1
404,3
405,2
406,1
407,2
408,1
409,3
410,4
411,3
412,5
413,3
414,4
415,2
416,0
417,1
418,2
419,0
420,1
421,2
422,5
423,0
424,3
425,3
426,0
427,4
428,0
429,4
430,0
431,2
432,2
433,1
434,2
435,5
436,2
437,2
438,1
439,1
440,3
441,3
442,2
443,3
444,2
445,3
446,3
447,2
448,2
449,4
450,0
451,2
452,3
453,1
454,3
455,2
456,4
457,2
458,2
459,2
460,0
461,2
462,3
463,1
464,2
465,1
466,3
467,1
468,1
469,1
470,1
471,1
472,2
473,2
474,5
475,1
476,0
477,2
478,2
479,5
480,4
481,3
482,2
483,0
484,2
485,4
486,2
487,3
488,1
489,5
490,2
491,4
492,2
493,3
494,3
495,3
496,2
497,0
498,3
499,4
500,2
501,2
502,2
503,0
504,4
505,2
506,3
507,2
508,2
509,2
510,0
511,0
512,2
513,1
514,3
515,2
516,1
517,2
518,0
519,3
520,1
521,1
522,1
523,2
524,6
525,0
526,2
527,1
528,2
529,2
530,0
531,2
532,5
533,2
534,1
535,2
536,1
537,2
538,1
539,2
540,0
541,1
542,1
543,4
544,3
545,1
546,1
547,2
548,1
549,2
550,0
551,1
552,0
553,1
554,3
555,2
556,1
557,3
558,2
559,2
560,0
561,3
562,6
563,5
564,2
565,1
566,1
567,1
568,1
569,3
570,3
571,2
572,2
573,0
574,2
575,1
576,3
577,1
578,5
579,2
580,3
581,1
582,2
583,0
584,2
585,8
586,1
587,0
588,1
589,3
590,1
591,1
592,2
593,1
594,1
595,3
596,0
597,3
598,3
599,1
600,1
601,1
602,1
603,0
604,1
605,1
606,2
607,0
608,4
609,1
610,2
611,1
612,1
613,2
614,2
615,2
616,1
617,4
618,1
619,0
620,4
621,6
622,3
623,4
624,5
625,2
626,2
627,2
628,2
629,4
630,4
631,4
632,2
633,3
634,1
635,1
636,8
637,1
638,2
639,3
640,0
641,4
642,5
643,1
644,0
645,1
646,4
647,1
648,3
649,0
650,2
651,3
652,1
653,1
654,4
655,3
656,2
657,5
658,0
659,1
660,2
661,4
662,3
663,3
664,4
665,0
666,2
667,1
668,2
669,4
670,1
671,0
672,1
673,2
674,1
675,1
676,3
677,2
678,0
679,2
680,2
681,1
682,3
683,2
684,1
685,4
686,5
687,2
688,1
689,4
690,4
691,1
692,3
693,2
694,1
695,5
696,1
697,2
698,1
699,1
700,2
701,4
702,1
703,2
704,4
705,2
706,3
707,2
708,0
709,5
710,3
711,3
712,3
713,4
714,0
715,3
716,3
717,3
718,3
719,4
720,0
721,1
722,1
723,0
724,1
725,5
726,1
727,1
728,2
729,2
730,6
731,1
732,2
733,3
734,1
735,2
736,2
737,0
738,6
739,4
740,1
741,3
742,3
743,2
744,4
745,4
746,1
747,3
748,1
749,3
750,1
751,1
752,1
753,5
754,0
755,4
756,3
757,3
758,0
759,2
760,4
761,1
762,6
763,0
764,2
765,3
766,3
767,0
768,3
769,5
770,2
771,1
772,2
773,3
774,3
775,4
776,0
777,3
778,5
779,1
780,3
781,1
782,1
783,2
784,1
785,2
786,1
787,2
788,2
789,3
790,0
791,2
792,2
793,3
794,2
795,4
796,1
797,1
798,2
799,2
800,1
801,3
802,1
803,2
804,1
805,5
806,3
807,1
808,2
809,1
810,4
811,2
812,1
813,4
814,4
815,1
816,3
817,1
818,0
819,1
820,2
821,0
822,1
823,1
824,4
825,1
826,1
827,2
828,2
829,4
830,0
831,1
832,1
833,3
834,3
835,0
836,2
837,0
838,4
839,1
840,1
841,2
842,2
843,2
844,2
845,3
846,2
847,2
848,2
849,0
850,1
851,0
852,0
853,3
854,1
855,4
856,2
857,2
858,1
859,0
860,1
861,2
862,3
863,3
864,2
865,3
866,2
867,1
868,0
869,1
870,1
871,1
872,2
873,2
874,0
875,3
876,4
877,1
878,1
879,3
880,2
881,3
882,4
883,1
884,0
885,2
886,2
887,3
888,0
889,0
890,2
891,3
892,5
893,3
894,3
895,3
896,3
897,0
898,3
899,1
900,0
901,4
902,3
903,3
904,6
905,3
906,2
907,0
908,3
909,2
910,3
911,1
912,4
913,3
914,1
915,1
916,1
917,3
918,1
919,3
920,2
921,2
922,2
923,2
924,2
925,4
926,4
927,4
928,3
929,1
930,2
931,2
932,1
933,4
934,2
935,3
936,7
937,0
938,3
939,0
940,3
941,2
942,1
943,1
944,0
945,3
946,2
947,4
948,1
949,0
950,2
951,4
952,5
953,0
954,1
955,3
956,5
957,2
958,2
959,1
960,2
961,1
962,1
963,1
964,5
965,3
966,0
967,1
968,3
969,3
970,2
971,0
972,2
973,2
974,4
975,3
976,2
977,6
978,2
979,4
980,6
981,1
982,4
983,4
984,4
985,2
986,1
987,0
988,3
989,1
990,0
991,2
992,1
993,3
994,1
995,3
996,2
997,1
998,1
999,3
1000,7
1001,0
1002,1
1003,4
1004,1
1005,0
1006,0
1007,3
1008,1
1009,1
1010,3
1011,3
1012,2
1013,1
1014,2
1015,4
1016,3
1017,1
1018,1
1019,1
1020,0
1021,2
1022,2
1023,3
1024,2
1025,0
1026,3
1027,4
1028,1
1029,2
1030,0
1031,4
1032,1
1033,6
1034,1
1035,1
1036,2
1037,3
1038,4
1039,0
1040,1
1041,2
1042,1
1043,3
1044,1
1045,0
1046,1
1047,1
1048,5
1049,3
1050,3
1051,5
1052,1
1053,0
1054,4
1055,1
1056,1
1057,1
1058,0
1059,2
1060,3
1061,2
1062,1
1063,1
1064,2
1065,1
1066,2
1067,3
1068,1
1069,2
1070,2
1071,4
1072,0
1073,4
1074,0
1075,1
1076,4
1077,1
1078,4
1079,3
1080,2
1081,0
1082,0
1083,2
1084,2
1085,0
1086,1
1087,6
1088,1
1089,5
1090,2
1091,3
1092,1
1093,1
1094,3
1095,3
1096,2
1097,2
1098,3
1099,2
1100,4
1101,2
1102,1
1103,1
1104,1
1105,1
1106,2
1107,2
1108,2
1109,1
1110,2
1111,4
1112,2
1113,3
1114,0
1115,1
1116,3
1117,1
1118,1
1119,1
1120,2
1121,2
1122,2
1123,2
1124,1
1125,2
1126,3
1127,0
1128,3
1129,3
1130,4
1131,4
1132,6
1133,4
1134,1
1135,0
1136,1
1137,1
1138,0
1139,6
1140,3
1141,4
1142,2
1143,2
1144,1
1145,1
1146,5
1147,4
1148,2
1149,1
1150,3
1151,3
1152,1
1153,2
1154,2
1155,3
1156,3
1157,0
1158,1
1159,3
1160,3
1161,1
1162,1
1163,2
1164,0
1165,3
1166,2
1167,2
1168,2
1169,3
1170,1
1171,2
1172,0
1173,5
1174,3
1175,0
1176,4
1177,2
1178,1
1179,2
1180,2
1181,2
1182,0
1183,0
1184,0
1185,2
1186,1
1187,3
1188,1
1189,2
1190,1
1191,2
1192,1
1193,3
1194,1
1195,2
1196,0
1197,1
1198,1
1199,3
1200,1
1201,2
1202,1
1203,2
1204,3
1205,5
1206,2
1207,1
1208,3
1209,2
1210,1
1211,2
1212,1
1213,0
1214,2
1215,2
1216,2
1217,1
1218,2
1219,3
1220,3
1221,4
1222,2
1223,2
1224,2
1225,2
1226,2
1227,2
1228,3
1229,2
1230,1
1231,0
1232,4
1233,2
1234,2
1235,2
1236,1
1237,7
1238,1
1239,3
1240,2
1241,1
1242,2
1243,2
1244,2
1245,6
1246,1
1247,0
1248,2
1249,3
1250,1
1251,1
1252,5
1253,1
1254,1
1255,3
1256,2
1257,5
1258,4
1259,2
1260,1
1261,3
1262,2
1263,0
1264,0
1265,0
1266,1
1267,6
1268,5
1269,2
1270,4
1271,3
1272,1
1273,1
1274,0
1275,2
1276,2
1277,3
1278,4
1279,4
1280,4
1281,2
1282,5
1283,2
1284,0
1285,1
1286,2
1287,2
1288,2
1289,4
1290,3
1291,1
1292,2
1293,0
1294,4
1295,4
1296,5
1297,3
1298,5
1299,1
1300,4
1301,1
1302,4
1303,2
1304,3
1305,6
1306,2
1307,4
1308,2
1309,2
1310,2
1311,9
1312,3
1313,2
1314,3
1315,4
1316,3
1317,1
1318,2
1319,2
1320,3
1321,3
1322,1
1323,1
1324,0
1325,1
1326,2
1327,0
1328,1
1329,2
1330,1
1331,2
1332,2
1333,2
1334,0
1335,1
1336,4
1337,2
1338,4
1339,4
1340,6
1341,0
1342,1
1343,1
1344,5
1345,2
1346,2
1347,3
1348,6
1349,5
1350,2
1351,2
1352,2
1353,1
1354,0
1355,3
1356,0
1357,1
1358,1
1359,6
1360,3
1361,3
1362,2
1363,0
1364,3
1365,5
1366,1
1367,0
1368,1
1369,2
1370,6
1371,0
1372,2
1373,2
1374,2
1375,4
1376,0
1377,2
1378,4
1379,0
1380,4
1381,0
1382,3
1383,3
1384,2
1385,1
1386,2
1387,2
1388,2
1389,1
1390,2
1391,1
1392,2
1393,4
1394,1
1395,2
1396,3
1397,1
1398,1
1399,2
1400,2
1401,5
1402,0
1403,0
1404,1
1405,4
1406,3
1407,0
1408,1
1409,2
1410,3
1411,4
1412,1
1413,0
1414,3
1415,4
1416,2
1417,0
1418,4
1419,3
1420,2
1421,0
1422,2
1423,1
1424,2
1425,2
1426,4
1427,2
1428,2
1429,2
1430,1
1431,1
1432,3
1433,4
1434,2
1435,1
1436,0
1437,0
1438,4
1439,4
1440,0
1441,2
1442,1
1443,1
1444,3
1445,1
1446,0
1447,4
1448,1
1449,3
1450,4
1451,2
1452,2
1453,2
1454,3
1455,4
1456,1
1457,2
1458,2
1459,4
1460,1
1461,1
1462,4
1463,0
1464,1
1465,5
1466,2
1467,3
1468,5
1469,1
1470,1
1471,3
1472,1
1473,2
1474,3
1475,0
1476,4
1477,2
1478,4
1479,1
1480,1
1481,1
1482,4
1483,2
1484,1
1485,2
1486,2
1487,1
1488,1
1489,0
1490,0
1491,3
1492,3
1493,2
1494,4
1495,2
1496,1
1497,0
1498,2
1499,2
1500,2
1501,3
1502,2
1503,3
1504,4
1505,2
1506,2
1507,1
1508,1
1509,1
1510,4
1511,0
1512,3
1513,3
1514,3
1515,2
1516,0
1517,5
1518,1
1519,2
1520,0
1521,2
1522,2
1523,2
1524,2
1525,3
1526,0
1527,1
1528,3
1529,4
1530,2
1531,5
1532,3
1533,3
1534,2
1535,2
1536,2
1537,2
1538,2
1539,1
1540,2
1541,1
1542,1
1543,3
1544,4
1545,0
1546,1
1547,0
1548,1
1549,1
1550,3
1551,3
1552,0
1553,3
1554,3
1555,0
1556,1
1557,2
1558,1
1559,5
1560,5
1561,2
1562,3
1563,1
1564,0
1565,1
1566,4
1567,4
1568,3
1569,3
1570,4
1571,1
1572,3
1573,4
1574,1
1575,1
1576,2
1577,3
1578,1
1579,5
1580,4
1581,1
1582,3
1583,2
1584,4
1585,1
1586,0
1587,3
1588,3
1589,4
1590,0
1591,4
1592,2
1593,1
1594,1
1595,3
1596,2
1597,1
1598,0
1599,2
1600,2
1601,1
1602,2
1603,2
1604,0
1605,1
1606,4
1607,3
1608,1
1609,2
1610,1
1611,5
1612,2
1613,2
1614,2
1615,1
1616,1
1617,1
1618,5
1619,3
1620,2
1621,2
1622,1
1623,3
1624,1
1625,2
1626,0
1627,3
1628,1
1629,0
1630,3
1631,1
1632,3
1633,3
1634,3
1635,1
1636,2
1637,3
1638,0
1639,2
1640,1
1641,0
1642,3
1643,0
1644,1
1645,4
1646,3
1647,4
1648,3
1649,0
1650,2
1651,2
1652,1
1653,0
1654,1
1655,4
1656,1
1657,3
1658,5
1659,4
1660,2
1661,1
1662,1
1663,3
1664,4
1665,1
1666,3
1667,2
1668,4
1669,1
1670,1
1671,3
1672,2
1673,2
1674,2
1675,1
1676,2
1677,2
1678,3
1679,0
1680,4
1681,2
1682,3
1683,3
1684,1
1685,5
1686,4
1687,4
1688,2
1689,2
1690,0
1691,2
1692,2
1693,3
1694,5
1695,0
1696,0
1697,3
1698,2
1699,3
1700,2
1701,1
1702,2
1703,5
1704,3
1705,3
1706,2
1707,2
1708,3
1709,1
1710,1
1711,4
1712,2
1713,2
1714,7
1715,1
1716,2
1717,2
1718,3
1719,1
1720,3
1721,3
1722,0
1723,2
1724,1
1725,1
1726,3
1727,2
1728,1
1729,3
1730,4
1731,2
1732,0
1733,2
1734,3
1735,1
1736,3
1737,0
1738,0
1739,2
1740,1
1741,1
1742,1
1743,1
1744,0
1745,3
1746,2
1747,3
1748,1
1749,4
1750,3
1751,0
1752,5
1753,2
1754,0
1755,2
1756,3
1757,0
1758,1
1759,4
1760,3
1761,1
1762,2
1763,3
1764,2
1765,1
1766,2
1767,1
1768,1
1769,3
1770,2
1771,3
1772,0
1773,2
1774,0
1775,2
1776,2
1777,0
1778,3
1779,2
1780,3
1781,1
1782,2
1783,5
1784,1
1785,2
1786,3
1787,2
1788,2
1789,3
1790,2
1791,3
1792,6
1793,2
1794,2
1795,4
1796,3
1797,2
1798,0
1799,4
1800,1
1801,3
1802,6
1803,5
1804,2
1805,2
1806,3
1807,0
1808,3
1809,3
1810,2
1811,5
1812,1
1813,2
1814,2
1815,0
1816,0
1817,5
1818,3
1819,1
1820,0
1821,2
1822,4
1823,1
1824,2
1825,6
1826,2
1827,3
1828,2
1829,3
1830,3
1831,2
1832,0
1833,2
1834,1
1835,3
1836,2
1837,1
1838,2
1839,1
1840,2
1841,2
1842,2
1843,3
1844,2
1845,0
1846,1
1847,0
1848,1
1849,1
1850,1
1851,2
1852,5
1853,3
1854,2
1855,2
1856,5
1857,5
1858,1
1859,0
1860,6
1861,0
1862,1
1863,2
1864,2
1865,1
1866,3
1867,0
1868,1
1869,1
1870,3
1871,2
1872,1
1873,6
1874,2
1875,3
1876,2
1877,2
1878,1
1879,6
1880,2
1881,4
1882,0
1883,1
1884,3
1885,2
1886,5
1887,2
1888,4
1889,2
1890,1
1891,5
1892,3
1893,4
1894,6
1895,2
1896,3
1897,0
1898,3
1899,2
1900,1
1901,2
1902,2
1903,1
1904,1
1905,1
1906,0
1907,0
1908,2
1909,5
1910,1
1911,1
1912,2
1913,2
1914,2
1915,4
1916,1
1917,4
1918,2
1919,2
1920,4
1921,2
1922,5
1923,1
1924,0
1925,5
1926,2
1927,4
1928,5
1929,2
1930,3
1931,1
1932,2
1933,3
1934,1
1935,2
1936,2
1937,1
1938,4
1939,1
1940,0
1941,0
1942,5
1943,0
1944,2
1945,1
1946,2
1947,0
1948,0
1949,0
1950,4
1951,1
1952,1
1953,2
1954,1
1955,2
1956,2
1957,3
1958,3
1959,2
1960,5
1961,2
1962,3
1963,4
1964,0
1965,3
1966,0
1967,3
1968,1
1969,2
1970,3
1971,2
1972,3
1973,4
1974,0
1975,3
1976,1
1977,4
1978,4
1979,4
1980,2
1981,3
1982,0
1983,1
1984,0
1985,2
1986,2
1987,2
1988,2
1989,2
1990,4
1991,2
1992,3
1993,1
1994,1
1995,2
1996,2
1997,1
1998,1
1999,2
2000,2
2001,1
2002,3
2003,4
2004,0
2005,0
2006,2
2007,3
2008,0
2009,1
2010,1
2011,1
2012,2
2013,0
2014,2
2015,6
2016,3
2017,2
2018,2
2019,2
2020,1
2021,0
2022,3
2023,4
2024,2
2025,0
2026,1
2027,1
2028,0
2029,1
2030,2
2031,3
2032,1
2033,0
2034,5
2035,1
2036,5
2037,2
2038,5
2039,6
2040,0
2041,1
2042,5
2043,2
2044,2
2045,3
2046,4
2047,2
2048,3
2049,0
2050,5
2051,2
2052,2
2053,2
2054,2
2055,4
2056,3
2057,5
2058,0
2059,2
2060,4
2061,5
2062,2
2063,1
2064,4
2065,1
2066,1
2067,1
2068,3
2069,2
2070,0
2071,3
2072,0
2073,3
2074,2
2075,2
2076,3
2077,3
2078,3
2079,1
2080,3
2081,5
2082,3
2083,3
2084,1
2085,4
2086,4
2087,3
2088,3
2089,2
2090,2
2091,0
2092,1
2093,2
2094,1
2095,1
2096,4
2097,6
2098,2
2099,1
2100,0
2101,2
2102,3
2103,1
2104,0
2105,4
2106,2
2107,2
2108,4
2109,1
2110,5
2111,2
2112,2
2113,4
2114,1
2115,1
2116,4
2117,1
2118,2
2119,1
2120,4
2121,4
2122,1
2123,1
2124,1
2125,1
2126,2
2127,0
2128,1
2129,1
2130,1
2131,4
2132,4
2133,2
2134,0
2135,2
2136,3
2137,1
2138,1
2139,2
2140,1
2141,7
2142,1
2143,2
2144,5
2145,4
2146,1
2147,1
2148,1
2149,2
2150,1
2151,1
2152,0
2153,3
2154,3
2155,2
2156,2
2157,2
2158,5
2159,1
2160,2
2161,1
2162,0
2163,3
2164,3
2165,2
2166,3
2167,2
2168,6
2169,1
2170,1
2171,0
2172,0
2173,0
2174,2
2175,2
2176,0
2177,4
2178,3
2179,3
2180,3
2181,1
2182,5
2183,2
2184,0
2185,2
2186,4
2187,1
2188,0
2189,0
2190,2
2191,4
2192,1
2193,2
2194,5
2195,2
2196,3
2197,2
2198,3
2199,0
2200,1
2201,4
2202,0
2203,1
2204,3
2205,0
2206,3
2207,1
2208,4
2209,1
2210,4
2211,2
2212,3
2213,3
2214,2
2215,2
2216,0
2217,2
2218,3
2219,4
2220,2
2221,1
2222,0
2223,1
2224,1
2225,1
2226,3
2227,3
2228,1
2229,1
2230,5
2231,0
2232,1
2233,2
2234,1
2235,3
2236,3
2237,3
2238,0
2239,3
2240,2
2241,4
2242,2
2243,3
2244,2
2245,2
2246,2
2247,0
2248,3
2249,2
2250,1
2251,1
2252,0
2253,3
2254,2
2255,2
2256,4
2257,3
2258,4
2259,2
2260,3
2261,3
2262,1
2263,2
2264,1
2265,1
2266,0
2267,3
2268,1
2269,3
2270,1
2271,3
2272,2
2273,3
2274,1
2275,1
2276,3
2277,4
2278,5
2279,0
2280,1
2281,2
2282,1
2283,0
2284,3
2285,2
2286,0
2287,2
2288,2
2289,2
2290,5
2291,2
2292,0
2293,3
2294,3
2295,2
2296,2
2297,3
2298,4
2299,1
2300,1
2301,0
2302,1
2303,1
2304,1
2305,4
2306,2
2307,1
2308,3
2309,1
2310,3
2311,3
2312,1
2313,1
2314,3
2315,0
2316,3
2317,2
2318,2
2319,1
2320,1
2321,1
2322,3
2323,3
2324,3
2325,2
2326,4
2327,3
2328,1
2329,2
2330,1
2331,0
2332,4
2333,3
2334,1
2335,8
2336,2
2337,3
2338,1
2339,2
2340,1
2341,2
2342,1
2343,1
2344,5
2345,2
2346,2
2347,2
2348,2
2349,1
2350,2
2351,6
2352,2
2353,2
2354,5
2355,1
2356,1
2357,0
2358,2
2359,1
2360,2
2361,6
2362,3
2363,3
2364,5
2365,2
2366,3
2367,2
2368,3
2369,1
2370,1
2371,1
2372,0
2373,2
2374,1
2375,0
2376,1
2377,5
2378,3
2379,3
2380,4
2381,0
2382,1
2383,3
2384,4
2385,2
2386,2
2387,2
2388,0
2389,5
2390,4
2391,1
2392,1
2393,1
2394,1
2395,2
2396,2
2397,1
2398,2
2399,1
2400,1
2401,6
2402,1
2403,5
2404,1
2405,3
2406,0
2407,1
2408,2
2409,2
2410,3
2411,1
2412,3
2413,5
2414,4
2415,1
2416,3
2417,1
2418,2
2419,1
2420,4
2421,3
2422,1
2423,3
2424,2
2425,2
2426,2
2427,3
2428,3
2429,5
2430,1
2431,4
2432,1
2433,1
2434,3
2435,2
2436,2
2437,2
2438,3
2439,2
2440,2
2441,4
2442,0
2443,1
2444,2
2445,3
2446,2
2447,3
2448,4
2449,2
2450,1
2451,3
2452,4
2453,2
2454,2
2455,0
2456,3
2457,2
2458,1
2459,0
2460,5
2461,2
2462,3
2463,2
2464,2
2465,0
2466,3
2467,3
2468,1
2469,2
2470,1
2471,3
2472,2
2473,2
2474,2
2475,2
2476,1
2477,1
2478,4
2479,1
2480,0
2481,2
2482,1
2483,1
2484,1
2485,2
2486,2
2487,1
2488,1
2489,5
2490,5
2491,0
2492,2
2493,6
2494,4
2495,3
2496,2
2497,2
2498,1
2499,1
2500,2
2501,2
2502,2
2503,2
2504,0
2505,3
2506,1
2507,1
2508,3
2509,3
2510,4
2511,3
2512,2
2513,0
2514,1
2515,1
2516,2
2517,3
2518,3
2519,1
2520,2
2521,2
2522,1
2523,5
2524,0
2525,1
2526,3
2527,2
2528,2
2529,2
2530,0
2531,0
2532,2
2533,4
2534,3
2535,0
2536,3
2537,1
2538,1
2539,1
2540,0
2541,3
2542,1
2543,7
2544,5
2545,1
2546,5
2547,1
2548,1
2549,1
2550,2
2551,4
2552,3
2553,3
2554,2
2555,3
2556,2
2557,2
2558,1
2559,5
2560,4
2561,0
2562,5
2563,4
2564,4
2565,2
2566,3
2567,2
2568,1
2569,3
2570,1
2571,0
2572,5
2573,4
2574,2
2575,2
2576,3
2577,1
2578,3
2579,1
2580,1
2581,2
2582,1
2583,3
2584,1
2585,4
2586,2
2587,2
2588,2
2589,2
2590,2
2591,2
2592,1
2593,3
2594,0
2595,1
2596,0
2597,1
2598,1
2599,0
2600,3
2601,4
2602,0
2603,1
2604,2
2605,1
2606,1
2607,2
2608,4
2609,3
2610,3
2611,1
2612,2
2613,3
2614,1
2615,1
2616,2
2617,2
2618,2
2619,2
2620,2
2621,1
2622,3
2623,2
2624,0
2625,3
2626,2
2627,4
2628,2
2629,1
2630,4
2631,1
2632,4
2633,4
2634,2
2635,4
2636,0
2637,2
2638,1
2639,1
2640,2
2641,1
2642,2
2643,4
2644,1
2645,1
2646,2
2647,4
2648,1
2649,3
2650,3
2651,5
2652,3
2653,1
2654,5
2655,2
2656,4
2657,1
2658,0
2659,2
2660,2
2661,3
2662,2
2663,5
2664,3
2665,3
2666,2
2667,3
2668,2
2669,4
2670,1
2671,1
2672,1
2673,4
2674,4
2675,2
2676,2
2677,0
2678,0
2679,2
2680,2
2681,1
2682,1
2683,1
2684,4
2685,3
2686,1
2687,2
2688,1
2689,3
2690,0
2691,5
2692,1
2693,0
2694,4
2695,1
2696,1
2697,5
2698,2
2699,3
2700,1
2701,2
2702,2
2703,1
2704,2
2705,0
2706,2
2707,4
2708,1
2709,6
2710,0
2711,3
2712,2
2713,1
2714,0
2715,1
2716,3
2717,0
2718,2
2719,5
2720,5
2721,1
2722,1
2723,0
2724,4
2725,3
2726,2
2727,1
2728,1
2729,1
2730,1
2731,1
2732,4
2733,4
2734,1
2735,1
2736,2
2737,2
2738,3
2739,1
2740,4
2741,4
2742,2
2743,6
2744,2
2745,1
2746,1
2747,1
2748,3
2749,3
2750,0
2751,2
2752,2
2753,1
2754,2
2755,3
2756,3
2757,2
2758,1
2759,0
2760,1
2761,1
2762,4
2763,0
2764,3
2765,2
2766,2
2767,1
2768,0
2769,1
2770,2
2771,4
2772,1
2773,2
2774,1
2775,0
2776,4
2777,1
2778,4
2779,2
2780,2
2781,4
2782,3
2783,4
2784,1
2785,6
2786,2
2787,3
2788,1
2789,1
2790,5
2791,2
2792,1
2793,3
2794,2
2795,2
2796,2
2797,3
2798,1
2799,3
2800,2
2801,0
2802,3
2803,3
2804,2
2805,5
2806,1
2807,2
2808,1
2809,2
2810,2
2811,3
2812,2
2813,1
2814,3
2815,3
2816,0
2817,3
2818,1
2819,1
2820,0
2821,5
2822,4
2823,0
2824,4
2825,5
2826,3
2827,2
2828,2
2829,3
2830,2
2831,2
2832,2
2833,5
2834,2
2835,1
2836,4
2837,3
2838,0
2839,2
2840,2
2841,2
2842,0
2843,0
2844,3
2845,0
2846,3
2847,1
2848,3
2849,0
2850,2
2851,0
2852,1
2853,1
2854,2
2855,1
2856,3
2857,0
2858,4
2859,3
2860,3
2861,3
2862,1
2863,1
2864,3
2865,2
2866,0
2867,2
2868,1
2869,2
2870,4
2871,5
2872,2
2873,4
2874,0
2875,1
2876,3
2877,2
2878,2
2879,2
2880,1
2881,4
2882,2
2883,2
2884,3
2885,3
2886,2
2887,2
2888,4
2889,0
2890,1
2891,0
2892,3
2893,6
2894,2
2895,0
2896,1
2897,2
2898,3
2899,1
2900,1
2901,2
2902,4
2903,4
2904,4
2905,11
2906,8
2907,0
2908,0
2909,0
2910,0
2911,0
2912,0
2913,0
2914,0
2915,0
2916,0
2917,0
2918,0
2919,0
2920,0
2921,0
2922,0
2923,0
2924,0
2925,0
2926,0
2927,0
2928,0
2929,0
2930,0
2931,0
2932,0
2933,0
2934,0
2935,0
2936,0
2937,0
2938,0
2939,0
2940,0
2941,0
2942,0
2943,0
2944,0
2945,0
2946,0
2947,0
2948,0
2949,0
2950,0
2951,0
2952,0
2953,0
2954,0
2955,0
2956,0
2957,0
2958,0
2959,0
2960,0
2961,0
2962,0
2963,0
2964,0
2965,0
2966,0
2967,0
2968,0
2969,0
2970,0
2971,0
2972,0
2973,0
2974,0
2975,0
2976,0
2977,0
2978,0
2979,0
2980,0
2981,0
2982,0
2983,0
2984,0
2985,0
2986,0
2987,0
2988,0
2989,0
2990,0
2991,0
2992,0
2993,0
2994,0
2995,0
2996,0
2997,0
2998,0
2999,0
3000,0
3001,0
3002,0
3003,0
3004,0
3005,122
3006,1
3007,1
3008,1
3009,0
3010,0
3011,2
3012,2
3013,1
3014,3
3015,1
3016,3
3017,0
3018,3
3019,6
3020,3
3021,3
3022,5
3023,1
3024,1
3025,1
3026,1
3027,1
3028,1
3029,2
3030,3
3031,0
3032,1
3033,3
3034,1
3035,1
3036,3
3037,5
3038,3
3039,2
3040,3
3041,2
3042,2
3043,0
3044,1
3045,2
3046,1
3047,8
3048,1
3049,1
3050,3
3051,1
3052,0
3053,4
3054,2
3055,2
3056,2
3057,1
3058,2
3059,2
3060,2
3061,1
3062,3
3063,1
3064,1
3065,1
3066,3
3067,0
3068,0
3069,8
3070,1
3071,2
3072,3
3073,3
3074,1
3075,3
3076,4
3077,1
3078,1
3079,2
3080,1
3081,2
3082,2
3083,0
3084,1
3085,3
3086,2
3087,6
3088,0
3089,3
3090,0
3091,4
3092,0
3093,2
3094,2
3095,0
3096,3
3097,1
3098,1
3099,1
3100,4
3101,4
3102,3
3103,1
3104,4
3105,6
3106,0
3107,1
3108,2
3109,3
3110,1
3111,3
3112,1
3113,2
3114,2
3115,1
3116,5
3117,3
3118,1
3119,4
3120,6
3121,3
3122,5
3123,1
3124,4
3125,2
3126,2
3127,1
3128,2
3129,3
3130,2
3131,1
3132,1
3133,2
3134,1
3135,2
3136,4
3137,0
3138,1
3139,3
3140,6
3141,2
3142,3
3143,0
3144,1
3145,2
3146,1
3147,1
3148,1
3149,1
3150,2
3151,1
3152,3
3153,6
3154,1
3155,5
3156,4
3157,3
3158,2
3159,1
3160,2
3161,2
3162,3
3163,2
3164,2
3165,2
3166,3
3167,2
3168,3
3169,2
3170,2
3171,3
3172,3
3173,3
3174,4
3175,1
3176,1
3177,1
3178,2
3179,2
3180,2
3181,3
3182,0
3183,1
3184,1
3185,3
3186,2
3187,2
3188,4
3189,2
3190,0
3191,1
3192,1
3193,2
3194,3
3195,1
3196,4
3197,3
3198,2
3199,4
3200,2
3201,2
3202,4
3203,2
3204,1
3205,1
3206,2
3207,1
3208,2
3209,4
3210,1
3211,0
3212,1
3213,1
3214,1
3215,2
3216,3
3217,0
3218,1
3219,4
3220,4
3221,2
3222,2
3223,6
3224,0
3225,1
3226,2
3227,2
3228,1
3229,2
3230,0
3231,1
3232,3
3233,3
3234,0
3235,3
3236,2
3237,4
3238,4
3239,3
3240,0
3241,6
3242,2
3243,1
3244,2
3245,1
3246,1
3247,1
3248,1
3249,1
3250,3
3251,4
3252,0
3253,0
3254,2
3255,0
3256,2
3257,4
3258,2
3259,5
3260,0
3261,1
3262,4
3263,3
3264,3
3265,3
3266,1
3267,3
3268,1
3269,0
3270,1
3271,0
3272,1
3273,6
3274,0
3275,1
3276,2
3277,1
3278,1
3279,0
3280,3
3281,0
3282,0
3283,1
3284,4
3285,3
3286,3
3287,1
3288,1
3289,3
3290,7
3291,2
3292,2
3293,3
3294,2
3295,3
3296,0
3297,5
3298,2
3299,2
3300,1
3301,2
3302,1
3303,2
3304,3
3305,2
3306,0
3307,2
3308,0
3309,3
3310,3
3311,3
3312,1
3313,1
3314,1
3315,4
3316,2
3317,1
3318,2
3319,2
3320,0
3321,1
3322,2
3323,0
3324,3
3325,3
3326,0
3327,1
3328,3
3329,1
3330,1
3331,2
3332,2
3333,0
3334,4
3335,1
3336,1
3337,4
3338,7
3339,4
3340,4
3341,5
3342,3
3343,0
3344,2
3345,3
3346,0
3347,4
3348,2
3349,2
3350,2
3351,2
3352,1
3353,1
3354,1
3355,0
3356,2
3357,4
3358,1
3359,2
3360,2
3361,1
3362,1
3363,1
3364,0
3365,8
3366,1
3367,1
3368,1
3369,3
3370,1
3371,0
3372,1
3373,3
3374,4
3375,0
3376,1
3377,4
3378,0
3379,1
3380,5
3381,6
3382,1
3383,0
3384,2
3385,0
3386,2
3387,4
3388,0
3389,2
3390,2
3391,1
3392,2
3393,1
3394,1
3395,2
3396,2
3397,6
3398,3
3399,3
3400,1
3401,1
3402,3
3403,1
3404,0
3405,0
3406,3
3407,1
3408,3
3409,1
3410,2
3411,0
3412,2
3413,4
3414,2
3415,0
3416,2
3417,0
3418,1
3419,2
3420,1
3421,2
3422,1
3423,1
3424,2
3425,6
3426,2
3427,0
3428,3
3429,1
3430,0
3431,0
3432,9
3433,0
3434,2
3435,0
3436,0
3437,1
3438,3
3439,3
3440,2
3441,5
3442,1
3443,0
3444,1
3445,5
3446,5
3447,1
3448,1
3449,3
3450,4
3451,0
3452,3
3453,3
3454,0
3455,5
3456,1
3457,3
3458,1
3459,0
3460,0
3461,1
3462,0
3463,2
3464,0
3465,2
3466,2
3467,3
3468,2
3469,2
3470,2
3471,4
3472,3
3473,1
3474,4
3475,4
3476,1
3477,3
3478,3
3479,1
3480,0
3481,3
3482,3
3483,2
3484,3
3485,3
3486,4
3487,1
3488,0
3489,2
3490,5
3491,1
3492,0
3493,1
3494,1
3495,5
3496,5
3497,1
3498,1
3499,3
3500,2
3501,1
3502,2
3503,0
3504,1
3505,0
3506,3
3507,5
3508,1
3509,1
3510,3
3511,4
3512,2
3513,7
3514,6
3515,0
3516,3
3517,2
3518,3
3519,3
3520,2
3521,2
3522,4
3523,3
3524,3
3525,4
3526,1
3527,2
3528,3
3529,1
3530,0
3531,4
3532,1
3533,1
3534,2
3535,3
3536,3
3537,2
3538,2
3539,2
3540,3
3541,2
3542,1
3543,2
3544,1
3545,3
3546,4
3547,0
3548,1
3549,1
3550,2
3551,2
3552,2
3553,3
3554,2
3555,3
3556,1
3557,0
3558,0
3559,1
3560,4
3561,2
3562,1
3563,1
3564,3
3565,2
3566,0
3567,5
3568,0
3569,2
3570,1
3571,0
3572,2
3573,3
3574,0
3575,3
3576,3
3577,4
3578,1
3579,4
3580,3
3581,2
3582,2
3583,4
3584,2
3585,2
3586,1
3587,0
3588,3
3589,3
3590,4
3591,3
3592,3
3593,3
3594,3
3595,0
3596,4
3597,2
3598,2
3599,3
3600,5
3601,1
3602,1
3603,2
3604,0
3605,5
3606,0
3607,2
3608,3
3609,2
3610,1
3611,6
3612,4
3613,1
3614,1
3615,2
3616,2
3617,4
3618,2
3619,1
3620,1
3621,5
3622,0
3623,2
3624,1
3625,2
3626,2
3627,2
3628,3
3629,5
3630,0
3631,1
3632,1
3633,4
3634,1
3635,2
3636,4
3637,1
3638,5
3639,2
3640,1
3641,2
3642,1
3643,1
3644,1
3645,1
3646,1
3647,2
3648,1
3649,0
3650,2
3651,1
3652,2
3653,2
3654,3
3655,4
3656,1
3657,4
3658,1
3659,2
3660,2
3661,4
3662,0
3663,2
3664,1
3665,1
3666,0
3667,6
3668,2
3669,1
3670,2
3671,2
3672,2
3673,3
3674,0
3675,2
3676,2
3677,2
3678,3
3679,0
3680,2
3681,1
3682,3
3683,3
3684,4
3685,3
3686,0
3687,2
3688,4
3689,1
3690,3
3691,0
3692,0
3693,1
3694,3
3695,4
3696,6
3697,3
3698,4
3699,3
3700,1
3701,1
3702,2
3703,2
3704,2
3705,2
3706,2
3707,1
3708,1
3709,3
3710,3
3711,1
3712,4
3713,4
3714,2
3715,0
3716,1
3717,2
3718,2
3719,3
3720,1
3721,2
3722,1
3723,1
3724,4
3725,2
3726,0
3727,2
3728,0
3729,1
3730,3
3731,4
3732,2
3733,2
3734,2
3735,3
3736,1
3737,0
3738,2
3739,0
3740,3
3741,3
3742,3
3743,1
3744,2
3745,1
3746,1
3747,1
3748,1
3749,2
3750,1
3751,1
3752,1
3753,1
3754,2
3755,3
3756,3
3757,2
3758,2
3759,5
3760,3
3761,1
3762,1
3763,1
3764,1
3765,4
3766,0
3767,1
3768,4
3769,1
3770,4
3771,2
3772,3
3773,1
3774,1
3775,3
3776,2
3777,2
3778,2
3779,1
3780,2
3781,1
3782,1
3783,3
3784,1
3785,2
3786,1
3787,3
3788,2
3789,2
3790,5
3791,4
3792,0
3793,1
3794,0
3795,3
3796,1
3797,0
3798,2
3799,3
3800,3
3801,2
3802,2
3803,5
3804,2
3805,2
3806,1
3807,1
3808,2
3809,3
3810,2
3811,3
3812,1
3813,1
3814,2
3815,3
3816,2
3817,2
3818,0
3819,5
3820,5
3821,2
3822,0
3823,2
3824,1
3825,5
3826,1
3827,6
3828,1
3829,0
3830,0
3831,3
3832,2
3833,1
3834,1
3835,4
3836,1
3837,4
3838,0
3839,6
3840,0
3841,4
3842,1
3843,0
3844,3
3845,7
3846,3
3847,1
3848,4
3849,1
3850,2
3851,1
3852,1
3853,0
3854,3
3855,3
3856,2
3857,0
3858,3
3859,3
3860,6
3861,4
3862,3
3863,2
3864,4
3865,0
3866,2
3867,2
3868,3
3869,3
3870,1
3871,2
3872,1
3873,1
3874,1
3875,2
3876,2
3877,3
3878,0
3879,7
3880,1
3881,1
3882,1
3883,3
3884,1
3885,2
3886,2
3887,2
3888,4
3889,0
3890,1
3891,1
3892,0
3893,2
3894,1
3895,3
3896,1
3897,0
3898,6
3899,2
3900,1
3901,3
3902,2
3903,1
3904,4
3905,1
3906,0
3907,4
3908,1
3909,3
3910,3
3911,1
3912,1
3913,1
3914,3
3915,3
3916,5
3917,2
3918,3
3919,3
3920,4
3921,0
3922,0
3923,2
3924,4
3925,1
3926,2
3927,2
3928,2
3929,2
3930,3
3931,6
3932,3
3933,2
3934,2
3935,0
3936,0
3937,2
3938,1
3939,3
3940,2
3941,2
3942,2
3943,3
3944,0
3945,3
3946,2
3947,2
3948,0
3949,3
3950,3
3951,3
3952,3
3953,1
3954,1
3955,0
3956,2
3957,3
3958,1
3959,3
3960,6
3961,1
3962,3
3963,1
3964,1
3965,4
3966,3
3967,3
3968,1
3969,0
3970,4
3971,1
3972,2
3973,3
3974,1
3975,0
3976,5
3977,1
3978,2
3979,2
3980,3
3981,1
3982,3
3983,0
3984,5
3985,2
3986,3
3987,5
3988,5
3989,2
3990,3
3991,1
3992,2
3993,2
3994,0
3995,2
3996,4
3997,3
3998,2
3999,4
4000,2
