321.79146248,0.00003371
321.89591671,-0.00001882
322.00038099,0.00004946
322.10485532,-0.00000306
322.20933970,0.00003896
322.31383412,-0.00000306
322.41833858,0.00002845
322.52285308,-0.00001357
322.62737762,0.00002320
322.73191218,-0.00002408
322.83645677,0.00002845
322.94101138,-0.00001882
323.04557601,0.00001795
323.15015065,-0.00003458
323.25473531,0.00002320
323.35932998,-0.00002408
323.46393465,0.00001269
323.56854932,-0.00002933
323.67317400,0.00000744
323.77780866,-0.00003458
323.88245332,0.00002320
323.98710796,-0.00002933
324.09177259,0.00002320
324.19644720,-0.00001357
324.30113179,0.00002320
324.40582635,-0.00000832
324.51053087,0.00003371
324.61524537,-0.00001357
324.71996983,0.00002320
324.82470424,-0.00002408
324.92944862,0.00000219
325.03420294,-0.00002933
325.13896722,0.00002320
325.24374144,-0.00001882
325.34852560,0.00002320
325.45331970,-0.00000832
325.55812373,0.00001795
325.66293769,-0.00002933
325.76776159,0.00001269
325.87259540,-0.00002408
325.97743914,0.00001795
326.08229279,-0.00003458
326.18715636,0.00003371
326.29202983,-0.00002408
326.39691322,0.00003371
326.50180650,-0.00000306
326.60670969,0.00002320
326.71162277,0.00000219
326.81654574,0.00002320
326.92147860,-0.00000832
327.02642135,0.00004421
327.13137398,-0.00001882
327.23633649,0.00001269
327.34130887,-0.00001882
327.44629112,0.00001795
327.55128324,-0.00001357
327.65628523,0.00001269
327.76129707,-0.00002408
327.86631878,0.00001795
327.97135033,-0.00002408
328.07639174,0.00002320
328.18144299,-0.00002408
328.28650408,0.00003371
328.39157502,-0.00002408
328.49665579,0.00001795
328.60174639,-0.00001357
328.70684682,0.00002320
328.81195708,0.00000219
328.91707716,0.00002845
329.02220705,-0.00000306
329.12734677,0.00003896
329.23249629,-0.00001882
329.33765562,0.00002845
329.44282475,-0.00001882
329.54800369,0.00002320
329.65319242,-0.00001357
329.75839095,0.00001795
329.86359926,-0.00002933
329.96881736,0.00001269
330.07404525,-0.00002933
330.17928291,0.00002320
330.28453036,-0.00002408
330.38978757,0.00001795
330.49505455,-0.00002933
330.60033130,0.00002845
330.70561781,-0.00003458
330.81091407,0.00002845
330.91622010,-0.00002933
331.02153587,0.00003371
331.12686139,-0.00000832
331.23219666,0.00002845
331.33754166,-0.00001882
331.44289641,0.00001269
331.54826088,-0.00001882
331.65363509,0.00003371
331.75901902,-0.00001882
331.86441268,0.00001795
331.96981606,-0.00001882
332.07522915,0.00002320
332.18065195,-0.00001882
332.28608447,0.00001795
332.39152669,-0.00001882
332.49697861,0.00001269
332.60244023,-0.00002408
332.70791154,0.00002320
332.81339255,-0.00003458
332.91888324,-0.00000306
333.02438362,-0.00001357
333.12989368,0.00002845
333.23541341,-0.00001357
333.34094282,0.00003371
333.44648190,-0.00000832
333.55203065,0.00002845
333.65758906,-0.00000832
333.76315713,0.00004421
333.86873485,-0.00001882
333.97432223,0.00001795
334.07991926,-0.00001882
334.18552593,0.00002845
334.29114224,-0.00001882
334.39676820,0.00000744
334.50240378,-0.00003458
334.60804900,0.00001795
334.71370385,-0.00001882
334.81936832,0.00002320
334.92504241,-0.00002933
335.03072612,0.00001795
335.13641944,-0.00002933
335.24212238,0.00003896
335.34783492,-0.00002933
335.45355706,0.00001795
335.55928880,-0.00001357
335.66503014,0.00003371
335.77078107,-0.00000832
335.87654159,0.00002320
335.98231170,-0.00001882
336.08809139,0.00001269
336.19388066,-0.00001357
336.29967950,0.00002320
336.40548791,-0.00000832
336.51130589,0.00002320
336.61713344,-0.00002933
336.72297054,0.00003371
336.82881721,-0.00004509
336.93467343,0.00002320
337.04053919,-0.00003983
337.14641451,0.00000744
337.25229937,-0.00002933
337.35819377,0.00000744
337.46409770,-0.00003983
337.57001117,0.00001795
337.67593416,-0.00002408
337.78186668,0.00001795
337.88780873,-0.00000832
337.99376029,0.00001795
338.09972137,-0.00002933
338.20569196,0.00002845
338.31167205,-0.00002408
338.41766166,0.00002845
338.52366076,-0.00002933
338.62966936,0.00002320
338.73568745,-0.00002933
338.84171504,0.00001795
338.94775211,-0.00002933
339.05379866,0.00001795
339.15985470,-0.00002933
339.26592021,0.00001269
339.37199519,-0.00002933
339.47807964,0.00001269
339.58417356,-0.00001882
339.69027694,0.00002320
339.79638978,-0.00001882
339.90251207,0.00003371
340.00864382,-0.00001357
340.11478501,0.00002845
340.22093565,-0.00000832
340.32709573,0.00003371
340.43326525,-0.00002408
340.53944420,0.00003371
340.64563258,-0.00002408
340.75183039,0.00001795
340.85803762,-0.00002408
340.96425427,0.00001269
341.07048034,-0.00003458
341.17671582,0.00001795
341.28296071,-0.00002933
341.38921501,0.00000744
341.49547870,-0.00002408
341.60175180,0.00001795
341.70803429,-0.00001882
341.81432618,0.00000744
341.92062745,-0.00001357
342.02693811,0.00000744
342.13325814,-0.00001882
342.23958756,0.00003371
342.34592635,-0.00001882
342.45227451,0.00000744
342.55863203,-0.00000832
342.66499892,0.00001269
342.77137517,-0.00003983
342.87776078,0.00001269
342.98415574,-0.00002408
343.09056005,0.00001795
343.19697370,-0.00005034
343.30339670,0.00001795
343.40982904,-0.00002933
343.51627071,0.00001269
343.62272171,-0.00001357
343.72918204,0.00001269
343.83565170,-0.00001882
343.94213068,0.00002320
344.04861897,-0.00001882
344.15511658,0.00002320
344.26162350,-0.00000832
344.36813972,0.00002845
344.47466525,-0.00001357
344.58120008,0.00003896
344.68774421,-0.00003983
344.79429763,0.00003371
344.90086034,-0.00001882
345.00743233,0.00000744
345.11401361,-0.00001882
345.22060417,0.00000744
345.32720400,-0.00002408
345.43381310,0.00000744
345.54043147,-0.00002933
345.64705911,0.00001269
345.75369601,-0.00006610
345.86034216,-0.00001357
345.96699757,-0.00005559
346.07366223,-0.00000832
346.18033614,-0.00003458
346.28701929,0.00000219
346.39371168,-0.00004509
346.50041331,-0.00000306
346.60712417,-0.00002408
346.71384426,0.00002320
346.82057358,-0.00002933
346.92731211,0.00001795
347.03405987,-0.00002933
347.14081685,0.00000744
347.24758303,-0.00003458
347.35435842,0.00000219
347.46114302,-0.00004509
347.56793682,-0.00000832
347.67473982,-0.00005034
347.78155201,0.00000219
347.88837339,-0.00005034
347.99520396,0.00000219
348.10204371,-0.00006085
348.20889265,-0.00003458
348.31575076,-0.00006610
348.42261804,-0.00000832
348.52949449,-0.00005034
348.63638011,-0.00000306
348.74327489,-0.00003983
348.85017883,0.00002320
348.95709193,-0.00002408
349.06401417,0.00004421
349.17094557,-0.00002933
349.27788611,0.00002845
349.38483579,-0.00002408
349.49179461,0.00002320
349.59876257,-0.00000832
349.70573965,0.00001269
349.81272587,-0.00002933
349.91972120,0.00003371
350.02672566,-0.00002933
350.13373923,0.00002845
350.24076192,-0.00002408
350.34779371,0.00001795
350.45483462,-0.00002408
350.56188462,-0.00000832
350.66894372,-0.00003458
350.77601192,0.00001269
350.88308921,-0.00003458
350.99017559,0.00002320
351.09727106,-0.00004509
351.20437561,0.00001269
351.31148923,-0.00002933
351.41861193,0.00002320
351.52574370,-0.00003983
351.63288453,0.00002320
351.74003444,-0.00001357
351.84719340,0.00000744
351.95436141,-0.00001882
352.06153849,0.00000744
352.16872461,-0.00002408
352.27591977,0.00001795
352.38312398,-0.00003458
352.49033723,0.00001269
352.59755952,-0.00003983
352.70479083,0.00001269
352.81203118,-0.00003983
352.91928055,-0.00001882
353.02653894,-0.00005034
353.13380635,0.00002320
353.24108277,-0.00003458
353.34836821,0.00001269
353.45566265,-0.00002933
353.56296610,0.00001795
353.67027854,-0.00002933
353.77759999,0.00001795
353.88493042,-0.00003983
353.99226985,0.00001795
354.09961826,-0.00001357
354.20697566,0.00001795
354.31434203,-0.00002408
354.42171738,0.00001269
354.52910171,-0.00002933
354.63649500,0.00002320
354.74389725,-0.00002408
354.85130847,0.00002845
354.95872865,-0.00001882
355.06615778,0.00002320
355.17359586,-0.00000306
355.28104289,0.00001269
355.38849886,-0.00003458
355.49596378,0.00002845
355.60343763,-0.00003458
355.71092041,0.00002845
355.81841212,-0.00002408
355.92591276,0.00001795
356.03342233,-0.00002408
356.14094081,0.00001269
356.24846821,-0.00003983
356.35600452,0.00001269
356.46354974,-0.00001882
356.57110386,0.00003371
356.67866689,-0.00001882
356.78623881,0.00001269
356.89381963,-0.00003458
357.00140934,0.00000744
357.10900793,-0.00001882
357.21661541,0.00001795
357.32423178,-0.00001882
357.43185701,0.00003896
357.53949113,-0.00002933
357.64713411,0.00003371
357.75478596,-0.00002408
357.86244667,0.00002320
357.97011624,-0.00001357
358.07779467,0.00003371
358.18548194,-0.00003458
358.29317807,0.00002845
358.40088304,-0.00002933
358.50859686,0.00001269
358.61631951,-0.00001357
358.72405100,0.00002320
358.83179132,-0.00002933
358.93954046,-0.00000306
359.04729843,-0.00001357
359.15506522,0.00001269
359.26284083,-0.00001882
359.37062525,0.00001795
359.47841849,-0.00002408
359.58622052,0.00002320
359.69403136,-0.00002408
359.80185100,0.00000219
359.90967944,-0.00003458
360.01751667,-0.00000306
360.12536269,-0.00006610
360.23321749,0.00000219
360.34108107,-0.00003983
360.44895344,0.00000219
360.55683457,-0.00002408
360.66472448,0.00000219
360.77262316,-0.00003458
360.88053060,0.00000219
360.98844680,-0.00002933
361.09637176,0.00001269
361.20430547,-0.00002933
361.31224793,0.00000744
361.42019914,-0.00002408
361.52815909,0.00001795
361.63612778,-0.00001882
361.74410521,0.00001795
361.85209137,-0.00000832
361.96008626,0.00002845
362.06808987,-0.00002408
362.17610221,0.00002845
362.28412326,-0.00002933
362.39215303,0.00002320
362.50019151,-0.00002408
362.60823870,0.00002320
362.71629459,-0.00002408
362.82435918,0.00001795
362.93243247,-0.00002408
363.04051446,0.00000744
363.14860513,-0.00001882
363.25670449,0.00002845
363.36481254,-0.00001882
363.47292926,0.00002320
363.58105466,-0.00003983
363.68918873,0.00001795
363.79733147,-0.00001882
363.90548288,0.00002845
364.01364294,-0.00002933
364.12181167,0.00000219
364.22998905,-0.00002933
364.33817508,0.00002320
364.44636976,-0.00002408
364.55457309,0.00001795
364.66278505,-0.00003983
364.77100566,0.00002320
364.87923489,-0.00001882
364.98747276,0.00001795
365.09571925,-0.00002408
365.20397437,0.00001795
365.31223811,-0.00003983
365.42051046,0.00001795
365.52879142,-0.00002933
365.63708100,0.00000744
365.74537918,-0.00002408
365.85368596,0.00002320
365.96200134,-0.00002933
366.07032531,0.00003896
366.17865788,-0.00002408
366.28699904,0.00003371
366.39534877,-0.00001357
366.50370709,0.00003896
366.61207399,-0.00002408
366.72044946,0.00002845
366.82883350,-0.00001882
366.93722611,0.00001795
367.04562728,-0.00002408
367.15403701,0.00001795
367.26245530,-0.00001357
367.37088214,0.00002320
367.47931753,-0.00002933
367.58776146,0.00002845
367.69621394,-0.00001357
367.80467495,0.00001269
367.91314450,-0.00002933
368.02162258,0.00002845
368.13010919,-0.00001357
368.23860433,0.00001269
368.34710798,-0.00002408
368.45562015,0.00002320
368.56414084,-0.00001357
368.67267003,0.00000744
368.78120774,-0.00002933
368.88975394,0.00000219
368.99830865,-0.00002933
369.10687185,0.00000744
369.21544355,-0.00004509
369.32402373,0.00000219
369.43261240,-0.00004509
369.54120955,-0.00000306
369.64981518,-0.00002408
369.75842929,0.00000744
369.86705187,-0.00002408
369.97568291,0.00002320
370.08432242,-0.00001882
370.19297039,0.00002845
370.30162682,-0.00002933
370.41029171,0.00003371
370.51896504,-0.00001357
370.62764682,0.00002320
370.73633704,-0.00003458
370.84503570,0.00001269
370.95374280,-0.00003458
371.06245834,0.00001795
371.17118230,0.00000219
371.27991468,0.00001269
371.38865549,-0.00000832
371.49740472,0.00001269
371.60616236,-0.00002933
371.71492842,0.00001269
371.82370288,-0.00001357
371.93248575,0.00001795
372.04127702,-0.00002408
372.15007668,0.00003371
372.25888474,-0.00003983
372.36770119,0.00003371
372.47652603,-0.00003458
372.58535925,0.00001269
372.69420085,-0.00000832
372.80305083,0.00002845
372.91190918,-0.00002933
373.02077590,0.00001795
373.12965098,-0.00001882
373.23853443,0.00001795
373.34742624,-0.00003458
373.45632640,0.00001795
373.56523491,-0.00002933
373.67415177,0.00000744
373.78307698,-0.00001882
373.89201053,0.00001269
374.00095241,-0.00002933
374.10990263,0.00001269
374.21886118,-0.00002933
374.32782806,0.00002320
374.43680326,-0.00001882
374.54578678,0.00002320
374.65477861,-0.00001882
374.76377876,0.00002845
374.87278722,-0.00001882
374.98180399,0.00002320
375.09082905,-0.00003458
375.19986242,0.00001795
375.30890408,-0.00002408
375.41795403,0.00001269
375.52701227,-0.00002933
375.63607880,0.00001269
375.74515361,-0.00000832
375.85423669,0.00002320
375.96332805,-0.00002408
376.07242768,0.00002320
376.18153558,-0.00003458
376.29065174,0.00001795
376.39977616,-0.00003458
376.50890883,0.00001795
376.61804976,-0.00002933
376.72719894,0.00000219
376.83635637,-0.00002933
376.94552203,0.00001795
377.05469594,-0.00000306
377.16387808,0.00001795
377.27306846,-0.00001357
377.38226706,-0.00000832
377.49147388,-0.00002933
377.60068893,0.00002320
377.70991220,-0.00002933
377.81914368,0.00000744
377.92838337,-0.00005034
378.03763127,0.00001795
378.14688737,-0.00003458
378.25615167,0.00002320
378.36542417,-0.00002408
378.47470486,0.00002845
378.58399374,-0.00001882
378.69329081,0.00002320
378.80259606,-0.00001357
378.91190948,0.00001795
379.02123109,-0.00001357
379.13056086,0.00001269
379.23989881,-0.00001882
379.34924492,0.00002320
379.45859919,-0.00002408
379.56796162,0.00001795
379.67733220,-0.00001882
379.78671093,0.00003371
379.89609781,-0.00002933
380.00549284,0.00001795
380.11489600,-0.00002933
380.22430730,0.00001795
380.33372673,-0.00002933
380.44315430,0.00002320
380.55258999,-0.00003458
380.66203380,0.00001795
380.77148573,-0.00004509
380.88094578,0.00001795
380.99041394,-0.00003458
381.09989020,0.00002845
381.20937458,-0.00002408
381.31886705,0.00003896
381.42836762,-0.00002408
381.53787629,0.00002320
381.64739304,-0.00001882
381.75691789,0.00001269
381.86645082,-0.00002408
381.97599182,0.00001795
382.08554091,-0.00000832
382.19509807,0.00001795
382.30466329,-0.00002408
382.41423659,0.00002845
382.52381795,-0.00002408
382.63340736,0.00001795
382.74300483,-0.00002933
382.85261036,0.00002320
382.96222393,-0.00002933
383.07184554,0.00000219
383.18147520,-0.00002933
383.29111290,0.00000744
383.40075863,-0.00002933
383.51041239,0.00002320
383.62007418,-0.00002933
383.72974399,-0.00000306
383.83942182,-0.00003458
383.94910767,0.00000744
384.05880154,-0.00002408
384.16850341,0.00001269
384.27821329,-0.00002408
384.38793117,0.00000744
384.49765705,-0.00003983
384.60739093,0.00002845
384.71713280,-0.00002933
384.82688266,0.00000744
384.93664050,-0.00003983
385.04640632,0.00001795
385.15618012,-0.00003458
385.26596190,0.00002845
385.37575165,-0.00001882
385.48554936,0.00002320
385.59535504,-0.00005034
385.70516868,0.00001269
385.81499028,-0.00003983
385.92481983,0.00001795
386.03465733,-0.00002933
386.14450277,0.00000744
386.25435616,-0.00002933
386.36421749,0.00001795
386.47408675,-0.00003458
386.58396395,0.00000744
386.69384907,-0.00003983
386.80374212,0.00000219
386.91364309,-0.00006085
387.02355198,0.00001795
387.13346878,-0.00003983
387.24339350,0.00001269
387.35332612,-0.00002933
387.46326665,0.00002845
387.57321507,-0.00002933
387.68317140,0.00002845
387.79313561,-0.00003458
387.90310772,0.00000744
388.01308771,-0.00001357
388.12307559,0.00001795
388.23307134,-0.00002933
388.34307497,0.00001795
388.45308648,-0.00001882
388.56310585,0.00001269
388.67313309,-0.00003458
388.78316819,0.00002845
388.89321114,-0.00002933
389.00326196,0.00000744
389.11332062,-0.00001357
389.22338713,0.00001795
389.33346148,-0.00001882
389.44354368,0.00001269
389.55363371,-0.00003458
389.66373158,0.00000744
389.77383727,-0.00003458
389.88395079,0.00000744
389.99407214,-0.00002408
390.10420130,0.00003371
390.21433828,-0.00001882
390.32448308,0.00002320
390.43463568,-0.00002933
390.54479608,0.00002320
390.65496429,-0.00003458
390.76514030,0.00000219
390.87532410,-0.00003458
390.98551569,0.00002320
391.09571507,-0.00002408
391.20592224,0.00002320
391.31613718,-0.00003983
391.42635990,0.00000744
391.53659040,-0.00002408
391.64682866,0.00002320
391.75707470,-0.00001882
391.86732849,0.00002845
391.97759005,-0.00003458
392.08785936,0.00001269
392.19813642,-0.00003983
392.30842123,0.00003896
392.41871379,-0.00002933
392.52901409,0.00001269
392.63932212,-0.00001882
392.74963790,0.00001269
392.85996140,-0.00003458
392.97029263,0.00001269
393.08063158,-0.00003983
393.19097826,0.00000744
393.30133265,-0.00002408
393.41169476,0.00001795
393.52206458,-0.00002933
393.63244210,-0.00000306
393.74282733,-0.00006085
393.85322025,0.00001269
393.96362087,-0.00002933
394.07402919,0.00000744
394.18444519,-0.00002933
394.29486888,0.00001269
394.40530025,-0.00002408
394.51573930,0.00001269
394.62618602,-0.00001882
394.73664042,0.00001795
394.84710248,-0.00002933
394.95757221,0.00001795
395.06804959,-0.00002933
395.17853464,0.00002320
395.28902734,-0.00002933
395.39952769,0.00001269
395.51003568,-0.00002933
395.62055132,0.00000744
395.73107460,-0.00003983
395.84160551,0.00001795
395.95214406,-0.00003458
396.06269024,0.00000219
396.17324404,-0.00002933
396.28380546,-0.00000832
396.39437450,-0.00004509
396.50495116,-0.00001357
396.61553543,-0.00005559
396.72612730,-0.00000832
396.83672678,-0.00004509
396.94733386,-0.00002408
397.05794854,-0.00007135
397.16857081,-0.00001882
397.27920068,-0.00005034
397.38983813,0.00000219
397.50048316,-0.00002933
397.61113577,0.00000219
397.72179596,-0.00004509
397.83246372,0.00001795
397.94313905,-0.00003983
398.05382194,-0.00000832
398.16451240,-0.00004509
398.27521042,0.00000744
398.38591599,-0.00005034
398.49662911,0.00002320
398.60734978,-0.00003983
398.71807799,0.00000219
398.82881375,-0.00003983
398.93955704,0.00001795
399.05030787,-0.00002408
399.16106623,0.00001269
399.27183211,-0.00002408
399.38260552,0.00000744
399.49338644,-0.00003458
399.60417489,0.00002320
399.71497084,-0.00003983
399.82577431,0.00001269
399.93658528,-0.00003458
400.04740375,0.00002320
400.15822972,-0.00003983
400.26906319,0.00002845
400.37990415,-0.00002933
400.49075259,0.00001269
400.60160852,-0.00005034
400.71247193,0.00002320
400.82334282,-0.00002408
400.93422118,0.00001795
401.04510702,-0.00002933
401.15600032,0.00002320
401.26690108,-0.00002933
401.37780930,0.00001269
401.48872498,-0.00002408
401.59964811,0.00002845
401.71057869,-0.00001357
401.82151672,0.00002320
401.93246219,-0.00002933
402.04341510,0.00000744
402.15437544,-0.00001882
402.26534321,0.00003371
402.37631842,-0.00003458
402.48730104,0.00002320
402.59829109,-0.00001882
402.70928856,0.00002320
402.82029343,-0.00002408
402.93130572,0.00001269
403.04232542,-0.00004509
403.15335252,0.00000219
403.26438702,-0.00003983
403.37542892,0.00000219
403.48647821,-0.00001357
403.59753489,0.00000219
403.70859895,-0.00002933
403.81967040,0.00000219
403.93074922,-0.00005034
404.04183542,0.00001269
404.15292899,-0.00004509
404.26402993,0.00002845
404.37513824,-0.00001882
404.48625390,0.00001795
404.59737693,-0.00003458
404.70850731,0.00001269
404.81964503,-0.00003983
404.93079011,0.00002845
405.04194253,-0.00003458
405.15310229,0.00001795
405.26426938,-0.00003458
405.37544381,0.00002320
405.48662556,-0.00001882
405.59781465,0.00001269
405.70901105,-0.00003458
405.82021478,0.00002320
405.93142582,-0.00002933
406.04264417,0.00002320
406.15386983,-0.00003458
406.26510279,0.00000744
406.37634305,-0.00002933
406.48759062,0.00001795
406.59884547,-0.00002408
406.71010762,0.00001795
406.82137706,-0.00003983
406.93265377,0.00000744
407.04393777,-0.00001882
407.15522905,0.00001269
407.26652759,-0.00002408
407.37783341,0.00002320
407.48914649,-0.00002408
407.60046684,0.00000744
407.71179444,-0.00002408
407.82312930,0.00002320
407.93447141,-0.00002933
408.04582077,0.00002845
408.15717738,-0.00002933
408.26854122,0.00001269
408.37991230,-0.00002933
408.49129062,0.00000744
408.60267617,-0.00003458
408.71406894,0.00002320
408.82546894,-0.00001882
408.93687616,0.00001269
409.04829060,-0.00003983
409.15971225,0.00001269
409.27114110,-0.00002408
409.38257717,0.00000219
409.49402043,-0.00003458
409.60547090,0.00000744
409.71692856,-0.00005034
409.82839341,0.00000219
409.93986545,-0.00002933
410.05134468,0.00000219
410.16283108,-0.00004509
410.27432467,0.00000744
410.38582543,-0.00005034
410.49733336,-0.00000306
410.60884845,-0.00003458
410.72037072,0.00000744
410.83190014,-0.00002408
410.94343671,0.00001269
411.05498044,-0.00003458
411.16653132,0.00001795
411.27808935,-0.00001882
411.38965452,0.00001795
411.50122683,-0.00003458
411.61280627,0.00002320
411.72439284,-0.00003458
411.83598655,0.00001795
411.94758737,-0.00001882
412.05919532,0.00002320
412.17081039,-0.00001357
412.28243257,0.00003371
412.39406187,-0.00003458
412.50569827,0.00000744
412.61734177,-0.00002933
412.72899237,0.00000744
412.84065007,-0.00003983
412.95231487,0.00002320
413.06398675,-0.00002933
413.17566572,0.00002320
413.28735177,-0.00001882
413.39904490,0.00000744
413.51074511,-0.00001882
413.62245239,0.00001795
413.73416673,-0.00003458
413.84588815,0.00000219
413.95761662,-0.00002933
414.06935215,0.00001795
414.18109474,-0.00003983
414.29284437,0.00000219
414.40460106,-0.00003458
414.51636479,0.00001795
414.62813555,-0.00001882
414.73991336,0.00000744
414.85169820,-0.00001357
414.96349006,0.00003371
415.07528896,-0.00002933
415.18709487,0.00002320
415.29890781,-0.00002408
415.41072776,0.00002320
415.52255472,-0.00002408
415.63438870,0.00001795
415.74622967,-0.00001357
415.85807765,0.00000219
415.96993263,-0.00001882
416.08179460,0.00001269
416.19366356,-0.00003983
416.30553951,0.00002320
416.41742244,-0.00002408
416.52931236,0.00001795
416.64120925,-0.00003458
416.75311311,0.00000744
416.86502395,-0.00003458
416.97694174,0.00001795
417.08886651,-0.00002933
417.20079823,0.00002320
417.31273691,-0.00002933
417.42468254,0.00002320
417.53663511,-0.00001357
417.64859464,0.00002320
417.76056110,-0.00002408
417.87253450,0.00001795
417.98451484,-0.00002933
418.09650211,0.00003896
418.20849631,-0.00003458
418.32049743,0.00001269
418.43250547,-0.00003983
418.54452042,0.00002845
418.65654229,-0.00002933
418.76857107,0.00001795
418.88060676,-0.00002408
418.99264935,0.00002320
419.10469884,-0.00004509
419.21675522,0.00001269
419.32881850,-0.00003458
419.44088866,0.00002320
419.55296571,-0.00002408
419.66504965,0.00002320
419.77714046,-0.00000832
419.88923814,0.00004421
420.00134270,-0.00003983
420.11345412,0.00002320
420.22557241,-0.00003983
420.33769756,0.00001269
420.44982956,-0.00003983
420.56196842,0.00002320
420.67411413,-0.00005034
420.78626668,0.00001269
420.89842608,-0.00004509
421.01059232,0.00002320
421.12276539,-0.00002408
421.23494530,0.00002320
421.34713203,-0.00002933
421.45932559,0.00000219
421.57152597,-0.00003983
421.68373317,0.00000744
421.79594718,-0.00003458
421.90816801,0.00000219
422.02039564,-0.00003458
422.13263008,0.00001269
422.24487131,-0.00005034
422.35711935,-0.00000306
422.46937417,-0.00003983
422.58163579,0.00001269
422.69390420,-0.00002408
422.80617938,-0.00000832
422.91846135,-0.00004509
423.03075009,0.00000219
423.14304561,-0.00002408
423.25534789,0.00001269
423.36765694,-0.00002408
423.47997275,0.00001269
423.59229532,-0.00005034
423.70462464,0.00001269
423.81696072,-0.00002408
423.92930354,0.00002320
424.04165310,-0.00002408
424.15400941,0.00001269
424.26637246,-0.00003458
424.37874223,0.00001795
424.49111874,-0.00001882
424.60350198,0.00001269
424.71589193,-0.00003458
424.82828861,0.00001795
424.94069200,-0.00003983
425.05310211,0.00002320
425.16551892,-0.00002408
425.27794244,0.00001795
425.39037266,-0.00002933
425.50280958,0.00000744
425.61525320,-0.00003458
425.72770351,0.00002320
425.84016050,-0.00003458
425.95262418,0.00000744
426.06509454,-0.00003458
426.17757157,0.00001795
426.29005528,-0.00002408
426.40254566,0.00001795
426.51504271,-0.00002933
426.62754642,0.00000744
426.74005678,-0.00003983
426.85257381,0.00000219
426.96509749,-0.00002933
427.07762781,0.00000219
427.19016478,-0.00003458
427.30270840,0.00001795
427.41525865,-0.00003458
427.52781554,-0.00000306
427.64037906,-0.00003458
427.75294920,0.00000744
427.86552597,-0.00003458
427.97810936,0.00002845
428.09069937,-0.00002933
428.20329599,0.00000744
428.31589923,-0.00003983
428.42850906,-0.00000832
428.54112551,-0.00003983
428.65374855,0.00002320
428.76637819,-0.00002933
428.87901442,0.00003371
428.99165724,-0.00003458
429.10430664,0.00000219
429.21696263,-0.00002933
429.32962519,0.00001269
429.44229433,-0.00003983
429.55497005,0.00002845
429.66765233,-0.00002408
429.78034117,-0.00003983
429.89303657,0.00001269
430.00573854,-0.00002408
430.11844705,0.00001269
430.23116212,-0.00001882
430.34388373,0.00001795
430.45661189,-0.00001357
430.56934658,0.00001269
430.68208782,-0.00002933
430.79483558,0.00001269
430.90758987,-0.00002933
431.02035069,0.00001795
431.13311803,-0.00002933
431.24589189,0.00001795
431.35867227,-0.00002408
431.47145916,0.00002320
431.58425255,-0.00005559
431.69705245,0.00000219
431.80985885,-0.00001357
431.92267175,0.00003896
432.03549114,-0.00003983
432.14831702,0.00002320
432.26114939,-0.00003983
432.37398824,0.00001269
432.48683357,-0.00004509
432.59968538,0.00000744
432.71254366,-0.00003983
432.82540841,0.00001795
432.93827962,-0.00002408
433.05115730,0.00001795
433.16404143,-0.00001882
433.27693203,0.00001269
433.38982907,-0.00001882
433.50273256,0.00000744
433.61564249,-0.00003983
433.72855887,0.00001269
433.84148168,-0.00002408
433.95441093,0.00001269
434.06734661,-0.00004509
434.18028871,0.00001269
434.29323724,-0.00001882
434.40619219,0.00001795
434.51915355,-0.00001357
434.63212133,0.00002845
434.74509551,-0.00002408
434.85807611,-0.00000306
434.97106310,-0.00002933
435.08405649,0.00002320
435.19705628,-0.00002933
435.31006246,0.00002845
435.42307503,-0.00002933
435.53609398,0.00000744
435.64911931,-0.00002933
435.76215102,0.00001795
435.87518911,-0.00001882
435.98823356,0.00000744
436.10128439,-0.00002933
436.21434157,0.00000744
436.32740512,-0.00003458
436.44047502,0.00002320
436.55355127,-0.00004509
436.66663388,0.00000219
436.77972283,-0.00003458
436.89281812,0.00002845
437.00591975,-0.00002408
437.11902772,0.00002845
437.23214201,-0.00001357
437.34526264,0.00002320
437.45838959,-0.00002933
437.57152286,0.00001269
437.68466245,-0.00001882
437.79780835,0.00003371
437.91096057,-0.00003983
438.02411909,0.00002320
438.13728391,-0.00002933
438.25045504,0.00001269
438.36363246,-0.00002408
438.47681617,0.00002320
438.59000617,-0.00002933
438.70320246,0.00001795
438.81640504,-0.00003458
438.92961389,0.00001269
439.04282901,-0.00002933
439.15605041,0.00000744
439.26927807,-0.00004509
439.38251200,0.00001795
439.49575219,-0.00003458
439.60899864,0.00000744
439.72225135,-0.00002408
439.83551030,0.00000744
439.94877550,-0.00001882
440.06204695,0.00001269
440.17532463,-0.00003458
440.28860855,0.00000744
440.40189870,-0.00002408
440.51519509,0.00001795
440.62849770,-0.00003458
440.74180653,0.00001795
440.85512158,-0.00003458
440.96844284,0.00002320
441.08177032,-0.00002408
441.19510401,0.00001269
441.30844390,-0.00002408
441.42178999,0.00002320
441.53514228,-0.00003458
441.64850077,0.00001269
441.76186544,-0.00003458
441.87523630,0.00000744
441.98861335,-0.00002933
442.10199657,0.00000744
442.21538598,-0.00004509
442.32878155,0.00000219
442.44218330,-0.00003458
442.55559121,-0.00000306
442.66900528,-0.00004509
442.78242551,-0.00000306
442.89585190,-0.00003983
443.00928444,0.00000744
443.12272313,-0.00002933
443.23616796,0.00000744
443.34961893,-0.00003458
443.46307605,0.00000219
443.57653929,-0.00002933
443.69000867,0.00002320
443.80348417,-0.00002408
443.91696580,0.00001795
444.03045355,-0.00001882
444.14394741,0.00001269
444.25744739,-0.00001882
444.37095348,0.00003371
444.48446567,-0.00002408
444.59798397,0.00002320
444.71150836,-0.00003458
444.82503885,0.00000744
444.93857544,-0.00003458
445.05211811,0.00000744
445.16566686,-0.00001357
445.27922170,0.00002320
445.39278261,-0.00002933
445.50634960,0.00002845
445.61992266,-0.00002933
445.73350179,0.00001269
445.84708698,-0.00004509
445.96067824,0.00001795
446.07427554,-0.00003458
446.18787890,0.00000744
446.30148832,-0.00003983
446.41510377,0.00001269
446.52872527,-0.00001357
446.64235281,0.00002320
446.75598639,-0.00002408
446.86962599,0.00001795
446.98327163,-0.00003458
447.09692329,0.00001269
447.21058097,-0.00003983
447.32424467,0.00000744
447.43791438,-0.00001882
447.55159011,0.00000219
447.66527184,-0.00002933
447.77895958,0.00002320
447.89265331,-0.00003983
448.00635305,0.00001795
448.12005877,-0.00002408
448.23377049,-0.00000306
448.34748819,-0.00001357
448.46121188,0.00002845
448.57494154,-0.00002408
448.68867718,0.00001795
448.80241879,-0.00001882
448.91616637,0.00001269
449.02991992,-0.00001357
449.14367943,0.00001269
449.25744489,-0.00003983
449.37121631,0.00000219
449.48499368,-0.00002933
449.59877700,0.00001795
449.71256626,-0.00001882
449.82636146,-0.00000832
449.94016260,-0.00003983
450.05396968,0.00001795
450.16778268,-0.00001357
450.28160161,0.00002320
450.39542646,-0.00002408
450.50925723,0.00000744
450.62309391,-0.00003458
450.73693651,0.00002320
450.85078502,-0.00002408
450.96463943,0.00002845
451.07849975,-0.00002408
451.19236596,0.00002845
451.30623807,-0.00002933
451.42011606,0.00000219
451.53399995,-0.00003458
451.64788972,0.00000744
451.76178537,-0.00002408
451.87568689,0.00001269
451.98959429,-0.00002933
452.10350756,0.00001795
452.21742670,-0.00002933
452.33135170,0.00002845
452.44528256,-0.00002408
452.55921927,-0.00000306
452.67316184,-0.00002933
452.78711025,0.00001269
452.90106451,-0.00002408
453.01502461,0.00002320
453.12899055,-0.00003983
453.24296233,0.00000744
453.35693993,-0.00001882
453.47092337,0.00001269
453.58491262,-0.00002408
453.69890770,0.00002320
453.81290860,-0.00003458
453.92691530,0.00000744
454.04092782,-0.00001882
454.15494615,0.00001795
454.26897027,-0.00003983
454.38300020,0.00000744
454.49703592,-0.00002933
454.61107744,0.00002320
454.72512474,-0.00002933
454.83917783,0.00001795
454.95323670,-0.00002408
455.06730135,0.00001269
455.18137178,-0.00002408
455.29544797,0.00000744
455.40952993,-0.00006085
455.52361766,-0.00001882
455.63771115,-0.00005559
455.75181039,-0.00000832
455.86591539,-0.00003983
455.98002614,0.00000744
456.09414263,-0.00003458
456.20826487,0.00001269
456.32239285,-0.00003458
456.43652656,0.00000219
456.55066600,-0.00003983
456.66481118,0.00001269
456.77896208,-0.00002408
456.89311870,0.00001269
457.00728104,-0.00003458
457.12144909,0.00002320
457.23562286,-0.00003458
457.34980233,0.00002845
457.46398751,-0.00003983
457.57817839,0.00001269
457.69237496,-0.00002408
457.80657723,0.00003371
457.92078519,-0.00001357
458.03499883,0.00002320
458.14921816,-0.00003458
458.26344317,0.00001269
458.37767385,-0.00002933
458.49191021,0.00003896
458.60615223,-0.00002408
458.72039993,0.00002320
458.83465328,0.00001795
458.94891229,-0.00003983
459.06317695,0.00000219
459.17744727,-0.00002408
459.29172324,0.00001795
459.40600485,-0.00003458
459.52029210,0.00000744
459.63458498,-0.00001882
459.74888350,0.00003371
459.86318765,-0.00002408
459.97749743,0.00002320
460.09181283,-0.00003458
460.20613385,0.00001269
460.32046049,-0.00002408
460.43479274,0.00001269
460.54913060,-0.00002933
460.66347406,0.00001795
460.77782312,-0.00003458
460.89217779,0.00002845
461.00653805,-0.00002408
461.12090390,0.00003371
461.23527533,-0.00002408
461.34965236,0.00001795
461.46403496,-0.00002408
461.57842314,0.00002845
461.69281689,-0.00002408
461.80721622,0.00000744
461.92162111,-0.00002408
462.03603156,0.00002320
462.15044757,-0.00003458
462.26486914,0.00001795
462.37929627,-0.00002408
462.49372894,0.00000744
462.60816716,-0.00002933
462.72261091,0.00001795
462.83706021,-0.00002933
462.95151504,0.00001269
463.06597541,-0.00003458
463.18044130,0.00001269
463.29491272,-0.00001882
463.40938965,0.00002320
463.52387211,-0.00002933
463.63836008,0.00002320
463.75285355,-0.00002933
463.86735254,0.00001795
463.98185703,-0.00001882
464.09636702,0.00001795
464.21088250,-0.00001882
464.32540348,0.00001269
464.43992994,-0.00003458
464.55446190,0.00000744
464.66899933,-0.00002408
464.78354224,0.00001795
464.89809063,-0.00002408
465.01264449,0.00001795
465.12720382,-0.00002933
465.24176861,0.00001795
465.35633886,-0.00002933
465.47091457,0.00001795
465.58549573,-0.00001882
465.70008235,0.00002320
465.81467441,-0.00003983
465.92927191,0.00001269
466.04387486,-0.00004509
466.15848324,0.00001269
466.27309705,-0.00003458
466.38771629,0.00002845
466.50234096,-0.00002408
466.61697105,0.00001269
466.73160656,-0.00002408
466.84624748,0.00002320
466.96089382,-0.00002408
467.07554556,0.00002845
467.19020271,-0.00003458
467.30486526,0.00002320
467.41953321,-0.00002933
467.53420655,0.00002845
467.64888528,-0.00001882
467.76356940,0.00001795
467.87825890,-0.00002408
467.99295378,0.00002320
468.10765404,-0.00004509
468.22235967,0.00002320
468.33707067,-0.00003458
468.45178703,0.00002845
468.56650876,-0.00003983
468.68123584,0.00001795
468.79596829,-0.00004509
468.91070608,0.00000744
469.02544922,-0.00003458
469.14019771,0.00001795
469.25495153,-0.00004509
469.36971070,0.00001269
469.48447519,-0.00003458
469.59924502,0.00000219
469.71402018,-0.00003983
469.82880066,0.00002320
469.94358646,-0.00002933
470.05837757,0.00002845
470.17317400,-0.00002933
470.28797574,0.00002320
470.40278278,-0.00002933
470.51759513,0.00000219
470.63241277,-0.00002408
470.74723571,0.00001795
470.86206395,-0.00005034
470.97689747,0.00000744
471.09173627,-0.00003458
471.20658036,0.00001795
471.32142972,-0.00003983
471.43628436,0.00001269
471.55114427,-0.00002933
471.66600944,0.00002320
471.78087988,-0.00002933
471.89575558,-0.00000832
472.01063653,-0.00002408
472.12552274,0.00001795
472.24041420,-0.00001882
472.35531090,0.00001795
472.47021285,-0.00002933
472.58512003,0.00001269
472.70003245,-0.00001882
472.81495010,0.00002320
472.92987298,-0.00003458
473.04480109,0.00002845
473.15973441,-0.00002408
473.27467296,0.00002320
473.38961672,-0.00002933
473.50456568,0.00001269
473.61951986,-0.00002408
473.73447924,0.00001795
473.84944382,-0.00001882
473.96441359,0.00003371
474.07938856,-0.00002933
474.19436872,0.00002845
474.30935406,-0.00003458
474.42434459,0.00001795
474.53934030,-0.00001882
474.65434118,0.00000744
474.76934723,-0.00002408
474.88435845,0.00001269
474.99937484,-0.00001882
475.11439638,0.00002845
475.22942309,-0.00002408
475.34445495,0.00000744
475.45949196,-0.00001882
475.57453412,0.00002320
475.68958142,-0.00001357
475.80463386,0.00000744
475.91969143,-0.00002933
476.03475414,0.00000219
476.14982198,-0.00002933
476.26489495,0.00002320
476.37997304,-0.00002408
476.49505625,0.00001795
476.61014457,-0.00002408
476.72523801,0.00002320
476.84033655,-0.00002933
476.95544020,0.00002845
477.07054895,-0.00001882
477.18566279,0.00002845
477.30078174,-0.00001882
477.41590577,0.00002320
477.53103489,-0.00002408
477.64616909,0.00002320
477.76130838,-0.00002933
477.87645274,0.00002845
477.99160217,-0.00001357
478.10675667,0.00002320
478.22191624,-0.00001882
478.33708087,0.00001795
478.45225056,-0.00002933
478.56742531,0.00001795
478.68260511,-0.00001882
478.79778996,0.00001269
478.91297985,-0.00002408
479.02817478,0.00002320
479.14337475,-0.00001882
479.25857976,0.00002320
479.37378980,-0.00004509
479.48900486,0.00001795
479.60422495,-0.00001882
479.71945005,0.00002845
479.83468018,-0.00002408
479.94991532,0.00002845
480.06515546,-0.00002933
480.18040062,0.00002845
480.29565077,-0.00003458
480.41090593,0.00002845
480.52616608,-0.00001357
480.64143122,0.00002320
480.75670136,-0.00001357
480.87197647,0.00002320
480.98725657,-0.00002408
481.10254165,0.00000744
481.21783170,-0.00002408
481.33312672,0.00001795
481.44842671,-0.00003458
481.56373166,0.00001795
481.67904157,-0.00003458
481.79435644,0.00002845
481.90967627,-0.00002408
482.02500104,0.00003371
482.14033076,-0.00001357
482.25566542,0.00000744
482.37100502,-0.00002933
482.48634956,0.00000744
482.60169903,-0.00000832
482.71705342,0.00001269
482.83241275,-0.00003458
482.94777699,0.00001269
483.06314615,-0.00001882
483.17852023,0.00003371
483.29389922,-0.00002408
483.40928311,0.00000744
483.52467191,-0.00003458
483.64006561,0.00001795
483.75546421,-0.00002933
483.87086770,0.00002845
483.98627608,-0.00002408
484.10168934,0.00003371
484.21710749,-0.00002408
484.33253052,0.00002845
484.44795842,-0.00001882
484.56339120,0.00002320
484.67882884,-0.00001357
484.79427135,0.00002845
484.90971873,-0.00002933
485.02517096,0.00001269
485.14062804,-0.00003983
485.25608997,0.00000744
485.37155676,-0.00002408
485.48702838,0.00002320
485.60250485,-0.00002408
485.71798616,0.00002320
485.83347229,-0.00003983
485.94896326,0.00000744
486.06445905,-0.00003983
486.17995967,0.00000744
486.29546511,-0.00001357
486.41097536,0.00002845
486.52649042,-0.00001882
486.64201030,0.00001269
486.75753497,-0.00003458
486.87306445,0.00003371
486.98859873,-0.00002933
487.10413780,0.00001795
487.21968167,-0.00003458
487.33523032,0.00001795
487.45078375,-0.00002933
487.56634197,0.00001795
487.68190496,-0.00002408
487.79747273,0.00003371
487.91304527,-0.00002933
488.02862257,0.00001795
488.14420463,-0.00002408
488.25979146,-0.00002408
488.37538304,0.00002320
488.49097937,-0.00002408
488.60658046,0.00003371
488.72218628,-0.00002408
488.83779685,0.00002320
488.95341216,-0.00002933
489.06903220,0.00002845
489.18465698,-0.00001357
489.30028648,0.00003371
489.41592070,-0.00002933
489.53155965,0.00001269
489.64720331,-0.00002933
489.76285169,0.00002320
489.87850478,-0.00002408
489.99416257,0.00001269
490.10982506,-0.00002408
490.22549226,0.00001269
490.34116415,-0.00001882
490.45684074,0.00000744
490.57252201,-0.00003983
490.68820797,0.00000744
490.80389861,-0.00002408
490.91959393,0.00000744
491.03529392,-0.00001357
491.15099858,0.00000744
491.26670792,-0.00001357
491.38242191,0.00003371
491.49814057,-0.00001882
491.61386388,0.00003371
491.72959185,-0.00003458
491.84532447,0.00002320
491.96106173,-0.00002933
492.07680364,0.00001269
492.19255019,-0.00001882
492.30830137,0.00000744
492.42405719,-0.00001357
492.53981763,0.00001795
492.65558270,-0.00003458
492.77135239,0.00001795
492.88712670,-0.00002933
493.00290563,0.00002320
493.11868917,-0.00002933
493.23447731,0.00002320
493.35027006,-0.00005034
493.46606741,0.00000744
493.58186936,-0.00003458
493.69767590,-0.00000306
493.81348703,-0.00002933
493.92930274,-0.00000832
494.04512304,-0.00005034
494.16094792,0.00001795
494.27677738,-0.00004509
494.39261141,0.00000219
494.50845001,-0.00003983
494.62429317,0.00001269
494.74014089,-0.00001882
494.85599318,0.00001269
494.97185002,-0.00002408
495.08771141,0.00000219
495.20357734,-0.00001882
495.31944783,0.00001795
495.43532285,-0.00001882
495.55120241,0.00003371
495.66708650,-0.00003983
495.78297513,0.00001795
495.89886828,-0.00002408
496.01476595,0.00002320
496.13066815,-0.00003983
496.24657486,0.00002320
496.36248608,-0.00004509
496.47840181,0.00000744
496.59432205,-0.00002933
496.71024679,0.00002320
496.82617603,-0.00002933
496.94210976,0.00000744
497.05804798,-0.00001882
497.17399070,0.00002320
497.28993789,-0.00002408
497.40588957,0.00001795
497.52184572,-0.00002933
497.63780635,0.00001269
497.75377145,-0.00002408
497.86974102,0.00001269
497.98571505,-0.00000832
498.10169354,0.00001269
498.21767648,-0.00002933
498.33366388,0.00002320
498.44965573,-0.00002408
498.56565202,0.00001795
498.68165275,-0.00003983
498.79765793,0.00001269
498.91366754,-0.00002933
499.02968158,0.00001795
499.14570004,-0.00000832
499.26172294,0.00000744
499.37775025,-0.00002933
499.49378198,0.00000219
499.60981813,-0.00003458
499.72585868,0.00000744
499.84190364,-0.00003983
499.95795301,0.00001795
500.07400677,-0.00003458
500.19006494,0.00002845
500.30612749,-0.00002408
500.42219443,0.00002320
500.53826576,-0.00001882
500.65434148,0.00002320
500.77042157,-0.00002408
500.88650603,0.00001269
501.00259487,-0.00001357
501.11868807,0.00002320
501.23478564,-0.00002408
501.35088757,0.00002845
501.46699386,-0.00002933
501.58310450,0.00002320
501.69921950,-0.00002408
501.81533883,0.00001795
501.93146252,-0.00001357
502.04759054,0.00000219
502.16372290,-0.00003458
502.27985959,0.00003371
502.39600061,-0.00002408
502.51214596,0.00002320
502.62829563,-0.00003983
502.74444962,0.00001795
502.86060792,-0.00001882
502.97677054,0.00002320
503.09293746,-0.00002933
503.20910869,0.00000219
503.32528422,-0.00003458
503.44146404,0.00000744
503.55764816,-0.00003458
503.67383657,0.00002845
503.79002927,-0.00004509
503.90622625,0.00000744
504.02242751,-0.00003983
504.13863305,-0.00000832
504.25484286,-0.00003983
504.37105694,0.00001269
504.48727529,-0.00004509
504.60349790,0.00000744
504.71972476,-0.00003458
504.83595589,0.00000744
504.95219126,-0.00004509
505.06843088,0.00002845
505.18467475,-0.00002408
505.30092286,0.00002320
505.41717520,-0.00002408
505.53343178,0.00002320
505.64969259,-0.00001882
505.76595763,0.00003896
505.88222689,-0.00001882
505.99850038,0.00002320
506.11477807,-0.00001357
506.23105998,0.00001795
506.34734610,-0.00003983
506.46363643,0.00001269
506.57993096,-0.00002408
506.69622969,0.00002320
506.81253261,-0.00002408
506.92883972,0.00002845
507.04515103,-0.00003458
507.16146651,0.00000744
507.27778618,-0.00003458
507.39411003,0.00003371
507.51043805,-0.00002933
507.62677024,0.00002320
507.74310660,-0.00002933
507.85944712,0.00002320
507.97579180,-0.00002933
508.09214064,0.00002320
508.20849364,-0.00002933
508.32485078,0.00000744
508.44121206,-0.00002933
508.55757749,0.00001795
508.67394706,-0.00001882
508.79032077,-0.00000306
508.90669860,-0.00001882
509.02308057,0.00000219
509.13946666,-0.00002933
509.25585687,0.00002845
509.37225120,-0.00002933
509.48864964,0.00002320
509.60505219,-0.00002933
509.72145885,0.00003371
509.83786962,-0.00003458
509.95428448,0.00002845
510.07070344,-0.00003458
510.18712650,0.00000219
510.30355364,-0.00002408
510.41998487,0.00001269
510.53642018,-0.00002408
510.65285957,0.00000744
510.76930304,-0.00003458
510.88575058,0.00002845
511.00220219,-0.00002933
511.11865786,0.00001269
511.23511759,-0.00002933
511.35158138,0.00001269
511.46804923,-0.00002408
511.58452113,-0.00000306
511.70099707,-0.00003458
511.81747706,0.00000219
511.93396109,-0.00004509
512.05044915,0.00001269
512.16694125,-0.00003983
512.28343738,0.00000219
512.39993753,-0.00003458
512.51644171,0.00002320
512.63294990,-0.00003983
512.74946211,0.00000744
512.86597833,-0.00003983
512.98249857,0.00000744
513.09902280,-0.00003458
513.21555104,0.00002845
513.33208328,-0.00002933
513.44861951,-0.00000306
513.56515973,-0.00003458
513.68170394,0.00002320
513.79825213,-0.00002408
513.91480430,0.00002320
514.03136045,-0.00001882
514.14792057,0.00002320
514.26448466,-0.00002933
514.38105272,0.00001269
514.49762474,-0.00001882
514.61420072,0.00002845
514.73078066,-0.00002933
514.84736455,0.00001795
514.96395238,-0.00002933
515.08054416,0.00001795
515.19713989,-0.00002933
515.31373955,0.00001269
515.43034314,-0.00000832
515.54695067,0.00001269
515.66356212,-0.00001882
515.78017750,0.00001795
515.89679680,-0.00002933
516.01342002,0.00003896
516.13004714,-0.00002933
516.24667818,0.00001795
516.36331313,-0.00002933
516.47995197,0.00001269
516.59659472,-0.00001882
516.71324136,0.00002320
516.82989190,-0.00002408
516.94654632,0.00002320
517.06320463,-0.00003983
517.17986682,0.00002845
517.29653288,-0.00002408
517.41320283,0.00003371
517.52987664,-0.00002408
517.64655432,0.00002845
517.76323587,-0.00003458
517.87992127,0.00002320
517.99661053,0.00003371
518.11330365,-0.00002933
518.23000061,0.00001269
518.34670142,-0.00002408
518.46340608,0.00001269
518.58011457,-0.00001882
518.69682690,0.00003371
518.81354306,-0.00001882
518.93026305,0.00001795
519.04698687,-0.00003458
519.16371451,0.00002320
519.28044596,-0.00002408
519.39718123,0.00001269
519.51392031,-0.00002933
519.63066320,0.00001269
519.74740989,-0.00001882
519.86416039,0.00002845
519.98091468,-0.00002933
520.09767276,0.00000744
520.21443464,-0.00003983
520.33120030,0.00001795
520.44796974,-0.00003983
520.56474296,0.00001795
520.68151996,-0.00002933
520.79830073,0.00001269
520.91508527,-0.00003458
521.03187357,0.00002320
521.14866564,-0.00001882
521.26546146,0.00000219
521.38226104,-0.00002408
521.49906437,0.00001795
521.61587145,-0.00001882
521.73268227,0.00001269
521.84949683,-0.00001882
521.96631513,0.00002845
522.08313717,-0.00001882
522.19996293,0.00002320
522.31679242,-0.00002933
522.43362563,0.00002320
522.55046256,-0.00003458
522.66730321,0.00001269
522.78414757,-0.00002933
522.90099564,0.00002845
523.01784742,-0.00005034
523.13470289,0.00000744
523.25156207,-0.00002408
523.36842493,0.00002845
523.48529150,-0.00002408
523.60216174,0.00001269
523.71903568,-0.00003458
523.83591329,0.00002320
523.95279458,-0.00002408
524.06967954,0.00001269
524.18656818,-0.00004509
524.30346048,0.00002320
524.42035644,-0.00004509
524.53725606,0.00000744
524.65415934,-0.00003983
524.77106627,0.00000744
524.88797685,-0.00002408
525.00489108,0.00002845
525.12180895,-0.00002933
525.23873045,0.00002320
525.35565559,-0.00000832
525.47258436,0.00001269
525.58951676,-0.00003458
525.70645279,0.00001269
525.82339243,-0.00002933
525.94033569,0.00001795
526.05728257,-0.00001357
526.17423305,0.00003371
526.29118715,-0.00001357
526.40814484,0.00000219
526.52510614,-0.00001882
526.64207103,0.00002320
526.75903951,-0.00001882
526.87601158,0.00002320
526.99298724,-0.00001882
527.10996648,0.00002320
527.22694930,-0.00002933
527.34393569,0.00002320
527.46092566,-0.00003458
527.57791919,0.00001795
527.69491629,-0.00002408
527.81191694,0.00001269
527.92892116,-0.00004509
528.04592893,0.00001795
528.16294024,-0.00001357
528.27995511,0.00001269
528.39697352,-0.00003458
528.51399547,0.00000744
528.63102095,-0.00002408
528.74804997,0.00002320
528.86508251,-0.00002933
528.98211858,0.00001795
529.09915818,-0.00003983
529.21620129,0.00002320
529.33324792,-0.00001882
529.45029806,0.00002320
529.56735170,-0.00002933
529.68440885,0.00001269
529.80146950,-0.00002408
529.91853365,0.00001795
530.03560129,-0.00002933
530.15267243,0.00002320
530.26974705,-0.00004509
530.38682515,0.00002845
530.50390673,-0.00002408
530.62099179,0.00003371
530.73808032,-0.00003458
530.85517232,0.00000744
530.97226779,-0.00003983
531.08936672,0.00001269
531.20646910,-0.00003983
531.32357495,0.00000744
531.44068424,-0.00002408
531.55779698,0.00003371
531.67491317,-0.00002408
531.79203279,0.00000744
531.90915586,-0.00002408
532.02628235,0.00001269
532.14341228,-0.00001882
532.26054564,0.00003371
532.37768242,-0.00002933
532.49482261,0.00002845
532.61196623,-0.00002408
532.72911325,0.00000219
532.84626369,-0.00002933
532.96341753,0.00000219
533.08057478,-0.00002933
533.19773542,-0.00001882
533.31489946,-0.00005559
533.43206689,-0.00001882
533.54923770,-0.00005559
533.66641191,-0.00000306
533.78358949,-0.00002933
533.90077045,0.00000744
534.01795478,-0.00003458
534.13514249,-0.00000832
534.25233356,-0.00007661
534.36952800,-0.00002933
534.48672579,-0.00006610
534.60392694,-0.00002408
534.72113145,-0.00006085
534.83833930,-0.00001357
534.95555050,-0.00002933
535.07276504,0.00000219
535.18998292,-0.00004509
535.30720413,0.00001795
535.42442868,-0.00003458
535.54165656,0.00001269
535.65888776,-0.00003983
535.77612228,0.00001269
535.89336011,-0.00004509
536.01060127,0.00002845
536.12784573,-0.00004509
536.24509350,0.00003371
536.36234457,-0.00003458
536.47959894,0.00001269
536.59685661,-0.00005559
536.71411757,0.00002320
536.83138183,-0.00002933
536.94864936,0.00001795
537.06592018,-0.00002933
537.18319428,0.00001269
537.30047165,-0.00001882
537.41775230,0.00000219
537.53503621,-0.00001882
537.65232339,0.00000744
537.76961383,-0.00001882
537.88690753,0.00002320
538.00420448,-0.00002933
538.12150468,0.00001795
538.23880813,-0.00003983
538.35611482,0.00001269
538.47342475,-0.00002408
538.59073792,0.00001795
538.70805432,-0.00001357
538.82537395,0.00002845
538.94269681,-0.00003458
539.06002289,0.00001269
539.17735219,-0.00003458
539.29468470,0.00001795
539.41202042,-0.00000832
539.52935936,0.00001269
539.64670150,-0.00002408
539.76404683,0.00000744
539.88139537,-0.00002933
539.99874710,0.00001795
540.11610202,-0.00005559
540.23346013,-0.00006085
540.35082143,-0.00012388
540.46818590,-0.00002933
540.58555355,-0.00007135
540.70292437,-0.00002408
540.82029836,-0.00005559
540.93767552,-0.00000832
541.05505584,-0.00005034
541.17243931,0.00000744
541.28982595,-0.00003983
541.40721573,-0.00000306
541.52460867,-0.00002933
541.64200475,0.00000219
541.75940397,-0.00005559
541.87680633,0.00000744
541.99421182,-0.00004509
542.11162044,-0.00000306
542.22903219,-0.00005034
542.34644706,0.00000744
542.46386506,-0.00002408
542.58128617,0.00002320
542.69871039,-0.00004509
542.81613773,0.00000744
542.93356816,-0.00000832
543.05100171,0.00000219
543.16843835,-0.00003458
543.28587808,0.00001795
543.40332091,-0.00002408
543.52076683,0.00002320
543.63821583,-0.00002408
543.75566791,0.00001269
543.87312307,-0.00001882
543.99058130,0.00001795
544.10804261,-0.00005034
544.22550698,0.00001795
544.34297442,-0.00002933
544.46044492,0.00001269
544.57791847,-0.00002408
544.69539508,0.00001269
544.81287473,-0.00002933
544.93035743,0.00001269
545.04784318,-0.00001882
545.16533196,0.00002845
545.28282378,-0.00002933
545.40031863,0.00001269
545.51781651,-0.00003983
545.63531742,0.00000219
545.75282134,-0.00002933
545.87032829,0.00001795
545.98783824,-0.00004509
546.10535121,0.00002845
546.22286719,-0.00003983
546.34038617,0.00002320
546.45790815,-0.00002933
546.57543313,0.00000744
546.69296110,-0.00001357
546.81049206,0.00002320
546.92802600,-0.00002408
547.04556293,0.00001269
547.16310284,-0.00003983
547.28064572,0.00001795
547.39819158,-0.00002933
547.51574040,0.00001795
547.63329219,-0.00001882
547.75084694,0.00001269
547.86840465,-0.00002933
547.98596531,-0.00002408
548.10352893,0.00002320
548.22109549,-0.00002408
548.33866499,0.00002320
548.45623744,-0.00002408
548.57381282,0.00002845
548.69139114,-0.00001882
548.80897238,0.00001795
548.92655655,-0.00002408
549.04414365,0.00002845
549.16173366,-0.00003458
549.27932659,0.00003896
549.39692243,-0.00003458
549.51452118,0.00001269
549.63212284,-0.00002408
549.74972739,0.00002320
549.86733485,-0.00001357
549.98494519,0.00002845
550.10255843,-0.00003458
550.22017456,0.00001269
550.33779357,-0.00002933
550.45541546,0.00000219
550.57304023,-0.00003458
550.69066788,0.00003371
550.80829839,-0.00003983
550.92593176,0.00000744
551.04356801,-0.00002933
551.16120711,0.00000744
551.27884906,-0.00002408
551.39649387,0.00002320
551.51414153,-0.00003458
551.63179203,0.00003371
551.74944537,-0.00002933
551.86710155,0.00000744
551.98476057,-0.00003458
552.10242241,0.00002320
552.22008709,-0.00002933
552.33775459,0.00000744
552.45542491,-0.00003983
552.57309804,0.00001795
552.69077399,-0.00003983
552.80845275,0.00002320
552.92613432,-0.00002933
553.04381869,0.00002320
553.16150585,-0.00003458
553.27919582,0.00002845
553.39688857,-0.00004509
553.51458412,0.00000219
553.63228245,-0.00002933
553.74998356,-0.00000306
553.86768745,-0.00002933
553.98539411,0.00002845
554.10310355,-0.00001357
554.22081575,-0.00000306
554.33853072,-0.00001357
554.45624845,0.00001269
554.57396893,-0.00001882
554.69169217,0.00001795
554.80941816,-0.00002933
554.92714689,0.00002320
555.04487837,-0.00003458
555.16261259,0.00001269
555.28034954,-0.00002933
555.39808922,0.00001795
555.51583164,-0.00000832
555.63357678,0.00002845
555.75132464,-0.00003983
555.86907522,0.00001269
555.98682851,-0.00002933
556.10458451,0.00002320
556.22234323,-0.00003458
556.34010464,0.00002320
556.45786876,-0.00003983
556.57563558,0.00001269
556.69340508,-0.00002933
556.81117728,0.00002845
556.92895217,-0.00002933
557.04672973,0.00001795
557.16450998,-0.00002408
557.28229290,0.00001795
557.40007850,-0.00003983
557.51786676,0.00001269
557.63565769,-0.00002933
557.75345128,0.00001795
557.87124753,-0.00002408
557.98904644,0.00000744
558.10684799,-0.00002933
558.22465220,0.00002845
558.34245905,-0.00001882
558.46026853,0.00001795
558.57808066,-0.00003458
558.69589542,0.00001795
558.81371281,-0.00001882
558.93153282,0.00001795
559.04935546,-0.00002933
559.16718072,0.00000219
559.28500859,-0.00002408
559.40283908,0.00003371
559.52067218,-0.00003458
559.63850788,0.00001269
559.75634618,-0.00001882
559.87418708,0.00003896
559.99203058,-0.00002933
560.10987667,0.00001269
560.22772534,-0.00002933
560.34557660,0.00001795
560.46343044,-0.00002408
560.58128686,0.00001269
560.69914585,-0.00002408
560.81700741,0.00001269
560.93487154,-0.00001882
561.05273823,0.00003896
561.17060748,-0.00003458
561.28847929,0.00001269
561.40635365,-0.00001357
561.52423056,0.00001795
561.64211001,-0.00002933
561.75999201,0.00000219
561.87787654,-0.00000832
561.99576361,0.00002845
562.11365321,-0.00002933
562.23154534,0.00001795
562.34943999,-0.00002933
562.46733717,0.00003371
562.58523686,-0.00003458
562.70313906,0.00002845
562.82104378,-0.00003458
562.93895100,0.00001795
563.05686072,-0.00003458
563.17477295,0.00000744
563.29268767,-0.00002933
563.41060488,0.00002845
563.52852459,-0.00001882
563.64644677,0.00002320
563.76437144,-0.00003983
563.88229859,0.00002845
564.00022822,-0.00002933
564.11816031,0.00003371
564.23609487,-0.00003983
564.35403190,0.00001795
564.47197139,-0.00003458
564.58991334,0.00001795
564.70785773,-0.00003458
564.82580458,0.00002320
564.94375388,-0.00003458
565.06170562,0.00000744
565.17965980,-0.00002408
565.29761642,0.00002845
565.41557546,-0.00002408
565.53353694,0.00001269
565.65150084,-0.00002933
565.76946717,0.00001795
565.88743591,-0.00004509
566.00540707,0.00001269
566.12338064,-0.00002933
566.24135662,-0.00000832
566.35933500,-0.00003458
566.47731579,0.00000744
566.59529897,-0.00003983
566.71328455,0.00001795
566.83127251,-0.00001882
566.94926286,0.00001269
567.06725560,-0.00001882
567.18525071,0.00000744
567.30324821,-0.00002933
567.42124807,0.00002320
567.53925030,-0.00001882
567.65725490,0.00000744
567.77526187,-0.00000832
567.89327119,0.00000744
568.01128286,-0.00002408
568.12929689,0.00001795
568.24731326,-0.00002408
568.36533198,0.00002320
568.48335304,-0.00001357
568.60137644,0.00002845
568.71940217,-0.00001882
568.83743024,0.00002320
568.95546063,-0.00001882
569.07349334,0.00002845
569.19152837,-0.00003458
569.30956572,0.00000744
569.42760538,-0.00004509
569.54564736,0.00000219
569.66369163,-0.00003458
569.78173821,0.00002320
569.89978709,-0.00002933
570.01783826,0.00002320
570.13589173,-0.00002933
570.25394748,0.00001795
570.37200552,-0.00002933
570.49006584,0.00002845
570.60812843,-0.00002408
570.72619330,0.00000744
570.84426045,-0.00002933
570.96232985,0.00002320
571.08040152,-0.00003458
571.19847546,0.00002320
571.31655164,-0.00002408
571.43463008,0.00002320
571.55271077,-0.00002408
571.67079371,0.00001269
571.78887889,-0.00002933
571.90696630,0.00001269
572.02505596,-0.00003458
572.14314784,0.00002845
572.26124195,-0.00002933
572.37933829,0.00001269
572.49743685,-0.00002933
572.61553762,0.00002845
572.73364061,-0.00002408
572.85174581,0.00001269
572.96985322,-0.00000832
573.08796283,0.00001795
573.20607464,-0.00003458
573.32418865,0.00002320
573.44230485,-0.00000832
573.56042324,0.00001269
573.67854382,-0.00002408
573.79666657,0.00002845
573.91479151,-0.00002933
574.03291862,0.00003371
574.15104791,-0.00003458
574.26917936,0.00001269
574.38731298,-0.00001882
574.50544875,0.00002320
574.62358669,-0.00001882
574.74172678,0.00000219
574.85986902,-0.00002933
574.97801341,0.00000744
575.09615994,-0.00004509
575.21430861,-0.00000306
575.33245942,-0.00004509
575.45061236,-0.00001357
575.56876743,-0.00005559
575.68692463,0.00001269
575.80508395,-0.00003458
575.92324539,0.00001795
576.04140894,-0.00003983
576.15957461,0.00001269
576.27774238,-0.00003458
576.39591226,-0.00000306
576.51408424,-0.00002933
576.63225832,0.00000219
576.75043449,-0.00010812
576.86861275,-0.00008186
576.98679310,-0.00010287
577.10497553,-0.00003983
577.22316005,-0.00008186
577.34134664,-0.00004509
577.45953530,-0.00006610
577.57772604,0.00000219
577.69591883,-0.00003983
577.81411370,-0.00000306
577.93231062,-0.00003983
578.05050959,0.00000744
578.16871062,0.00001269
578.28691370,-0.00002408
578.40511882,0.00001269
578.52332598,-0.00003458
578.64153518,-0.00000306
578.75974642,-0.00001882
578.87795968,0.00001269
578.99617497,-0.00003458
579.11439229,0.00000744
579.23261163,-0.00003458
579.35083298,0.00001795
579.46905635,-0.00004509
579.58728172,0.00000744
579.70550911,-0.00004509
579.82373849,0.00000744
579.94196988,-0.00003458
580.06020326,0.00002845
580.17843863,-0.00002408
580.29667599,0.00001795
580.41491533,-0.00004509
580.53315666,0.00001795
580.65139996,-0.00004509
580.76964524,0.00001795
580.88789249,-0.00003983
581.00614171,0.00001269
581.12439289,-0.00006085
581.24264603,0.00000744
581.36090113,-0.00003458
581.47915818,0.00000219
581.59741718,-0.00003458
581.71567813,0.00001795
581.83394102,-0.00003458
581.95220585,0.00000744
582.07047261,-0.00002933
582.18874131,-0.00001882
582.30701193,-0.00010287
582.42528448,-0.00005034
582.54355896,-0.00006085
582.66183535,-0.00002408
582.78011365,-0.00006610
582.89839386,-0.00001882
583.01667599,-0.00005559
583.13496001,-0.00001357
583.25324594,-0.00005559
583.37153376,-0.00001882
583.48982348,-0.00006085
583.60811509,-0.00000832
583.72640858,-0.00005034
583.84470396,-0.00000832
583.96300121,-0.00005559
584.08130034,-0.00000832
584.19960134,-0.00004509
584.31790422,-0.00000832
584.43620895,-0.00005559
584.55451555,-0.00002933
584.67282401,-0.00005559
584.79113432,-0.00002933
584.90944648,-0.00006085
585.02776049,-0.00002408
585.14607634,-0.00008186
585.26439403,-0.00005559
585.38271356,-0.00038127
585.50103493,0.11543503
585.61935812,0.23545368
585.73768314,0.17053288
585.85600998,0.09948718
585.97433865,0.09002667
586.09266912,0.08825644
586.21100141,0.06725528
586.32933551,0.03248097
586.44767142,0.01360724
586.56600912,0.00391035
586.68434862,0.00187748
586.80268992,-0.00075423
586.92103301,-0.00062291
587.03937789,-0.00063341
587.15772455,-0.00053361
587.27607299,-0.00060190
587.39442321,-0.00053361
587.51277520,-0.00058089
587.63112896,-0.00048633
587.74948449,-0.00054411
587.86784178,-0.00050734
587.98620083,-0.00055462
588.10456164,-0.00046007
588.22292420,-0.00042855
588.34128850,-0.00048108
588.45965456,0.08913368
588.57802235,0.18745777
588.69639188,0.13910993
588.81476315,0.07333290
588.93313615,0.06352571
589.05151087,0.06400898
589.16988732,0.04742026
589.28826549,0.02398175
589.40664538,0.00372125
589.52502698,-0.00068069
589.64341029,-0.00069645
589.76179531,-0.00059664
589.88018203,-0.00057563
589.99857045,-0.00050209
590.11696057,-0.00051260
590.23535237,-0.00045482
590.35374587,-0.00051260
590.47214105,-0.00044956
590.59053792,-0.00047583
590.70893646,-0.00042855
590.82733668,-0.00046007
590.94573856,-0.00042855
591.06414212,-0.00046532
591.18254734,-0.00034976
591.30095422,-0.00029723
591.41936276,-0.00020793
591.53777295,-0.00022894
591.65618479,-0.00014489
591.77459828,-0.00017116
591.89301341,-0.00010812
592.01143018,-0.00013964
592.12984859,-0.00009762
592.24826862,-0.00013439
592.36669029,-0.00009236
592.48511359,-0.00011338
592.60353850,-0.00008186
592.72196503,-0.00011338
592.84039318,-0.00008186
592.95882294,-0.00009762
593.07725431,-0.00005559
593.19568728,-0.00010287
593.31412185,-0.00005034
593.43255802,-0.00009236
593.55099578,-0.00005559
593.66943514,-0.00008186
593.78787608,-0.00003983
593.90631860,-0.00008711
594.02476270,-0.00004509
594.14320838,-0.00009762
594.26165563,-0.00004509
594.38010445,-0.00010812
594.49855484,-0.00005559
594.61700678,-0.00017116
594.73546029,0.03355257
594.85391535,0.28091767
594.97237196,0.34095326
595.09083012,0.18299280
595.20928982,0.13937257
595.32775107,0.13743950
595.44621385,0.13340526
595.56467817,0.09495391
595.68314401,0.04863894
595.80161138,0.02573097
595.92008028,0.01755218
596.03855070,0.01814576
596.15702263,0.01232553
596.27549607,0.00422553
596.39397102,-0.00068069
596.51244748,-0.00073847
596.63092544,-0.00067544
596.74940490,-0.00074373
596.86788586,-0.00065968
596.98636830,-0.00068069
597.10485223,-0.00057563
597.22333765,-0.00068069
597.34182455,-0.00063867
597.46031293,-0.00064917
597.57880278,-0.00052836
597.69729409,-0.00044431
597.81578688,-0.00052310
597.93428113,0.02947105
598.05277684,0.04115354
598.17127401,0.01210491
598.28977262,-0.00067544
598.40827269,-0.00071746
598.52677421,-0.00068594
598.64527716,-0.00061240
598.76378155,-0.00042855
598.88228738,-0.00035501
599.00079464,-0.00028672
599.11930333,-0.00030773
599.23781344,-0.00025520
599.35632498,-0.00027096
599.47483793,-0.00020268
599.59335229,-0.00024995
599.71186807,-0.00018692
599.83038525,-0.00022369
599.94890383,-0.00017116
600.06742382,-0.00020268
600.18594520,-0.00013964
600.30446797,-0.00018692
600.42299214,-0.00015015
600.54151769,-0.00018166
600.66004462,-0.00013439
600.77857293,-0.00014489
600.89710261,-0.00008186
601.01563367,-0.00010812
601.13416609,-0.00005034
601.25269988,-0.00010287
601.37123503,-0.00002408
601.48977153,-0.00008186
601.60830940,-0.00001357
601.72684861,-0.00007135
601.84538917,-0.00000306
601.96393107,-0.00008711
602.08247431,-0.00003458
602.20101889,-0.00006610
602.31956480,-0.00002408
602.43811204,-0.00007661
602.55666060,-0.00002933
602.67521049,-0.00006085
602.79376170,-0.00001882
602.91231422,-0.00007135
603.03086805,-0.00002408
603.14942319,-0.00006610
603.26797964,-0.00014489
603.38653738,0.01278778
603.50509643,0.04986287
603.62365677,0.02323058
603.74221840,0.00171989
603.86078131,-0.00073847
603.97934551,-0.00069120
604.09791099,-0.00069120
604.21647775,-0.00047583
604.33504577,-0.00039703
604.45361507,-0.00026571
604.57218564,-0.00029723
604.69075746,-0.00025520
604.80933055,-0.00026046
604.92790489,-0.00019217
605.04648048,-0.00023945
605.16505732,-0.00017641
605.28363540,-0.00022369
605.40221473,-0.00019217
605.52079529,-0.00020268
605.63937709,-0.00015015
605.75796011,-0.00017116
605.87654437,-0.00015015
605.99512985,-0.00019742
606.11371654,-0.00016065
606.23230446,-0.00017116
606.35089359,-0.00010287
606.46948392,-0.00013439
606.58807547,-0.00006610
606.70666821,-0.00009762
606.82526216,-0.00007135
606.94385729,-0.00008711
607.06245363,-0.00006610
607.18105114,-0.00010812
607.29964985,-0.00005034
607.41824973,-0.00009762
607.53685080,-0.00006085
607.65545303,-0.00013964
607.77405644,0.01456327
607.89266102,0.20218170
608.01126675,0.25413830
608.12987365,0.13228639
608.24848171,0.09470177
608.36709091,0.09036286
608.48570127,0.06614691
608.60431277,0.03304829
608.72292542,0.01460004
608.84153920,0.00331152
608.96015412,0.00155705
609.07877018,0.00043818
609.19738736,-0.00070696
609.31600566,-0.00063341
609.43462509,-0.00062291
609.55324563,-0.00057563
609.67186729,-0.00062291
609.79049006,0.01128545
609.90911393,0.20438267
610.02773891,0.44041198
610.14636499,0.36966044
610.26499217,0.20953578
610.38362044,0.18750505
610.50224979,0.19468579
610.62088024,0.17914241
610.73951177,0.12496908
610.85814437,0.07003407
610.97677805,0.04438933
611.09541281,0.03240743
611.21404863,0.03331619
611.33268552,0.02346697
611.45132346,0.01742611
611.56996247,0.01596055
611.68860253,0.01321853
611.80724364,0.01032942
611.92588580,0.00869576
612.04452900,0.00623740
612.16317324,0.00538117
612.28181852,-0.00033925
612.40046483,-0.00068594
612.51911217,-0.00073322
612.63776054,-0.00047583
612.75640993,-0.00072271
612.87506034,-0.00064392
612.99371176,-0.00055462
613.11236420,-0.00045482
613.23101765,-0.00055462
613.34967210,-0.00046532
613.46832755,-0.00039178
613.58698400,-0.00030248
613.70564144,-0.00033400
613.82429987,-0.00027096
613.94295930,-0.00030773
614.06161970,-0.00023419
614.18028109,-0.00025520
614.29894345,-0.00021843
614.41760678,-0.00029197
614.53627109,0.02844148
614.65493636,0.43302113
614.77360259,0.70802708
614.89226979,0.51246624
615.01093794,0.32065073
615.12960704,0.28999471
615.24827709,0.30242311
615.36694808,0.26807429
615.48562002,0.18490486
615.60429289,0.11425838
615.72296670,0.08051364
615.84164144,0.07140508
615.96031710,0.06836890
616.07899369,0.05965431
616.19767120,0.04857591
616.31634963,0.04101171
616.43502897,0.03810684
616.55370922,0.03987182
616.67239038,0.09658757
616.79107244,0.21143734
616.90975540,0.20416205
617.02843925,0.12040955
617.14712400,0.10043795
617.26580963,0.10468756
617.38449615,0.10474009
617.50318355,0.08575605
617.62187183,0.05954400
617.74056098,0.03320588
617.85925101,0.01969537
617.97794190,0.01576619
618.09663366,0.00855919
618.21532627,-0.00003983
618.33401975,-0.00064917
618.45271407,-0.00063867
618.57140925,-0.00056513
618.69010527,-0.00060190
618.80880214,-0.00052836
618.92749984,-0.00055987
619.04619838,-0.00046532
619.16489776,-0.00045482
619.28359796,-0.00040754
619.40229898,-0.00044956
619.52100083,-0.00037602
619.63970350,-0.00042855
619.75840698,-0.00033925
619.87711127,-0.00032349
619.99581637,-0.00024995
620.11452227,-0.00024470
620.23322897,-0.00019217
620.35193648,-0.00019742
620.47064477,-0.00013964
620.58935385,-0.00016590
620.70806372,-0.00012913
620.82677438,-0.00015015
620.94548581,-0.00009236
621.06419802,-0.00013439
621.18291100,-0.00009762
621.30162475,-0.00011338
621.42033926,-0.00008711
621.53905454,-0.00011863
621.65777057,-0.00005559
621.77648736,-0.00010287
621.89520490,-0.00006610
622.01392319,-0.00030248
622.13264222,0.02580977
622.25136199,0.06312124
622.37008250,0.03101541
622.48880374,0.00785530
622.60752571,0.00262865
622.72624841,0.00186172
622.84497183,-0.00068594
622.96369598,-0.00060715
623.08242083,-0.00037077
623.20114640,-0.00033925
623.31987268,-0.00027096
623.43859966,-0.00033400
623.55732735,-0.00026046
623.67605573,-0.00027096
623.79478481,-0.00022369
623.91351458,-0.00025520
624.03224504,-0.00020268
624.15097618,-0.00026046
624.26970800,-0.00019742
624.38844050,-0.00022369
624.50717367,-0.00017641
624.62590751,-0.00019742
624.74464202,-0.00016065
624.86337719,-0.00020793
624.98211302,-0.00017116
625.10084951,-0.00022369
625.21958665,-0.00012388
625.33832444,-0.00016065
625.45706287,-0.00009762
625.57580195,-0.00013439
625.69454166,-0.00006610
625.81328201,-0.00009762
625.93202299,-0.00005034
626.05076459,-0.00008711
626.16950683,-0.00004509
626.28824968,-0.00009762
626.40699315,-0.00006610
626.52573723,-0.00009762
626.64448192,-0.00003983
626.76322722,-0.00009762
626.88197313,-0.00012913
627.00071963,0.02809478
627.11946673,0.21711049
627.23821442,0.24884336
627.35696270,0.12971771
627.47571156,0.09699204
627.59446101,0.09242726
627.71321103,0.09069905
627.83196163,0.06929341
627.95071281,0.03527553
628.06946454,0.01411678
628.18821685,0.00127339
628.30696971,-0.00057038
628.42572313,-0.00073322
628.54447711,-0.00066493
628.66323163,-0.00071221
628.78198671,-0.00057038
628.90074232,-0.00057563
629.01949848,-0.00053361
629.13825517,-0.00057563
629.25701239,-0.00050734
629.37577014,-0.00056513
629.49452842,-0.00047583
629.61328722,-0.00049159
629.73204654,-0.00040754
629.85080637,-0.00049684
629.96956671,-0.00045482
630.08832757,-0.00049159
630.20708892,-0.00040229
630.32585078,-0.00038127
630.44461313,-0.00028672
630.56337598,-0.00027622
630.68213932,-0.00018166
630.80090315,-0.00033400
630.91966745,0.01454751
631.03843224,0.04902766
631.15719751,0.02811054
631.27596324,0.00316444
631.39472945,0.00045394
631.51349612,0.00010199
631.63226325,-0.00068594
631.75103085,-0.00058089
631.86979889,-0.00042330
631.98856739,-0.00037602
632.10733634,-0.00028672
632.22610573,-0.00031824
632.34487556,-0.00028147
632.46364583,-0.00029197
632.58241653,-0.00023419
632.70118766,-0.00028147
632.81995922,-0.00022369
632.93873121,-0.00026046
633.05750361,-0.00021318
633.17627643,-0.00024470
633.29504966,-0.00022369
633.41382330,-0.00024470
633.53259735,-0.00020268
633.65137179,-0.00023945
633.77014664,-0.00061766
633.88892188,0.17916342
634.00769752,0.35138030
634.12647354,0.26888849
634.24524995,0.15630798
634.36402673,0.13281168
634.48280390,0.13744475
634.60158143,0.12318834
634.72035934,0.08694321
634.83913762,0.04678992
634.95791626,0.02395023
635.07669526,0.01877611
635.19547461,0.01559285
635.31425432,0.01571366
635.43303438,0.01244635
635.55181478,0.00758215
635.67059552,0.00218215
635.78937661,-0.00065443
635.90815802,-0.00054937
636.02693977,-0.00073847
636.14572185,-0.00066493
636.26450425,-0.00071746
636.38328698,-0.00065968
636.50207002,-0.00064917
636.62085337,-0.00057038
636.73963704,-0.00063867
636.85842101,-0.00061240
636.97720529,-0.00065443
637.09598986,-0.00055987
637.21477474,-0.00055462
637.33355990,-0.00039703
637.45234535,-0.00038653
637.57113109,-0.00029723
637.68991712,-0.00030773
637.80870342,-0.00023419
637.92748999,-0.00026046
638.04627684,-0.00020793
638.16506396,-0.00022894
638.28385134,-0.00018692
638.40263898,-0.00023419
638.52142688,-0.00020268
638.64021503,-0.00069645
638.75900343,0.20727703
638.87779208,0.37014372
638.99658098,0.21247216
639.11537011,0.18121206
639.23415948,0.18774669
639.35294909,0.17824416
639.47173892,0.13086285
639.59052898,0.08567726
639.70931926,0.05047221
639.82810976,0.03449284
639.94690047,0.03392553
640.06569140,0.03299050
640.18448253,0.02905082
640.30327387,0.02547883
640.42206541,0.06232804
640.54085715,0.52561954
640.65964908,0.93176986
640.77844120,0.93237395
640.89723351,0.93914496
641.01602601,0.93277841
641.13481868,0.85626961
641.25361153,0.80421844
641.37240455,0.61408914
641.49119774,0.43963455
641.60999110,0.31587582
641.72878462,0.25247312
641.84757830,0.23418247
641.96637214,0.22572002
642.08516612,0.20977742
642.20396026,0.19025233
642.32275454,0.17147315
642.44154896,0.15263094
642.56034352,0.14341732
642.67913821,0.14022880
642.79793303,0.13087861
642.91672798,0.13033230
643.03552306,0.12621927
643.15431825,0.11718425
643.27311356,0.10088971
643.39190898,0.09328873
643.51070452,0.09855741
643.62950015,0.10384184
643.74829590,0.10478737
643.86709174,0.09397687
643.98588767,0.06799069
644.10468370,0.04580762
644.22347982,0.02972844
644.34227602,0.01843467
644.46107230,0.00969907
644.57986866,-0.00000832
644.69866509,-0.00067544
644.81746160,-0.00057038
644.93625817,-0.00059139
645.05505480,-0.00050734
645.17385150,-0.00053361
645.29264825,-0.00041279
645.41144506,-0.00045482
645.53024191,-0.00037077
645.64903881,-0.00039703
645.76783576,-0.00031299
645.88663274,-0.00032875
646.00542976,-0.00024995
646.12422681,-0.00029197
646.24302388,-0.00020793
646.36182099,-0.00024470
646.48061811,-0.00020268
646.59941525,-0.00023945
646.71821241,-0.00017116
646.83700958,-0.00019742
646.95580675,-0.00016065
647.07460393,-0.00019217
647.19340111,-0.00012913
647.31219828,-0.00015540
647.43099545,-0.00010812
647.54979261,-0.00014489
647.66858975,-0.00009762
647.78738688,-0.00012388
647.90618399,-0.00006610
648.02498107,-0.00011338
648.14377812,-0.00008711
648.26257514,-0.00012388
648.38137213,-0.00008186
648.50016908,-0.00011863
648.61896598,-0.00007135
648.73776285,-0.00011338
648.85655966,-0.00007661
648.97535641,-0.00010812
649.09415312,-0.00006610
649.21294976,-0.00012388
649.33174634,-0.00008711
649.45054285,-0.00012388
649.56933929,-0.00007135
649.68813566,-0.00010812
649.80693195,-0.00004509
649.92572816,-0.00010287
650.04452429,-0.00006610
650.16332033,-0.00011863
650.28211627,-0.00006610
650.40091213,-0.00011863
650.51970788,-0.00007661
650.63850353,-0.00011338
650.75729908,-0.00008186
650.87609451,-0.00029723
650.99488984,0.13458717
651.11368504,0.58177848
651.23248013,0.63950278
651.35127510,0.36415014
651.47006993,0.28623888
651.58886464,0.26236436
651.70765922,0.27466145
651.82645365,0.24019181
651.94524795,0.17215603
652.06404210,0.10878484
652.18283611,0.07225081
652.30162996,0.05652882
652.42042366,0.05505275
652.53921719,0.05482688
652.65801057,0.04926404
652.77680378,0.04153174
652.89559683,0.03583233
653.01438970,0.03067397
653.13318239,0.03116774
653.25197490,0.02991229
653.37076724,0.02470140
653.48955938,0.02634031
653.60835134,0.05125489
653.72714310,0.14694203
653.84593466,0.18585564
653.96472602,0.12568347
654.08351718,0.09256384
654.20230813,0.08788874
654.32109887,0.09209632
654.43988940,0.08180586
654.55867970,0.06063661
654.67746979,0.03323214
654.79625965,0.01851872
654.91504928,0.00751911
655.03383867,0.00038040
655.15262784,-0.00071221
655.27141676,-0.00061766
655.39020544,-0.00061240
655.50899387,-0.00055987
655.62778205,-0.00054937
655.74656998,-0.00046532
655.86535765,-0.00049684
655.98414506,-0.00041804
656.10293221,-0.00046007
656.22171909,-0.00042855
656.34050570,-0.00043380
656.45929203,-0.00034450
656.57807809,-0.00036552
656.69686386,-0.00031824
656.81564935,-0.00036026
656.93443454,-0.00031824
657.05321945,-0.00034976
657.17200406,-0.00026571
657.29078837,-0.00026571
657.40957238,-0.00020793
657.52835608,-0.00021843
657.64713947,-0.00013964
657.76592255,-0.00018166
657.88470531,-0.00010812
658.00348775,-0.00014489
658.12226987,-0.00007661
658.24105166,-0.00013439
658.35983311,-0.00007661
658.47861424,-0.00011863
658.59739502,-0.00006085
658.71617546,-0.00012913
658.83495556,-0.00006085
658.95373531,-0.00010812
659.07251471,-0.00005559
659.19129375,-0.00009236
659.31007243,-0.00004509
659.42885075,-0.00009236
659.54762870,-0.00004509
659.66640628,-0.00008186
659.78518349,-0.00003983
659.90396032,-0.00010287
660.02273677,-0.00003458
660.14151284,-0.00013964
660.26028852,0.01394868
660.37906380,0.16520117
660.49783870,0.18842431
660.61661319,0.09350936
660.73538729,0.06655664
660.85416097,0.05568836
660.97293425,0.05864050
661.09170712,0.04782474
661.21047957,0.02988078
661.32925161,0.01208915
661.44802321,-0.00068069
661.56679440,-0.00062291
661.68556515,-0.00054411
661.80433547,-0.00055987
661.92310535,-0.00050209
662.04187480,-0.00052836
662.16064379,-0.00046532
662.27941234,-0.00045482
662.39818044,-0.00039178
662.51694809,-0.00045482
662.63571528,-0.00038127
662.75448200,-0.00040754
662.87324826,-0.00036026
662.99201406,-0.00040229
663.11077937,-0.00033925
663.22954422,-0.00036552
663.34830858,-0.00029197
663.46707246,-0.00034976
663.58583586,-0.00030773
663.70459877,-0.00036026
663.82336118,-0.00029197
663.94212309,-0.00030248
664.06088451,-0.00021318
664.17964542,-0.00020793
664.29840582,-0.00014489
664.41716572,-0.00017641
664.53592510,-0.00009236
664.65468396,-0.00012913
664.77344229,-0.00007661
664.89220011,-0.00010812
665.01095739,-0.00007135
665.12971415,-0.00011863
665.24847036,-0.00005559
665.36722604,-0.00010287
665.48598118,-0.00004509
665.60473577,-0.00009762
665.72348981,-0.00005034
665.84224329,-0.00009762
665.96099622,-0.00005559
666.07974859,-0.00008711
666.19850040,-0.00005559
666.31725163,-0.00009236
666.43600230,-0.00003458
666.55475239,-0.00008711
666.67350191,-0.00003458
666.79225084,-0.00006610
666.91099919,-0.00003458
667.02974695,-0.00008186
667.14849412,-0.00002933
667.26724069,-0.00008186
667.38598666,-0.00003458
667.50473203,-0.00007661
667.62347680,-0.00004509
667.74222095,-0.00006085
667.86096449,-0.00000832
667.97970742,-0.00007661
668.09844972,-0.00016065
668.21719140,0.05905023
668.33593246,0.29077214
668.45467288,0.30407252
668.57341267,0.15912880
668.69215182,0.12066694
668.81089033,0.10734554
668.92962819,0.11210468
669.04836540,0.09943465
669.16710197,0.06836890
669.28583788,0.01747864
669.40457312,0.00681522
669.52330771,0.00224518
669.64204163,0.00147301
669.76077488,0.00001795
669.87950746,-0.00069645
669.99823936,-0.00074373
670.11697058,-0.00061240
670.23570112,-0.00062816
670.35443097,-0.00059664
670.47316013,-0.00060715
670.59188859,-0.00054411
670.71061636,-0.00060715
670.82934342,-0.00053361
670.94806978,-0.00055462
671.06679544,-0.00047057
671.18552038,-0.00050209
671.30424460,-0.00043380
671.42296811,-0.00050209
671.54169089,-0.00047057
671.66041295,-0.00052310
671.77913428,-0.00042855
671.89785487,-0.00061240
672.01657473,0.06898349
672.13529385,0.17269708
672.25401222,0.13574281
672.37272985,0.06541676
672.49144673,0.04624887
672.61016285,0.04471501
672.72887821,0.04901190
672.84759282,0.03437202
672.96630666,0.01682203
673.08501973,0.00203507
673.20373203,-0.00062291
673.32244355,-0.00057038
673.44115429,-0.00049159
673.55986426,-0.00054937
673.67857343,-0.00048633
673.79728182,-0.00050209
673.91598941,-0.00041804
674.03469621,-0.00041804
674.15340220,-0.00036026
674.27210740,-0.00041279
674.39081178,-0.00034450
674.50951536,-0.00035501
674.62821812,-0.00032349
674.74692007,-0.00037602
674.86562119,-0.00030248
674.98432149,-0.00032349
675.10302096,-0.00026571
675.22171959,-0.00027622
675.34041740,-0.00024995
675.45911436,-0.00029723
675.57781048,-0.00025520
675.69650576,-0.00028147
675.81520018,-0.00019742
675.93389376,-0.00021843
676.05258647,-0.00013964
676.17127833,-0.00018166
676.28996932,-0.00009762
676.40865945,-0.00012388
676.52734870,-0.00005034
676.64603709,-0.00011338
676.76472459,-0.00005559
676.88341121,-0.00008186
677.00209695,-0.00005034
677.12078180,-0.00008711
677.23946576,-0.00002933
677.35814882,-0.00008186
677.47683099,-0.00001882
677.59551225,-0.00006610
677.71419261,-0.00001882
677.83287205,-0.00006085
677.95155059,-0.00002408
678.07022821,-0.00007661
678.18890490,0.00000219
678.30758068,-0.00006085
678.42625552,-0.00001882
678.54492944,-0.00007135
678.66360242,-0.00000306
678.78227447,-0.00005034
678.90094557,-0.00000306
679.01961573,-0.00003983
679.13828495,0.00001795
679.25695321,-0.00004509
679.37562051,0.00001795
679.49428686,-0.00005034
679.61295224,0.00000744
679.73161666,-0.00006085
679.85028011,0.00001269
679.96894259,-0.00003458
680.08760409,0.00000744
680.20626461,-0.00002933
680.32492414,0.00000219
680.44358269,-0.00003983
680.56224025,0.00000219
680.68089682,-0.00003983
680.79955239,0.00000219
680.91820695,-0.00003458
681.03686051,0.00000744
681.15551307,-0.00002408
681.27416461,0.00000744
681.39281514,-0.00002408
681.51146465,-0.00000832
681.63011314,-0.00002408
681.74876060,0.00000744
681.86740703,-0.00001882
681.98605243,-0.00001357
682.10469679,-0.00003458
682.22334012,0.00001795
682.34198240,-0.00002933
682.46062363,-0.00000832
682.57926381,-0.00002933
682.69790294,0.00000744
682.81654101,-0.00002933
682.93517803,0.00000744
683.05381397,-0.00002408
683.17244885,0.00000744
683.29108266,-0.00002933
683.40971539,0.00000219
683.52834704,-0.00002933
683.64697761,0.00001269
683.76560710,-0.00001882
683.88423550,0.00002320
684.00286280,-0.00003458
684.12148901,0.00002845
684.24011412,-0.00003458
684.35873812,0.00002320
684.47736102,-0.00003458
684.59598281,0.00000219
684.71460348,-0.00001882
684.83322304,0.00001795
684.95184147,-0.00002933
685.07045879,0.00001795
685.18907497,-0.00005034
685.30769002,0.00002845
685.42630394,-0.00004509
685.54491672,0.00001795
685.66352836,-0.00002933
685.78213885,0.00001795
685.90074819,-0.00003983
686.01935638,0.00002845
686.13796341,-0.00003458
686.25656929,0.00000744
686.37517400,-0.00002408
686.49377754,0.00001795
686.61237991,-0.00003458
686.73098111,0.00000744
686.84958114,-0.00002933
686.96817998,0.00000744
687.08677764,-0.00002408
687.20537411,-0.00000832
687.32396939,-0.00002933
687.44256347,0.00001795
687.56115636,-0.00003458
687.67974804,0.00002320
687.79833852,-0.00001882
687.91692779,0.00002320
688.03551584,-0.00002933
688.15410268,0.00001795
688.27268830,-0.00001882
688.39127270,0.00001795
688.50985587,-0.00002933
688.62843781,0.00001269
688.74701852,-0.00001882
688.86559799,0.00000219
688.98417622,-0.00001882
689.10275321,0.00002845
689.22132894,-0.00003458
689.33990343,0.00001795
689.45847666,-0.00001882
689.57704864,0.00001269
689.69561935,-0.00003458
689.81418879,0.00001269
689.93275697,-0.00002933
690.05132387,0.00001795
690.16988950,-0.00002408
690.28845385,-0.00001357
690.40701692,-0.00004509
690.52557870,-0.00001357
690.64413919,-0.00001882
690.76269838,0.00000219
690.88125628,-0.00003983
690.99981288,0.00000744
691.11836817,-0.00003983
691.23692216,-0.00000306
691.35547483,-0.00003983
691.47402619,0.00002320
691.59257624,-0.00002933
691.71112496,0.00000219
691.82967235,-0.00003458
691.94821842,0.00001269
692.06676315,-0.00004509
692.18530655,0.00001269
692.30384861,-0.00004509
692.42238932,0.00002320
692.54092869,-0.00006085
692.65946671,0.00001269
692.77800338,-0.00006085
692.89653869,0.00001269
693.01507263,-0.00004509
693.13360522,-0.00022369
693.25213643,0.06118291
693.37066628,0.16603113
693.48919475,0.13326343
693.60772184,0.07436247
693.72624755,0.05173816
693.84477188,0.02478020
693.96329481,0.01492047
694.08181636,0.00269168
694.20033650,-0.00074373
694.31885525,-0.00063341
694.43737260,-0.00062816
694.55588854,-0.00050734
694.67440307,-0.00047057
694.79291619,-0.00047057
694.91142788,-0.00049684
695.02993816,-0.00046007
695.14844702,-0.00044956
695.26695445,-0.00041279
695.38546044,-0.00041279
695.50396500,-0.00033400
695.62246813,-0.00039178
695.74096981,-0.00036026
695.85947004,-0.00036026
695.97796883,-0.00031824
696.09646617,-0.00037077
696.21496205,-0.00031299
696.33345647,-0.00031824
696.45194943,-0.00027622
696.57044092,-0.00029197
696.68893094,-0.00023419
696.80741949,-0.00028672
696.92590656,-0.00026571
697.04439215,-0.00032875
697.16287626,-0.00024995
697.28135888,-0.00027096
697.39984000,-0.00017116
697.51831964,-0.00019742
697.63679777,-0.00014489
697.75527441,-0.00016065
697.87374954,-0.00008711
697.99222316,-0.00013964
698.11069527,-0.00005559
698.22916586,-0.00011863
698.34763493,-0.00006085
698.46610248,-0.00009762
698.58456851,-0.00004509
698.70303300,-0.00009762
698.82149596,-0.00002408
698.93995739,-0.00009236
699.05841727,-0.00002933
699.17687561,-0.00008186
699.29533241,-0.00001357
699.41378765,-0.00008186
699.53224134,-0.00000832
699.65069347,-0.00001357
699.76914403,-0.00004509
699.88759304,-0.00001882
700.00604047,-0.00005559
700.12448633,-0.00000832
700.24293062,-0.00005034
700.36137333,-0.00000306
700.47981445,-0.00005559
700.59825399,-0.00000832
700.71669194,-0.00005034
700.83512830,-0.00000306
700.95356305,-0.00006085
701.07199621,-0.00001357
701.19042777,-0.00005559
701.30885772,-0.00000832
701.42728605,-0.00006085
701.54571277,-0.00001357
701.66413788,-0.00005034
701.78256136,-0.00000832
701.90098322,-0.00004509
702.01940345,-0.00000832
702.13782205,-0.00006085
702.25623901,-0.00001357
702.37465433,-0.00005559
702.49306801,-0.00006085
702.61148004,-0.00022894
702.72989043,-0.00028672
702.84829916,-0.00023419
702.96670623,-0.00014489
703.08511165,-0.00014489
703.20351540,-0.00018692
703.32191748,0.03317436
703.44031790,0.32749004
703.55871663,0.50031625
703.67711369,0.33462350
703.79550907,0.18549844
703.91390277,0.11501480
704.03229477,0.08166403
704.15068509,0.06840042
704.26907370,0.05788408
704.38746062,0.05239478
704.50584584,0.04555548
704.62422935,0.03761307
704.74261115,0.02507961
704.86099124,0.01786210
704.97936961,0.01820354
705.09774626,0.02090354
705.21612119,0.01698487
705.33449439,0.01794615
705.45286586,0.01795666
705.57123559,0.01387514
705.68960359,0.00639499
705.80796985,0.00714090
705.92633436,0.00932611
706.04469712,0.00763993
706.16305813,0.00850666
706.28141739,0.00951522
706.39977489,0.00988292
706.51813062,0.00149401
706.63648459,-0.00065443
706.75483679,-0.00069645
706.87318721,-0.00070170
706.99153586,-0.00063341
707.10988273,-0.00068594
707.22822782,-0.00067018
707.34657112,-0.00073322
707.46491262,-0.00062291
707.58325234,-0.00058614
707.70159025,-0.00043380
707.81992637,-0.00042855
707.93826068,-0.00033400
708.05659318,-0.00034450
708.17492387,-0.00023419
708.29325274,-0.00024995
708.41157980,-0.00019742
708.52990503,-0.00021318
708.64822844,-0.00017116
708.76655002,-0.00019217
708.88486976,-0.00013439
709.00318767,-0.00016065
709.12150374,-0.00012388
709.23981796,-0.00014489
709.35813034,-0.00010287
709.47644087,-0.00011863
709.59474954,-0.00006610
709.71305636,-0.00011338
709.83136131,-0.00007661
709.94966440,-0.00010287
710.06796562,-0.00005559
710.18626497,-0.00009236
710.30456245,-0.00003983
710.42285804,-0.00009236
710.54115175,-0.00003983
710.65944358,-0.00009236
710.77773352,-0.00003458
710.89602156,-0.00008186
711.01430771,-0.00001882
711.13259196,-0.00006085
711.25087431,-0.00001357
711.36915474,-0.00006085
711.48743327,-0.00001357
711.60570989,-0.00006085
711.72398458,-0.00001882
711.84225736,-0.00006610
711.96052821,-0.00000832
712.07879713,-0.00004509
712.19706412,-0.00000832
712.31532918,-0.00005034
712.43359229,0.00000219
712.55185347,-0.00004509
712.67011270,0.00000744
712.78836997,-0.00005034
712.90662530,0.00000219
713.02487867,-0.00005034
713.14313008,0.00000744
713.26137953,-0.00005559
713.37962701,0.00000744
713.49787252,-0.00002933
713.61611605,0.00000744
713.73435761,-0.00003983
713.85259719,-0.00000306
713.97083478,-0.00005034
714.08907039,0.00001269
714.20730400,-0.00003983
714.32553562,-0.00001357
714.44376523,-0.00002933
714.56199285,0.00002845
714.68021846,-0.00003458
714.79844206,0.00001269
714.91666365,-0.00002933
715.03488323,0.00000744
715.15310078,-0.00002933
715.27131631,0.00001795
715.38952981,-0.00003458
715.50774128,0.00000744
715.62595072,-0.00002933
715.74415812,0.00000744
715.86236348,-0.00003458
715.98056680,0.00001795
716.09876807,-0.00003983
716.21696728,0.00000219
716.33516444,-0.00003458
716.45335955,0.00001269
716.57155259,-0.00003983
716.68974356,0.00001269
716.80793247,-0.00002933
716.92611930,0.00001795
717.04430406,-0.00001357
717.16248673,0.00001269
717.28066733,-0.00003458
717.39884583,-0.00007135
717.51702225,-0.00043906
717.63519657,-0.00057563
717.75336880,-0.00042330
717.87153892,-0.00020268
717.98970694,-0.00018692
718.10787286,-0.00012913
718.22603666,-0.00015540
718.34419834,-0.00010812
718.46235791,-0.00015015
718.58051535,-0.00008711
718.69867067,-0.00013439
718.81682386,-0.00008711
718.93497492,-0.00010287
719.05312384,-0.00005559
719.17127062,-0.00010812
719.28941526,-0.00007135
719.40755776,-0.00009762
719.52569810,-0.00006085
719.64383629,-0.00009236
719.76197232,-0.00005559
719.88010619,-0.00008711
719.99823789,-0.00003458
720.11636743,-0.00010812
720.23449480,-0.00003983
720.35261999,-0.00009236
720.47074300,-0.00004509
720.58886383,-0.00009236
720.70698248,-0.00005559
720.82509893,-0.00007661
720.94321320,-0.00005034
721.06132527,-0.00009762
721.17943513,-0.00004509
721.29754280,-0.00008711
721.41564826,-0.00003458
721.53375151,-0.00009236
721.65185254,-0.00002408
721.76995136,-0.00008186
721.88804795,-0.00002408
722.00614233,-0.00007135
722.12423447,-0.00000832
722.24232438,-0.00006610
722.36041206,-0.00000832
722.47849750,-0.00005034
722.59658070,-0.00001882
722.71466165,-0.00002933
722.83274036,-0.00002408
722.95081681,-0.00005034
723.06889100,-0.00000306
723.18696294,-0.00003458
723.30503261,-0.00000832
723.42310002,-0.00004509
723.54116515,-0.00001357
723.65922802,-0.00003458
723.77728860,0.00000744
723.89534691,-0.00003458
724.01340293,-0.00000306
724.13145666,-0.00005034
724.24950810,0.00000744
724.36755725,-0.00008711
724.48560410,-0.00047583
724.60364864,0.07846501
724.72169088,0.11864457
724.83973081,0.05046171
724.95776843,0.01072339
725.07580374,0.00068507
725.19383672,-0.00063867
725.31186738,-0.00061766
725.42989572,-0.00054937
725.54792172,-0.00058614
725.66594540,-0.00053886
725.78396673,-0.00053361
725.90198572,-0.00039178
726.02000237,-0.00042855
726.13801667,-0.00032875
726.25602862,-0.00040229
726.37403822,-0.00034450
726.49204546,-0.00040229
726.61005033,-0.00033925
726.72805284,-0.00038653
726.84605299,-0.00031824
726.96405076,-0.00032349
727.08204615,-0.00026571
727.20003916,-0.00034450
727.31802979,-0.00025520
727.43601804,-0.00029197
727.55400389,-0.00024995
727.67198736,-0.00033400
727.78996842,-0.00023945
727.90794708,-0.00029197
728.02592334,-0.00023419
728.14389720,-0.00027622
728.26186864,-0.00020268
728.37983766,-0.00023945
728.49780427,-0.00021318
728.61576846,-0.00026571
728.73373022,-0.00022894
728.85168955,-0.00025520
728.96964645,-0.00017116
729.08760092,-0.00017641
729.20555294,-0.00012388
729.32350252,-0.00014489
729.44144966,-0.00009236
729.55939435,-0.00010812
729.67733658,-0.00005034
729.79527635,-0.00009236
729.91321367,-0.00008186
730.03114852,-0.00004509
730.14908090,-0.00007661
730.26701082,-0.00002408
730.38493825,-0.00006085
730.50286321,-0.00003458
730.62078569,-0.00006085
730.73870569,-0.00001882
730.85662319,-0.00005559
730.97453820,-0.00000306
731.09245072,-0.00005034
731.21036074,-0.00001357
731.32826825,-0.00005034
731.44617326,-0.00000306
731.56407576,-0.00004509
731.68197574,0.00000219
731.79987321,-0.00006610
731.91776816,0.00000744
732.03566058,-0.00004509
732.15355048,0.00001795
732.27143785,-0.00003983
732.38932268,0.00000219
732.50720497,-0.00002933
732.62508472,0.00001269
732.74296193,-0.00003458
732.86083658,0.00001269
732.97870869,-0.00003983
733.09657824,0.00001269
733.21444523,-0.00003458
733.33230966,0.00001269
733.45017152,-0.00004509
733.56803081,0.00000219
733.68588753,-0.00002933
733.80374167,0.00000744
733.92159323,-0.00002933
734.03944221,0.00001795
734.15728860,-0.00003983
734.27513240,-0.00000306
734.39297361,-0.00002408
734.51081221,0.00001269
734.62864822,-0.00003983
734.74648162,0.00001269
734.86431241,-0.00002408
734.98214059,0.00000219
735.09996616,-0.00002933
735.21778910,0.00001269
735.33560942,-0.00003983
735.45342712,0.00000744
735.57124219,-0.00002933
735.68905462,0.00000219
735.80686442,-0.00002408
735.92467157,0.00002320
736.04247609,-0.00002408
736.16027795,0.00000744
736.27807717,-0.00001882
736.39587373,0.00001269
736.51366763,-0.00001357
736.63145887,0.00001269
736.74924745,-0.00002933
736.86703335,0.00001269
736.98481659,-0.00001357
737.10259715,0.00001795
737.22037503,-0.00003458
737.33815023,0.00001269
737.45592274,-0.00002408
737.57369256,0.00003371
737.69145969,-0.00002933
737.80922413,0.00002320
737.92698586,-0.00002408
738.04474489,0.00002845
738.16250121,-0.00003458
738.28025482,-0.00000306
738.39800572,-0.00002408
738.51575389,0.00001795
738.63349935,-0.00002933
738.75124208,0.00001795
738.86898209,-0.00002408
738.98671936,0.00001269
739.10445390,-0.00002408
739.22218570,0.00001795
739.33991475,-0.00003983
739.45764106,0.00001269
739.57536462,-0.00002933
739.69308543,0.00000744
739.81080348,-0.00002933
739.92851877,0.00001269
740.04623129,-0.00003983
740.16394105,0.00002320
740.28164804,-0.00001882
740.39935226,0.00002845
740.51705369,-0.00002933
740.63475235,0.00002320
740.75244822,-0.00002408
740.87014130,0.00003371
740.98783159,-0.00001357
741.10551908,0.00001795
