321.79146248,0.00001445
321.89591671,-0.00002232
322.00038099,0.00001970
322.10485532,-0.00003808
322.20933970,0.00003020
322.31383412,-0.00003808
322.41833858,0.00001970
322.52285308,-0.00001707
322.62737762,0.00002495
322.73191218,-0.00004334
322.83645677,-0.00000131
322.94101138,-0.00002758
323.04557601,0.00001445
323.15015065,-0.00006960
323.25473531,0.00003546
323.35932998,-0.00003808
323.46393465,0.00001970
323.56854932,-0.00002758
323.67317400,0.00001445
323.77780866,-0.00003283
323.88245332,0.00000919
323.98710796,-0.00004334
324.09177259,0.00000919
324.19644720,-0.00003808
324.30113179,0.00001445
324.40582635,-0.00004859
324.51053087,0.00003546
324.61524537,-0.00002758
324.71996983,0.00002495
324.82470424,-0.00002758
324.92944862,0.00003020
325.03420294,-0.00002758
325.13896722,0.00003546
325.24374144,-0.00005384
325.34852560,0.00002495
325.45331970,-0.00003283
325.55812373,0.00000919
325.66293769,-0.00001182
325.76776159,0.00000394
325.87259540,-0.00002758
325.97743914,0.00001970
326.08229279,-0.00003283
326.18715636,-0.00000131
326.29202983,-0.00001707
326.39691322,0.00002495
326.50180650,-0.00003808
326.60670969,0.00003020
326.71162277,-0.00003283
326.81654574,0.00001970
326.92147860,-0.00002232
327.02642135,0.00000394
327.13137398,-0.00003283
327.23633649,0.00001970
327.34130887,-0.00004334
327.44629112,0.00001970
327.55128324,-0.00004334
327.65628523,0.00002495
327.76129707,-0.00002232
327.86631878,0.00003020
327.97135033,-0.00002232
328.07639174,0.00000919
328.18144299,-0.00001707
328.28650408,0.00002495
328.39157502,-0.00004334
328.49665579,0.00002495
328.60174639,-0.00003283
328.70684682,0.00001970
328.81195708,-0.00005384
328.91707716,0.00003020
329.02220705,-0.00003808
329.12734677,0.00002495
329.23249629,-0.00004859
329.33765562,-0.00001182
329.44282475,-0.00003808
329.54800369,0.00003546
329.65319242,-0.00002758
329.75839095,-0.00008536
329.86359926,-0.00002232
329.96881736,-0.00000657
330.07404525,-0.00002232
330.17928291,0.00000919
330.28453036,-0.00002232
330.38978757,0.00000919
330.49505455,-0.00003283
330.60033130,0.00000394
330.70561781,-0.00003283
330.81091407,-0.00000657
330.91622010,-0.00002232
331.02153587,0.00001970
331.12686139,-0.00002232
331.23219666,0.00003020
331.33754166,-0.00002232
331.44289641,0.00001970
331.54826088,-0.00003808
331.65363509,0.00001970
331.75901902,-0.00003283
331.86441268,0.00000919
331.96981606,-0.00004859
332.07522915,0.00000919
332.18065195,-0.00003283
332.28608447,0.00003020
332.39152669,-0.00003283
332.49697861,0.00001970
332.60244023,-0.00002758
332.70791154,0.00000919
332.81339255,-0.00004334
332.91888324,0.00002495
333.02438362,-0.00001707
333.12989368,0.00003020
333.23541341,-0.00002232
333.34094282,0.00003020
333.44648190,-0.00004334
333.55203065,-0.00015365
333.65758906,-0.00001707
333.76315713,0.00001970
333.86873485,-0.00002758
333.97432223,0.00002495
334.07991926,-0.00003808
334.18552593,0.00001445
334.29114224,-0.00001182
334.39676820,0.00003020
334.50240378,-0.00004859
334.60804900,0.00000919
334.71370385,-0.00003808
334.81936832,0.00003546
334.92504241,-0.00004859
335.03072612,0.00001970
335.13641944,-0.00003283
335.24212238,0.00001970
335.34783492,-0.00002758
335.45355706,0.00000394
335.55928880,-0.00001707
335.66503014,-0.00000657
335.77078107,-0.00003808
335.87654159,-0.00000131
335.98231170,-0.00002758
336.08809139,0.00000394
336.19388066,-0.00003808
336.29967950,0.00001970
336.40548791,-0.00002758
336.51130589,0.00000919
336.61713344,-0.00004859
336.72297054,0.00002495
336.82881721,-0.00002232
336.93467343,0.00003546
337.04053919,-0.00005384
337.14641451,0.00001445
337.25229937,-0.00004334
337.35819377,0.00000394
337.46409770,-0.00003283
337.57001117,0.00001970
337.67593416,-0.00003283
337.78186668,0.00000919
337.88780873,-0.00003283
337.99376029,0.00002495
338.09972137,-0.00010637
338.20569196,0.00002495
338.31167205,-0.00003808
338.41766166,0.00000394
338.52366076,-0.00002758
338.62966936,-0.00001182
338.73568745,-0.00003808
338.84171504,0.00000919
338.94775211,-0.00004859
339.05379866,0.00000394
339.15985470,-0.00004859
339.26592021,0.00000919
339.37199519,-0.00005384
339.47807964,0.00001970
339.58417356,-0.00003808
339.69027694,-0.00000657
339.79638978,-0.00004334
339.90251207,0.00000919
340.00864382,-0.00004334
340.11478501,0.00000919
340.22093565,-0.00002232
340.32709573,0.00001445
340.43326525,-0.00003808
340.53944420,-0.00000131
340.64563258,-0.00005909
340.75183039,0.00001970
340.85803762,-0.00007485
340.96425427,-0.00001182
341.07048034,-0.00003283
341.17671582,-0.00001707
341.28296071,-0.00003808
341.38921501,0.00001445
341.49547870,-0.00006960
341.60175180,0.00000394
341.70803429,-0.00002758
341.81432618,0.00000394
341.92062745,-0.00005909
342.02693811,-0.00000657
342.13325814,-0.00002758
342.23958756,0.00001445
342.34592635,-0.00003808
342.45227451,0.00001445
342.55863203,-0.00003808
342.66499892,0.00001970
342.77137517,-0.00005909
342.87776078,0.00000394
342.98415574,-0.00005909
343.09056005,-0.00000657
343.19697370,-0.00004334
343.30339670,0.00001970
343.40982904,-0.00006960
343.51627071,-0.00000131
343.62272171,-0.00003283
343.72918204,0.00000919
343.83565170,-0.00001707
343.94213068,0.00000919
344.04861897,-0.00004859
344.15511658,0.00000394
344.26162350,-0.00002758
344.36813972,-0.00000131
344.47466525,-0.00003808
344.58120008,-0.00000131
344.68774421,-0.00003283
344.79429763,0.00000919
344.90086034,-0.00006435
345.00743233,-0.00000131
345.11401361,-0.00005384
345.22060417,-0.00001182
345.32720400,-0.00005384
345.43381310,-0.00000131
345.54043147,-0.00006435
345.64705911,-0.00000657
345.75369601,-0.00007485
345.86034216,-0.00000657
345.96699757,-0.00003808
346.07366223,0.00001445
346.18033614,-0.00005909
346.28701929,0.00000919
346.39371168,-0.00004859
346.50041331,0.00000919
346.60712417,-0.00005909
346.71384426,-0.00002758
346.82057358,-0.00005909
346.92731211,0.00000919
347.03405987,-0.00006435
347.14081685,-0.00000657
347.24758303,-0.00006435
347.35435842,-0.00000131
347.46114302,-0.00006435
347.56793682,0.00000394
347.67473982,-0.00008536
347.78155201,0.00001970
347.88837339,-0.00006435
347.99520396,-0.00000131
348.10204371,-0.00005909
348.20889265,-0.00001707
348.31575076,-0.00005384
348.42261804,-0.00000131
348.52949449,-0.00004859
348.63638011,-0.00001182
348.74327489,-0.00005384
348.85017883,-0.00004334
348.95709193,-0.00006960
349.06401417,0.00001970
349.17094557,-0.00006435
349.27788611,0.00000394
349.38483579,-0.00005909
349.49179461,-0.00002758
349.59876257,-0.00004334
349.70573965,-0.00001182
349.81272587,-0.00004334
349.91972120,-0.00000657
350.02672566,-0.00013264
350.13373923,-0.00001707
350.24076192,-0.00008011
350.34779371,-0.00001707
350.45483462,-0.00005909
350.56188462,-0.00000657
350.66894372,-0.00004859
350.77601192,0.00001445
350.88308921,-0.00006435
350.99017559,-0.00000131
351.09727106,-0.00006435
351.20437561,-0.00000131
351.31148923,-0.00007485
351.41861193,0.00001445
351.52574370,-0.00006435
351.63288453,-0.00001707
351.74003444,-0.00005384
351.84719340,-0.00000657
351.95436141,-0.00006960
352.06153849,0.00000919
352.16872461,-0.00004859
352.27591977,-0.00001182
352.38312398,-0.00004859
352.49033723,0.00000394
352.59755952,-0.00015365
352.70479083,0.00001445
352.81203118,-0.00004334
352.91928055,0.00000394
353.02653894,-0.00004334
353.13380635,0.00001445
353.24108277,-0.00004334
353.34836821,-0.00003283
353.45566265,-0.00007485
353.56296610,0.00000919
353.67027854,-0.00004859
353.77759999,-0.00001707
353.88493042,-0.00005384
353.99226985,-0.00000657
354.09961826,-0.00004859
354.20697566,-0.00000131
354.31434203,-0.00003808
354.42171738,-0.00001707
354.52910171,-0.00005384
354.63649500,-0.00001707
354.74389725,-0.00006435
354.85130847,0.00000919
354.95872865,-0.00005909
355.06615778,0.00001970
355.17359586,-0.00003808
355.28104289,0.00001445
355.38849886,-0.00003283
355.49596378,0.00001970
355.60343763,-0.00003808
355.71092041,0.00000394
355.81841212,-0.00003283
355.92591276,-0.00000131
356.03342233,-0.00003808
356.14094081,-0.00002232
356.24846821,-0.00010637
356.35600452,-0.00001707
356.46354974,-0.00005909
356.57110386,0.00001445
356.67866689,-0.00008536
356.78623881,-0.00002232
356.89381963,-0.00005909
357.00140934,-0.00001182
357.10900793,-0.00006960
357.21661541,-0.00000657
357.32423178,-0.00006435
357.43185701,-0.00001182
357.53949113,-0.00006960
357.64713411,-0.00003808
357.75478596,-0.00006960
357.86244667,-0.00001707
357.97011624,-0.00006960
358.07779467,-0.00001707
358.18548194,-0.00006435
358.29317807,-0.00001182
358.40088304,-0.00006960
358.50859686,-0.00001707
358.61631951,-0.00005909
358.72405100,-0.00000131
358.83179132,-0.00002758
358.93954046,-0.00000657
359.04729843,-0.00008011
359.15506522,-0.00001182
359.26284083,-0.00003283
359.37062525,0.00000394
359.47841849,-0.00008011
359.58622052,-0.00001182
359.69403136,-0.00005909
359.80185100,0.00000394
359.90967944,-0.00003808
360.01751667,-0.00001707
360.12536269,-0.00004859
360.23321749,-0.00001707
360.34108107,-0.00008011
360.44895344,-0.00000131
360.55683457,-0.00008011
360.66472448,-0.00001182
360.77262316,-0.00008011
360.88053060,-0.00003283
360.98844680,-0.00004859
361.09637176,-0.00004859
361.20430547,-0.00006960
361.31224793,-0.00001707
361.42019914,-0.00009061
361.52815909,-0.00006435
361.63612778,-0.00007485
361.74410521,-0.00002758
361.85209137,-0.00010112
361.96008626,-0.00000657
362.06808987,-0.00006435
362.17610221,-0.00001707
362.28412326,-0.00004334
362.39215303,-0.00000657
362.50019151,-0.00008011
362.60823870,-0.00001182
362.71629459,-0.00007485
362.82435918,-0.00004859
362.93243247,-0.00005384
363.04051446,-0.00003283
363.14860513,-0.00009587
363.25670449,-0.00002232
363.36481254,-0.00008536
363.47292926,-0.00002232
363.58105466,-0.00007485
363.68918873,-0.00003283
363.79733147,-0.00010637
363.90548288,-0.00004859
364.01364294,-0.00009587
364.12181167,-0.00006960
364.22998905,-0.00012213
364.33817508,-0.00004334
364.44636976,-0.00012738
364.55457309,-0.00003283
364.66278505,-0.00009061
364.77100566,-0.00003283
364.87923489,-0.00008011
364.98747276,-0.00005384
365.09571925,-0.00011162
365.20397437,-0.00002232
365.31223811,-0.00011162
365.42051046,-0.00002232
365.52879142,-0.00013264
365.63708100,-0.00006435
365.74537918,-0.00012738
365.85368596,-0.00003808
365.96200134,-0.00007485
366.07032531,-0.00005909
366.17865788,-0.00007485
366.28699904,-0.00002232
366.39534877,-0.00008536
366.50370709,-0.00003283
366.61207399,-0.00010637
366.72044946,-0.00003808
366.82883350,-0.00006960
366.93722611,-0.00004859
367.04562728,-0.00011162
367.15403701,-0.00003283
367.26245530,-0.00010112
367.37088214,-0.00002758
367.47931753,-0.00005909
367.58776146,-0.00002758
367.69621394,-0.00009587
367.80467495,-0.00006960
367.91314450,-0.00012738
368.02162258,-0.00007485
368.13010919,-0.00011688
368.23860433,-0.00004859
368.34710798,-0.00009587
368.45562015,-0.00003283
368.56414084,-0.00005384
368.67267003,0.00000919
368.78120774,-0.00006435
368.88975394,-0.00004859
368.99830865,-0.00010112
369.10687185,-0.00002758
369.21544355,-0.00006435
369.32402373,-0.00002232
369.43261240,-0.00006435
369.54120955,-0.00003808
369.64981518,-0.00009587
369.75842929,-0.00004334
369.86705187,-0.00008011
369.97568291,-0.00001707
370.08432242,-0.00013789
370.19297039,-0.00004859
370.30162682,-0.00010637
370.41029171,-0.00001182
370.51896504,-0.00009061
370.62764682,-0.00005910
370.73633704,-0.00005909
370.84503570,-0.00003283
370.95374280,-0.00005384
371.06245834,-0.00001182
371.17118230,-0.00006960
371.27991468,-0.00000131
371.38865549,-0.00008011
371.49740472,-0.00000657
371.60616236,-0.00005384
371.71492842,-0.00006435
371.82370288,-0.00006960
371.93248575,-0.00000131
372.04127702,-0.00006435
372.15007668,0.00002495
372.25888474,-0.00008536
372.36770119,-0.00001182
372.47652603,-0.00008011
372.58535925,0.00000919
372.69420085,-0.00006435
372.80305083,-0.00007485
372.91190918,-0.00007485
373.02077590,0.00000394
373.12965098,-0.00010112
373.23853443,0.00000394
373.34742624,-0.00006435
373.45632640,-0.00000131
373.56523491,-0.00006435
373.67415177,0.00001445
373.78307698,-0.00003808
373.89201053,0.00000394
374.00095241,-0.00005384
374.10990263,-0.00002758
374.21886118,-0.00005384
374.32782806,0.00001970
374.43680326,-0.00004859
374.54578678,-0.00002232
374.65477861,-0.00004859
374.76377876,0.00001445
374.87278722,-0.00004334
374.98180399,0.00000919
375.09082905,-0.00008536
375.19986242,-0.00000657
375.30890408,-0.00005384
375.41795403,-0.00000657
375.52701227,-0.00005909
375.63607880,-0.00003283
375.74515361,-0.00006435
375.85423669,0.00000394
375.96332805,-0.00008011
376.07242768,0.00000394
376.18153558,-0.00006960
376.29065174,-0.00001707
376.39977616,-0.00008536
376.50890883,-0.00004859
376.61804976,-0.00006960
376.72719894,-0.00001707
376.83635637,-0.00007485
376.94552203,-0.00002758
377.05469594,-0.00005909
377.16387808,-0.00002232
377.27306846,-0.00005384
377.38226706,0.00000394
377.49147388,-0.00010112
377.60068893,-0.00002758
377.70991220,-0.00011162
377.81914368,-0.00000131
377.92838337,-0.00007485
378.03763127,-0.00003808
378.14688737,-0.00009587
378.25615167,-0.00003808
378.36542417,-0.00008011
378.47470486,-0.00002232
378.58399374,-0.00007485
378.69329081,-0.00004859
378.80259606,-0.00011162
378.91190948,-0.00002232
379.02123109,-0.00009587
379.13056086,-0.00005384
379.23989881,-0.00010637
379.34924492,-0.00000131
379.45859919,-0.00008011
379.56796162,-0.00003808
379.67733220,-0.00007485
379.78671093,-0.00001182
379.89609781,-0.00006960
380.00549284,-0.00001707
380.11489600,-0.00011162
380.22430730,-0.00004334
380.33372673,-0.00006960
380.44315430,-0.00003283
380.55258999,-0.00011162
380.66203380,-0.00004334
380.77148573,-0.00015365
380.88094578,-0.00005384
380.99041394,-0.00010637
381.09989020,-0.00004859
381.20937458,-0.00007485
381.31886705,-0.00003283
381.42836762,-0.00010112
381.53787629,-0.00006435
381.64739304,-0.00010637
381.75691789,-0.00002758
381.86645082,-0.00008011
381.97599182,-0.00007485
382.08554091,-0.00013789
382.19509807,-0.00007485
382.30466329,-0.00015890
382.41423659,-0.00005384
382.52381795,-0.00011162
382.63340736,-0.00009061
382.74300483,-0.00011162
382.85261036,-0.00005384
382.96222393,-0.00012213
383.07184554,-0.00008011
383.18147520,-0.00014314
383.29111290,-0.00004334
383.40075863,-0.00011162
383.51041239,-0.00001707
383.62007418,-0.00012738
383.72974399,-0.00007485
383.83942182,-0.00020092
383.94910767,-0.00014839
384.05880154,-0.00016941
384.16850341,-0.00007485
384.27821329,-0.00015365
384.38793117,-0.00009587
384.49765705,-0.00014314
384.60739093,-0.00006435
384.71713280,-0.00014314
384.82688266,-0.00004859
384.93664050,-0.00012213
385.04640632,-0.00012738
385.15618012,-0.00015890
385.26596190,-0.00009061
385.37575165,-0.00012738
385.48554936,-0.00009061
385.59535504,-0.00015365
385.70516868,-0.00006435
385.81499028,-0.00013264
385.92481983,-0.00009061
386.03465733,-0.00011162
386.14450277,-0.00006435
386.25435616,-0.00013264
386.36421749,-0.00005384
386.47408675,-0.00013789
386.58396395,-0.00008011
386.69384907,-0.00015890
386.80374212,-0.00010637
386.91364309,-0.00015365
387.02355198,-0.00009061
387.13346878,-0.00017991
387.24339350,-0.00007485
387.35332612,-0.00012213
387.46326665,-0.00005910
387.57321507,-0.00014314
387.68317140,-0.00010637
387.79313561,-0.00015890
387.90310772,-0.00011162
388.01308771,-0.00015365
388.12307559,-0.00011688
388.23307134,-0.00011688
388.34307497,-0.00008536
388.45308648,-0.00012213
388.56310585,-0.00006960
388.67313309,-0.00014314
388.78316819,-0.00011162
388.89321114,-0.00019567
389.00326196,-0.00007485
389.11332062,-0.00013264
389.22338713,-0.00011688
389.33346148,-0.00012738
389.44354368,-0.00009061
389.55363371,-0.00017466
389.66373158,-0.00010112
389.77383727,-0.00016415
389.88395079,-0.00010112
389.99407214,-0.00015365
390.10420130,-0.00011162
390.21433828,-0.00020092
390.32448308,-0.00006960
390.43463568,-0.00016415
390.54479608,-0.00010112
390.65496429,-0.00019042
390.76514030,-0.00008011
390.87532410,-0.00013264
390.98551569,-0.00009587
391.09571507,-0.00020092
391.20592224,-0.00009061
391.31613718,-0.00014839
391.42635990,-0.00008011
391.53659040,-0.00018516
391.64682866,-0.00006960
391.75707470,-0.00018516
391.86732849,-0.00003283
391.97759005,-0.00012213
392.08785936,-0.00008011
392.19813642,-0.00013264
392.30842123,-0.00009061
392.41871379,-0.00013789
392.52901409,-0.00006435
392.63932212,-0.00012738
392.74963790,-0.00006960
392.85996140,-0.00014839
392.97029263,-0.00007485
393.08063158,-0.00013264
393.19097826,-0.00008011
393.30133265,-0.00015890
393.41169476,-0.00010637
393.52206458,-0.00013264
393.63244210,-0.00039528
393.74282733,-0.00063166
393.85322025,-0.00041104
393.96362087,-0.00032174
394.07402919,-0.00021668
394.18444519,-0.00024820
394.29486888,-0.00016941
394.40530025,-0.00018516
394.51573930,-0.00015890
394.62618602,-0.00020092
394.73664042,-0.00010637
394.84710248,-0.00012738
394.95757221,-0.00011162
395.06804959,-0.00031649
395.17853464,-0.00050034
395.28902734,-0.00062115
395.39952769,-0.00036901
395.51003568,-0.00032174
395.62055132,-0.00021668
395.73107460,-0.00023244
395.84160551,-0.00019567
395.95214406,-0.00021143
396.06269024,-0.00014839
396.17324404,-0.00016415
396.28380546,-0.00009587
396.39437450,-0.00016941
396.50495116,-0.00009061
396.61553543,-0.00011162
396.72612730,-0.00006960
396.83672678,-0.00014839
396.94733386,-0.00007485
397.05794854,-0.00026921
397.16857081,-0.00030073
397.27920068,-0.00034275
397.38983813,-0.00017466
397.50048316,-0.00015365
397.61113577,-0.00010637
397.72179596,-0.00019042
397.83246372,-0.00008536
397.94313905,-0.00012738
398.05382194,-0.00006960
398.16451240,-0.00016415
398.27521042,-0.00007485
398.38591599,-0.00012213
398.49662911,-0.00002758
398.60734978,-0.00014314
398.71807799,-0.00004859
398.82881375,-0.00012738
398.93955704,-0.00005384
399.05030787,-0.00011162
399.16106623,-0.00007485
399.27183211,-0.00011162
399.38260552,-0.00005384
399.49338644,-0.00012213
399.60417489,-0.00005384
399.71497084,-0.00010637
399.82577431,-0.00008536
399.93658528,-0.00014314
400.04740375,-0.00007485
400.15822972,-0.00013789
400.26906319,-0.00005910
400.37990415,-0.00014314
400.49075259,-0.00006960
400.60160852,-0.00014314
400.71247193,-0.00011162
400.82334282,-0.00013789
400.93422118,-0.00009061
401.04510702,-0.00013789
401.15600032,-0.00006960
401.26690108,-0.00011688
401.37780930,-0.00008011
401.48872498,-0.00012213
401.59964811,-0.00004859
401.71057869,-0.00013789
401.82151672,-0.00007485
401.93246219,-0.00013789
402.04341510,-0.00009061
402.15437544,-0.00018516
402.26534321,-0.00010637
402.37631842,-0.00015365
402.48730104,-0.00008011
402.59829109,-0.00015365
402.70928856,-0.00007485
402.82029343,-0.00014314
402.93130572,-0.00012738
403.04232542,-0.00017466
403.15335252,-0.00010637
403.26438702,-0.00015365
403.37542892,-0.00013789
403.48647821,-0.00018516
403.59753489,-0.00015890
403.70859895,-0.00017991
403.81967040,-0.00014839
403.93074922,-0.00021668
404.04183542,-0.00009587
404.15292899,-0.00020092
404.26402993,-0.00009587
404.37513824,-0.00021143
404.48625390,-0.00017991
404.59737693,-0.00064216
404.70850731,0.01732795
404.81964503,0.01740674
404.93079011,-0.00066843
405.04194253,-0.00060539
405.15310229,-0.00045306
405.26426938,-0.00045831
405.37544381,-0.00038477
405.48662556,-0.00041104
405.59781465,-0.00031123
405.70901105,-0.00037427
405.82021478,-0.00027972
405.93142582,-0.00025870
406.04264417,-0.00020618
406.15386983,-0.00026921
406.26510279,-0.00015890
406.37634305,-0.00024820
406.48759062,-0.00020092
406.59884547,-0.00023244
406.71010762,-0.00019042
406.82137706,-0.00024295
406.93265377,-0.00016941
407.04393777,-0.00023244
407.15522905,-0.00019567
407.26652759,-0.00025345
407.37783341,-0.00016415
407.48914649,-0.00026921
407.60046684,-0.00020092
407.71179444,-0.00021668
407.82312930,-0.00020092
407.93447141,-0.00021143
408.04582077,-0.00017466
408.15717738,-0.00024820
408.26854122,-0.00015365
408.37991230,-0.00024295
408.49129062,-0.00020618
408.60267617,-0.00023244
408.71406894,-0.00020092
408.82546894,-0.00025870
408.93687616,-0.00022193
409.04829060,-0.00025345
409.15971225,-0.00017991
409.27114110,-0.00025345
409.38257717,-0.00019567
409.49402043,-0.00026396
409.60547090,-0.00019567
409.71692856,-0.00027446
409.82839341,-0.00017991
409.93986545,-0.00024295
410.05134468,-0.00019042
410.16283108,-0.00026921
410.27432467,-0.00017991
410.38582543,-0.00025345
410.49733336,-0.00019042
410.60884845,-0.00024295
410.72037072,-0.00017466
410.83190014,-0.00024820
410.94343671,-0.00017466
411.05498044,-0.00025345
411.16653132,-0.00020618
411.27808935,-0.00027972
411.38965452,-0.00017466
411.50122683,-0.00024295
411.61280627,-0.00020618
411.72439284,-0.00026921
411.83598655,-0.00019567
411.94758737,-0.00027446
412.05919532,-0.00016415
412.17081039,-0.00027446
412.28243257,-0.00022193
412.39406187,-0.00024295
412.50569827,-0.00022193
412.61734177,-0.00026921
412.72899237,-0.00020618
412.84065007,-0.00025870
412.95231487,-0.00020092
413.06398675,-0.00027972
413.17566572,-0.00019042
413.28735177,-0.00031649
413.39904490,-0.00025345
413.51074511,-0.00030073
413.62245239,-0.00019042
413.73416673,-0.00027446
413.84588815,-0.00019042
413.95761662,-0.00025345
414.06935215,-0.00023769
414.18109474,-0.00025870
414.29284437,-0.00020618
414.40460106,-0.00024820
414.51636479,-0.00021143
414.62813555,-0.00024295
414.73991336,-0.00017991
414.85169820,-0.00026396
414.96349006,-0.00018516
415.07528896,-0.00027446
415.18709487,-0.00023244
415.29890781,-0.00024820
415.41072776,-0.00020092
415.52255472,-0.00026921
415.63438870,-0.00020092
415.74622967,-0.00028497
415.85807765,-0.00042154
415.96993263,0.08814203
416.08179460,0.19036308
416.19366356,0.16150376
416.30553951,0.08027322
416.41742244,0.03556595
416.52931236,0.03476751
416.64120925,0.03742548
416.75311311,0.03029206
416.86502395,0.01796879
416.97694174,0.00901264
417.08886651,-0.00069995
417.20079823,-0.00049508
417.31273691,-0.00045831
417.42468254,-0.00033224
417.53663511,-0.00039528
417.64859464,-0.00031123
417.76056110,-0.00033750
417.87253450,-0.00027446
417.98451484,-0.00029022
418.09650211,-0.00026921
418.20849631,-0.00039528
418.32049743,-0.00064742
418.43250547,0.00507298
418.54452042,-0.00062641
418.65654229,-0.00053185
418.76857107,-0.00039003
418.88060676,-0.00043205
418.99264935,-0.00033750
419.10469884,-0.00055287
419.21675522,0.02525455
419.32881850,0.04703299
419.44088866,0.02688820
419.55296571,0.00188448
419.66504965,-0.00059489
419.77714046,-0.00056337
419.88923814,0.01032060
420.00134270,0.04691742
420.11345412,0.10106937
420.22557241,0.18089213
420.33769756,0.19344127
420.44982956,0.11227901
420.56196842,0.05888873
420.67411413,0.03176286
420.78626668,0.02267013
420.89842608,0.01672387
421.01059232,0.01085115
421.12276539,0.00533037
421.23494530,-0.00064742
421.34713203,-0.00054236
421.45932559,-0.00037427
421.57152597,-0.00035326
421.68373317,-0.00026921
421.79594718,-0.00028497
421.90816801,-0.00024295
422.02039564,-0.00027972
422.13263008,-0.00020618
422.24487131,-0.00025870
422.35711935,-0.00016941
422.46937417,-0.00024820
422.58163579,-0.00021143
422.69390420,-0.00025345
422.80617938,-0.00024820
422.91846135,-0.00028497
423.03075009,-0.00020092
423.14304561,-0.00027972
423.25534789,-0.00017991
423.36765694,-0.00025870
423.47997275,-0.00016941
423.59229532,-0.00026921
423.70462464,-0.00017991
423.81696072,-0.00024820
423.92930354,-0.00014839
424.04165310,-0.00023244
424.15400941,-0.00014839
424.26637246,-0.00022193
424.37874223,-0.00015365
424.49111874,-0.00019042
424.60350198,-0.00015365
424.71589193,-0.00023769
424.82828861,-0.00016415
424.94069200,-0.00022193
425.05310211,-0.00017991
425.16551892,-0.00030073
425.27794244,-0.00039528
425.39037266,-0.00045831
425.50280958,-0.00032174
425.61525320,-0.00032699
425.72770351,-0.00026396
425.84016050,-0.00033224
425.95262418,-0.00052135
426.06509454,0.02970374
426.17757157,0.04866138
426.29005528,0.02229193
426.40254566,0.00369673
426.51504271,-0.00062115
426.62754642,-0.00064742
426.74005678,0.01661355
426.85257381,0.03496711
426.96509749,0.01896159
427.07762781,0.00381754
427.19016478,-0.00069995
427.30270840,0.03010821
427.41525865,0.06378968
427.52781554,0.04641841
427.64037906,0.01921898
427.75294920,0.00194752
427.86552597,-0.00066843
427.97810936,-0.00056862
428.09069937,-0.00056337
428.20329599,-0.00050034
428.31589923,-0.00052135
428.42850906,-0.00040579
428.54112551,-0.00039003
428.65374855,-0.00034800
428.76637819,-0.00034275
428.87901442,-0.00026396
428.99165724,-0.00032699
429.10430664,-0.00024295
429.21696263,-0.00033224
429.32962519,-0.00027446
429.44229433,-0.00033224
429.55497005,-0.00026396
429.66765233,-0.00030598
429.78034117,-0.00035851
429.89303657,-0.00046357
430.00573854,0.02196626
430.11844705,0.04426997
430.23116212,0.02596370
430.34388373,0.00650702
430.45661189,-0.00068944
430.56934658,-0.00055287
430.68208782,-0.00054761
430.79483558,-0.00051084
430.90758987,-0.00052660
431.02035069,-0.00046357
431.13311803,-0.00047407
431.24589189,-0.00034800
431.35867227,-0.00037952
431.47145916,-0.00031123
431.58425255,-0.00035851
431.69705245,-0.00030598
431.80985885,-0.00037427
431.92267175,-0.00029022
432.03549114,-0.00037427
432.14831702,-0.00028497
432.26114939,-0.00035326
432.37398824,-0.00028497
432.48683357,-0.00032699
432.59968538,-0.00029022
432.71254366,-0.00034275
432.82540841,-0.00028497
432.93827962,-0.00035851
433.05115730,-0.00027972
433.16404143,-0.00039003
433.27693203,0.00205783
433.38982907,0.04620303
433.50273256,0.06728810
433.61564249,0.05318937
433.72855887,0.03142142
433.84148168,0.01158656
433.95441093,0.00042943
434.06734661,-0.00066843
434.18028871,-0.00060539
434.29323724,-0.00065792
434.40619219,-0.00062641
434.51915355,0.00729495
434.63212133,0.01173889
434.74509551,0.00076036
434.85807611,-0.00057913
434.97106310,-0.00055287
435.08405649,-0.00043205
435.19705628,-0.00047933
435.31006246,-0.00039528
435.42307503,-0.00045306
435.53609398,-0.00037952
435.64911931,-0.00042680
435.76215102,-0.00036901
435.87518911,-0.00036902
435.98823356,-0.00032174
436.10128439,-0.00037952
436.21434157,-0.00029547
436.32740512,-0.00038477
436.44047502,-0.00035851
436.55355127,-0.00040579
436.66663388,-0.00030598
436.77972283,-0.00035851
436.89281812,-0.00027972
437.00591975,-0.00036901
437.11902772,-0.00030598
437.23214201,-0.00032699
437.34526264,-0.00027972
437.45838959,-0.00033224
437.57152286,-0.00026396
437.68466245,-0.00029547
437.79780835,-0.00026921
437.91096057,-0.00033750
438.02411909,-0.00025870
438.13728391,-0.00030598
438.25045504,-0.00024820
438.36363246,-0.00033224
438.47681617,-0.00025345
438.59000617,-0.00032174
438.70320246,-0.00026396
438.81640504,-0.00027972
438.92961389,-0.00025870
439.04282901,-0.00029547
439.15605041,-0.00024820
439.26927807,-0.00030598
439.38251200,-0.00023244
439.49575219,-0.00030073
439.60899864,-0.00022719
439.72225135,-0.00027446
439.83551030,-0.00023769
439.94877550,-0.00030598
440.06204695,-0.00026396
440.17532463,-0.00026921
440.28860855,-0.00025345
440.40189870,-0.00032174
440.51519509,-0.00025345
440.62849770,-0.00024820
440.74180653,-0.00024295
440.85512158,-0.00031123
440.96844284,-0.00022719
441.08177032,-0.00029022
441.19510401,-0.00023769
441.30844390,-0.00027446
441.42178999,-0.00022719
441.53514228,-0.00025345
441.64850077,-0.00021668
441.76186544,-0.00029547
441.87523630,-0.00021143
441.98861335,-0.00027972
442.10199657,-0.00020618
442.21538598,-0.00024820
442.32878155,-0.00020092
442.44218330,-0.00026396
442.55559121,-0.00022719
442.66900528,-0.00025345
442.78242551,-0.00023769
442.89585190,-0.00027446
443.00928444,-0.00020092
443.12272313,-0.00029022
443.23616796,-0.00021668
443.34961893,-0.00029022
443.46307605,-0.00023244
443.57653929,-0.00028497
443.69000867,-0.00017991
443.80348417,-0.00027446
443.91696580,-0.00020618
444.03045355,-0.00029547
444.14394741,-0.00017991
444.25744739,-0.00024295
444.37095348,-0.00020092
444.48446567,-0.00024820
444.59798397,-0.00017466
444.71150836,-0.00026396
444.82503885,-0.00017466
444.93857544,-0.00024820
445.05211811,-0.00017991
445.16566686,-0.00023244
445.27922170,-0.00015365
445.39278261,-0.00020618
445.50634960,-0.00020092
445.61992266,-0.00026396
445.73350179,-0.00022193
445.84708698,-0.00025870
445.96067824,-0.00015890
446.07427554,-0.00022719
446.18787890,-0.00020092
446.30148832,-0.00023244
446.41510377,-0.00022193
446.52872527,-0.00025345
446.64235281,-0.00020618
446.75598639,-0.00024820
446.86962599,-0.00019042
446.98327163,-0.00026396
447.09692329,-0.00022193
447.21058097,-0.00029547
447.32424467,-0.00028497
447.43791438,-0.00030073
447.55159011,-0.00025870
447.66527184,-0.00026396
447.77895958,-0.00023244
447.89265331,-0.00026921
448.00635305,-0.00025345
448.12005877,-0.00029547
448.23377049,-0.00020092
448.34748819,-0.00025345
448.46121188,-0.00018516
448.57494154,-0.00024820
448.68867718,-0.00017991
448.80241879,-0.00024820
448.91616637,-0.00015365
449.02991992,-0.00024295
449.14367943,-0.00016941
449.25744489,-0.00023244
449.37121631,-0.00016415
449.48499368,-0.00021143
449.59877700,-0.00016941
449.71256626,-0.00024820
449.82636146,-0.00014839
449.94016260,-0.00020618
450.05396968,-0.00020618
450.16778268,-0.00022719
450.28160161,-0.00016941
450.39542646,-0.00026396
450.50925723,-0.00015890
450.62309391,-0.00022719
450.73693651,-0.00020618
450.85078502,-0.00024295
450.96463943,-0.00029547
451.07849975,-0.00063166
451.19236596,-0.00065267
451.30623807,-0.00062641
451.42011606,-0.00047933
451.53399995,-0.00043730
451.64788972,-0.00031123
451.76178537,-0.00035326
451.87568689,-0.00027972
451.98959429,-0.00031649
452.10350756,-0.00029547
452.21742670,-0.00041629
452.33135170,-0.00042680
452.44528256,-0.00042154
452.55921927,-0.00032699
452.67316184,-0.00031649
452.78711025,-0.00024295
452.90106451,-0.00029547
453.01502461,-0.00021143
453.12899055,-0.00026921
453.24296233,-0.00023769
453.35693993,-0.00024295
453.47092337,-0.00021143
453.58491262,-0.00023244
453.69890770,-0.00019567
453.81290860,-0.00027446
453.92691530,-0.00017991
454.04092782,-0.00023244
454.15494615,-0.00017991
454.26897027,-0.00025870
454.38300020,-0.00021668
454.49703592,-0.00024820
454.61107744,-0.00023769
454.72512474,-0.00026921
454.83917783,-0.00021143
454.95323670,-0.00028497
455.06730135,-0.00019567
455.18137178,-0.00024820
455.29544797,-0.00033750
455.40952993,0.00251483
455.52361766,0.00801461
455.63771115,0.00307689
455.75181039,-0.00058964
455.86591539,-0.00054236
455.98002614,-0.00041104
456.09414263,-0.00040579
456.20826487,-0.00033224
456.32239285,-0.00037427
456.43652656,-0.00029547
456.55066600,-0.00035326
456.66481118,-0.00025870
456.77896208,-0.00032699
456.89311870,-0.00026921
457.00728104,-0.00029547
457.12144909,-0.00023244
457.23562286,-0.00029022
457.34980233,-0.00024820
457.46398751,-0.00025870
457.57817839,-0.00021143
457.69237496,-0.00024820
457.80657723,-0.00017466
457.92078519,-0.00026921
458.03499883,-0.00022193
458.14921816,-0.00028497
458.26344317,-0.00018516
458.37767385,-0.00032174
458.49191021,-0.00026921
458.60615223,-0.00034275
458.72039993,-0.00032174
458.83465328,-0.00024820
458.94891229,-0.00034275
459.06317695,-0.00023769
459.17744727,-0.00027446
459.29172324,-0.00023244
459.40600485,-0.00032699
459.52029210,-0.00039528
459.63458498,-0.00048458
459.74888350,-0.00035326
459.86318765,-0.00036901
459.97749743,-0.00031123
460.09181283,-0.00031649
460.20613385,-0.00025345
460.32046049,-0.00030598
460.43479274,-0.00024820
460.54913060,-0.00030598
460.66347406,-0.00026921
460.77782312,-0.00032174
460.89217779,-0.00022193
461.00653805,-0.00032699
461.12090390,-0.00018516
461.23527533,-0.00027972
461.34965236,-0.00020618
461.46403496,-0.00027446
461.57842314,-0.00032174
461.69281689,-0.00028497
461.80721622,-0.00024820
461.92162111,-0.00025870
462.03603156,-0.00018516
462.15044757,-0.00026396
462.26486914,-0.00020092
462.37929627,-0.00027446
462.49372894,-0.00022193
462.60816716,-0.00029547
462.72261091,-0.00031649
462.83706021,-0.00043730
462.95151504,-0.00031649
463.06597541,-0.00036901
463.18044130,-0.00030073
463.29491272,-0.00033750
463.40938965,-0.00030073
463.52387211,-0.00029547
463.63836008,-0.00023244
463.75285355,-0.00034275
463.86735254,-0.00025870
463.98185703,-0.00032174
464.09636702,-0.00029547
464.21088250,-0.00032699
464.32540348,-0.00027972
464.43992994,-0.00032699
464.55446190,-0.00030073
464.66899933,-0.00031649
464.78354224,-0.00029022
464.89809063,-0.00033224
465.01264449,-0.00029022
465.12720382,-0.00034275
465.24176861,-0.00023769
465.35633886,-0.00032699
465.47091457,-0.00025345
465.58549573,-0.00030073
465.70008235,-0.00026396
465.81467441,-0.00031649
465.92927191,-0.00026921
466.04387486,-0.00031649
466.15848324,-0.00022719
466.27309705,-0.00028497
466.38771629,-0.00022193
466.50234096,-0.00029022
466.61697105,-0.00024820
466.73160656,-0.00026396
466.84624748,-0.00021668
466.96089382,-0.00026396
467.07554556,-0.00018516
467.19020271,-0.00031123
467.30486526,-0.00020092
467.41953321,-0.00024820
467.53420655,-0.00021668
467.64888528,-0.00023769
467.76356940,-0.00022719
467.87825890,-0.00025870
467.99295378,-0.00023244
468.10765404,-0.00026921
468.22235967,-0.00017991
468.33707067,-0.00025345
468.45178703,-0.00023244
468.56650876,-0.00024820
468.68123584,-0.00021668
468.79596829,-0.00026396
468.91070608,-0.00021668
469.02544922,-0.00024820
469.14019771,-0.00021143
469.25495153,-0.00027446
469.36971070,-0.00021668
469.48447519,-0.00028497
469.59924502,-0.00017991
469.71402018,-0.00027446
469.82880066,-0.00020092
469.94358646,-0.00029022
470.05837757,-0.00022193
470.17317400,-0.00043730
470.28797574,-0.00040579
470.40278278,-0.00042154
470.51759513,-0.00033224
470.63241277,-0.00037427
470.74723571,-0.00024295
470.86206395,-0.00035326
470.97689747,-0.00027972
471.09173627,-0.00032174
471.20658036,-0.00026396
471.32142972,-0.00027972
471.43628436,-0.00021668
471.55114427,-0.00031649
471.66600944,-0.00022193
471.78087988,-0.00024295
471.89575558,-0.00016941
472.01063653,-0.00024820
472.12552274,-0.00013789
472.24041420,-0.00023769
472.35531090,-0.00021668
472.47021285,-0.00022193
472.58512003,-0.00017466
472.70003245,-0.00024295
472.81495010,-0.00019042
472.92987298,-0.00024820
473.04480109,-0.00017991
473.15973441,-0.00023244
473.27467296,-0.00019042
473.38961672,-0.00021668
473.50456568,-0.00017991
473.61951986,-0.00021668
473.73447924,-0.00017466
473.84944382,-0.00023769
473.96441359,-0.00017466
474.07938856,-0.00022193
474.19436872,-0.00014839
474.30935406,-0.00024820
474.42434459,-0.00014314
474.53934030,-0.00021143
474.65434118,-0.00017991
474.76934723,-0.00025345
474.88435845,-0.00022193
474.99937484,-0.00024295
475.11439638,-0.00017466
475.22942309,-0.00030073
475.34445495,-0.00028497
475.45949196,-0.00031123
475.57453412,-0.00021668
475.68958142,-0.00028497
475.80463386,-0.00017466
475.91969143,-0.00023769
476.03475414,-0.00019567
476.14982198,-0.00023769
476.26489495,-0.00020618
476.37997304,-0.00024295
476.49505625,-0.00015890
476.61014457,-0.00022719
476.72523801,-0.00017466
476.84033655,-0.00031649
476.95544020,-0.00024820
477.07054895,-0.00031649
477.18566279,-0.00024295
477.30078174,-0.00026921
477.41590577,-0.00023769
477.53103489,-0.00022719
477.64616909,-0.00015890
477.76130838,-0.00022719
477.87645274,-0.00015890
477.99160217,-0.00022193
478.10675667,-0.00016941
478.22191624,-0.00019567
478.33708087,-0.00017991
478.45225056,-0.00024820
478.56742531,-0.00012738
478.68260511,-0.00017991
478.79778996,-0.00010637
478.91297985,-0.00017991
479.02817478,-0.00011162
479.14337475,-0.00017466
479.25857976,-0.00014314
479.37378980,-0.00021668
479.48900486,-0.00021143
479.60422495,-0.00021668
479.71945005,-0.00014314
479.83468018,-0.00018516
479.94991532,-0.00015365
480.06515546,-0.00023244
480.18040062,-0.00014839
480.29565077,-0.00021668
480.41090593,-0.00015890
480.52616608,-0.00018516
480.64143122,-0.00015365
480.75670136,-0.00016415
480.87197647,-0.00015890
480.98725657,-0.00018516
481.10254165,-0.00011688
481.21783170,-0.00015365
481.33312672,-0.00012213
481.44842671,-0.00019567
481.56373166,-0.00012738
481.67904157,-0.00016941
481.79435644,-0.00011688
481.90967627,-0.00020618
482.02500104,-0.00012213
482.14033076,-0.00021143
482.25566542,-0.00011688
482.37100502,-0.00019042
482.48634956,-0.00012738
482.60169903,-0.00014839
482.71705342,-0.00012738
482.83241275,-0.00018516
482.94777699,-0.00014839
483.06314615,-0.00018516
483.17852023,-0.00012738
483.29389922,-0.00023244
483.40928311,-0.00014314
483.52467191,-0.00025870
483.64006561,-0.00017991
483.75546421,-0.00028497
483.87086770,-0.00021143
483.98627608,-0.00023244
484.10168934,-0.00016415
484.21710749,-0.00021143
484.33253052,-0.00014839
484.44795842,-0.00019042
484.56339120,-0.00011162
484.67882884,-0.00017466
484.79427135,-0.00012213
484.90971873,-0.00019567
485.02517096,-0.00012213
485.14062804,-0.00017991
485.25608997,-0.00010112
485.37155676,-0.00019567
485.48702838,-0.00011688
485.60250485,-0.00017466
485.71798616,-0.00012738
485.83347229,-0.00020618
485.94896326,-0.00011688
486.06445905,-0.00021668
486.17995967,-0.00014839
486.29546511,-0.00020618
486.41097536,-0.00014839
486.52649042,-0.00017466
486.64201030,-0.00012213
486.75753497,-0.00020618
486.87306445,-0.00015365
486.98859873,-0.00020092
487.10413780,-0.00014839
487.21968167,-0.00016941
487.33523032,-0.00014839
487.45078375,-0.00018516
487.56634197,-0.00021143
487.68190496,-0.00035851
487.79747273,-0.00028497
487.91304527,-0.00030598
488.02862257,-0.00025870
488.14420463,-0.00029547
488.25979146,-0.00027446
488.37538304,-0.00019042
488.49097937,-0.00027972
488.60658046,-0.00029547
488.72218628,-0.00046357
488.83779685,-0.00041629
488.95341216,-0.00044256
489.06903220,-0.00033224
489.18465698,-0.00034800
489.30028648,-0.00025870
489.41592070,-0.00035851
489.53155965,-0.00028497
489.64720331,-0.00032174
489.76285169,-0.00022193
489.87850478,-0.00026396
489.99416257,-0.00017991
490.10982506,-0.00023244
490.22549226,-0.00021143
490.34116415,-0.00024295
490.45684074,-0.00016415
490.57252201,-0.00025345
490.68820797,-0.00014839
490.80389861,-0.00023769
490.91959393,-0.00017466
491.03529392,-0.00023769
491.15099858,-0.00017466
491.26670792,-0.00022719
491.38242191,-0.00014839
491.49814057,-0.00023244
491.61386388,-0.00014839
491.72959185,-0.00024295
491.84532447,-0.00014839
491.96106173,-0.00025345
492.07680364,-0.00021668
492.19255019,-0.00028497
492.30830137,-0.00018516
492.42405719,-0.00025345
492.53981763,-0.00023769
492.65558270,-0.00023244
492.77135239,-0.00022193
492.88712670,-0.00025870
493.00290563,-0.00017991
493.11868917,-0.00025870
493.23447731,-0.00027972
493.35027006,-0.00054761
493.46606741,-0.00053185
493.58186936,-0.00048458
493.69767590,-0.00044256
493.81348703,-0.00045831
493.92930274,-0.00035326
494.04512304,-0.00038477
494.16094792,-0.00027446
494.27677738,-0.00034800
494.39261141,-0.00029547
494.50845001,-0.00031649
494.62429317,-0.00027972
494.74014089,-0.00030598
494.85599318,-0.00025345
494.97185002,-0.00026396
495.08771141,-0.00022193
495.20357734,-0.00027972
495.31944783,-0.00021668
495.43532285,-0.00026396
495.55120241,-0.00029547
495.66708650,-0.00041104
495.78297513,-0.00034275
495.89886828,-0.00034800
496.01476595,-0.00030073
496.13066815,-0.00034800
496.24657486,-0.00026921
496.36248608,-0.00028497
496.47840181,-0.00023244
496.59432205,-0.00026396
496.71024679,-0.00023769
496.82617603,-0.00027446
496.94210976,-0.00022193
497.05804798,-0.00025870
497.17399070,-0.00020092
497.28993789,-0.00029547
497.40588957,-0.00020092
497.52184572,-0.00028497
497.63780635,-0.00020092
497.75377145,-0.00029547
497.86974102,-0.00025345
497.98571505,-0.00032699
498.10169354,-0.00024820
498.21767648,-0.00031123
498.33366388,-0.00020618
498.44965573,-0.00026921
498.56565202,-0.00025345
498.68165275,-0.00029547
498.79765793,-0.00022719
498.91366754,-0.00033750
499.02968158,-0.00027446
499.14570004,-0.00035851
499.26172294,-0.00027972
499.37775025,-0.00032174
499.49378198,-0.00021143
499.60981813,-0.00024295
499.72585868,-0.00021668
499.84190364,-0.00024820
499.95795301,-0.00023769
500.07400677,-0.00024295
500.19006494,-0.00017991
500.30612749,-0.00023769
500.42219443,-0.00022719
500.53826576,-0.00026396
500.65434148,-0.00020092
500.77042157,-0.00022719
500.88650603,-0.00016941
501.00259487,-0.00026396
501.11868807,-0.00015890
501.23478564,-0.00026921
501.35088757,-0.00019567
501.46699386,-0.00025870
501.58310450,-0.00020618
501.69921950,-0.00025870
501.81533883,-0.00021143
501.93146252,-0.00025870
502.04759054,-0.00023244
502.16372290,-0.00026921
502.27985959,-0.00021143
502.39600061,-0.00023769
502.51214596,-0.00017466
502.62829563,-0.00022193
502.74444962,-0.00018516
502.86060792,-0.00023244
502.97677054,-0.00016941
503.09293746,-0.00026921
503.20910869,-0.00024820
503.32528422,-0.00027446
503.44146404,-0.00026921
503.55764816,-0.00031649
503.67383657,-0.00024820
503.79002927,-0.00026396
503.90622625,-0.00020618
504.02242751,-0.00027972
504.13863305,-0.00022193
504.25484286,-0.00028497
504.37105694,-0.00021143
504.48727529,-0.00027446
504.60349790,-0.00019567
504.71972476,-0.00024295
504.83595589,-0.00022719
504.95219126,-0.00035326
505.06843088,-0.00028497
505.18467475,-0.00031649
505.30092286,-0.00026396
505.41717520,-0.00031649
505.53343178,-0.00024295
505.64969259,-0.00033224
505.76595763,-0.00021668
505.88222689,-0.00029547
505.99850038,-0.00037427
506.11477807,-0.00055812
506.23105998,-0.00043730
506.34734610,-0.00043205
506.46363643,-0.00034800
506.57993096,-0.00036901
506.69622969,-0.00026921
506.81253261,-0.00029022
506.92883972,-0.00025870
507.04515103,-0.00030598
507.16146651,-0.00026396
507.27778618,-0.00032699
507.39411003,-0.00023244
507.51043805,-0.00029022
507.62677024,-0.00025345
507.74310660,-0.00026921
507.85944712,-0.00022193
507.97579180,-0.00023244
508.09214064,-0.00019042
508.20849364,-0.00025345
508.32485078,-0.00019567
508.44121206,-0.00026396
508.55757749,-0.00017466
508.67394706,-0.00027446
508.79032077,-0.00022193
508.90669860,-0.00025870
509.02308057,-0.00022719
509.13946666,-0.00027972
509.25585687,-0.00017991
509.37225120,-0.00026396
509.48864964,-0.00016415
509.60505219,-0.00024295
509.72145885,-0.00015890
509.83786962,-0.00021668
509.95428448,-0.00015365
510.07070344,-0.00021668
510.18712650,-0.00018516
510.30355364,-0.00021668
510.41998487,-0.00013789
510.53642018,-0.00022719
510.65285957,-0.00018516
510.76930304,-0.00022719
510.88575058,-0.00016415
511.00220219,-0.00020618
511.11865786,-0.00012738
511.23511759,-0.00022193
511.35158138,-0.00014839
511.46804923,-0.00017991
511.58452113,-0.00016941
511.70099707,-0.00020618
511.81747706,-0.00019042
511.93396109,-0.00031123
512.05044915,-0.00022719
512.16694125,-0.00027446
512.28343738,-0.00015890
512.39993753,-0.00024820
512.51644171,-0.00014839
512.63294990,-0.00019042
512.74946211,-0.00010637
512.86597833,-0.00017466
512.98249857,-0.00012213
513.09902280,-0.00019567
513.21555104,-0.00012213
513.33208328,-0.00016941
513.44861951,-0.00015365
513.56515973,-0.00020092
513.68170394,-0.00014314
513.79825213,-0.00018516
513.91480430,-0.00012213
514.03136045,-0.00017991
514.14792057,-0.00010637
514.26448466,-0.00021668
514.38105272,-0.00012738
514.49762474,-0.00017466
514.61420072,-0.00014839
514.73078066,-0.00014839
514.84736455,-0.00011688
514.96395238,-0.00020092
515.08054416,-0.00017991
515.19713989,-0.00027446
515.31373955,-0.00024820
515.43034314,-0.00029547
515.54695067,-0.00022719
515.66356212,-0.00029022
515.78017750,-0.00021668
515.89679680,-0.00021668
516.01342002,-0.00017991
516.13004714,-0.00022719
516.24667818,-0.00028497
516.36331313,-0.00049508
516.47995197,-0.00042680
516.59659472,-0.00036376
516.71324136,-0.00029022
516.82989190,-0.00032174
516.94654632,-0.00022193
517.06320463,-0.00024295
517.17986682,-0.00018516
517.29653288,-0.00022193
517.41320283,-0.00015365
517.52987664,-0.00018516
517.64655432,-0.00012738
517.76323587,-0.00021143
517.87992127,-0.00019567
517.99661053,-0.00016415
518.11330365,-0.00022719
518.23000061,-0.00020092
518.34670142,-0.00021143
518.46340608,-0.00009061
518.58011457,-0.00020092
518.69682690,-0.00025870
518.81354306,-0.00049508
518.93026305,-0.00039528
519.04698687,-0.00039528
519.16371451,-0.00028497
519.28044596,-0.00032174
519.39718123,-0.00023244
519.51392031,-0.00026396
519.63066320,-0.00015890
519.74740989,-0.00025870
519.86416039,-0.00012738
519.98091468,-0.00019567
520.09767276,-0.00013264
520.21443464,-0.00018516
520.33120030,-0.00011688
520.44796974,-0.00019567
520.56474296,-0.00016941
520.68151996,-0.00019567
520.79830073,-0.00011162
520.91508527,-0.00017991
521.03187357,-0.00013264
521.14866564,-0.00020092
521.26546146,-0.00017991
521.38226104,-0.00018516
521.49906437,-0.00011688
521.61587145,-0.00019042
521.73268227,-0.00012213
521.84949683,-0.00017991
521.96631513,-0.00014314
522.08313717,-0.00035851
522.19996293,-0.00045306
522.31679242,-0.00048458
522.43362563,-0.00032174
522.55046256,-0.00036376
522.66730321,-0.00027972
522.78414757,-0.00026921
522.90099564,-0.00019042
523.01784742,-0.00023244
523.13470289,-0.00021143
523.25156207,-0.00021668
523.36842493,-0.00012213
523.48529150,-0.00021668
523.60216174,-0.00015365
523.71903568,-0.00019567
523.83591329,-0.00012213
523.95279458,-0.00015365
524.06967954,-0.00012213
524.18656818,-0.00018516
524.30346048,-0.00011688
524.42035644,-0.00017466
524.53725606,-0.00011688
524.65415934,-0.00016941
524.77106627,-0.00012213
524.88797685,-0.00014839
525.00489108,-0.00012738
525.12180895,-0.00017991
525.23873045,-0.00020618
525.35565559,-0.00030073
525.47258436,-0.00032699
525.58951676,-0.00032174
525.70645279,-0.00021143
525.82339243,-0.00029022
525.94033569,-0.00020618
526.05728257,-0.00023769
526.17423305,-0.00014839
526.29118715,-0.00016415
526.40814484,-0.00010112
526.52510614,-0.00019042
526.64207103,-0.00009587
526.75903951,-0.00014314
526.87601158,-0.00011162
526.99298724,-0.00013264
527.10996648,-0.00013789
527.22694930,-0.00015890
527.34393569,-0.00013264
527.46092566,-0.00015365
527.57791919,-0.00007485
527.69491629,-0.00014839
527.81191694,-0.00009587
527.92892116,-0.00015365
528.04592893,-0.00012738
528.16294024,-0.00019567
528.27995511,-0.00015365
528.39697352,-0.00019042
528.51399547,-0.00014839
528.63102095,-0.00022193
528.74804997,-0.00013264
528.86508251,-0.00016941
528.98211858,-0.00013789
529.09915818,-0.00020618
529.21620129,-0.00010112
529.33324792,-0.00013789
529.45029806,-0.00011162
529.56735170,-0.00015365
529.68440885,-0.00012738
529.80146950,-0.00013264
529.91853365,-0.00010112
530.03560129,-0.00016941
530.15267243,-0.00010112
530.26974705,-0.00018516
530.38682515,-0.00006435
530.50390673,-0.00017466
530.62099179,-0.00011688
530.73808032,-0.00015890
530.85517232,-0.00008536
530.97226779,-0.00015890
531.08936672,-0.00011162
531.20646910,-0.00015890
531.32357495,-0.00010637
531.44068424,-0.00014839
531.55779698,-0.00009587
531.67491317,-0.00012213
531.79203279,-0.00010112
531.90915586,-0.00019567
532.02628235,-0.00012213
532.14341228,-0.00020092
532.26054564,-0.00011688
532.37768242,-0.00018516
532.49482261,-0.00011688
532.61196623,-0.00016941
532.72911325,-0.00011688
532.84626369,-0.00022719
532.96341753,-0.00011688
533.08057478,-0.00018516
533.19773542,-0.00008011
533.31489946,-0.00013789
533.43206689,-0.00010637
533.54923770,-0.00013789
533.66641191,-0.00008011
533.78358949,-0.00016415
533.90077045,-0.00011162
534.01795478,-0.00015365
534.13514249,-0.00009587
534.25233356,-0.00016415
534.36952800,-0.00009061
534.48672579,-0.00015365
534.60392694,-0.00010637
534.72113145,-0.00015365
534.83833930,-0.00009061
534.95555050,-0.00016415
535.07276504,-0.00009587
535.18998292,-0.00017991
535.30720413,-0.00008536
535.42442868,-0.00016941
535.54165656,-0.00013789
535.65888776,-0.00017466
535.77612228,-0.00012213
535.89336011,-0.00016415
536.01060127,-0.00010112
536.12784573,-0.00015365
536.24509350,-0.00011162
536.36234457,-0.00013789
536.47959894,-0.00010112
536.59685661,-0.00016941
536.71411757,-0.00008536
536.83138183,-0.00015890
536.94864936,-0.00011162
537.06592018,-0.00014839
537.18319428,-0.00014839
537.30047165,-0.00013789
537.41775230,-0.00012738
537.53503621,-0.00023244
537.65232339,-0.00017991
537.76961383,-0.00021143
537.88690753,-0.00011162
538.00420448,-0.00022193
538.12150468,-0.00012213
538.23880813,-0.00020092
538.35611482,-0.00011688
538.47342475,-0.00017991
538.59073792,-0.00010637
538.70805432,-0.00020092
538.82537395,-0.00015365
538.94269681,-0.00025345
539.06002289,-0.00017991
539.17735219,-0.00025345
539.29468470,-0.00020092
539.41202042,-0.00021143
539.52935936,-0.00017991
539.64670150,-0.00025345
539.76404683,-0.00019042
539.88139537,-0.00021143
539.99874710,-0.00019042
540.11610202,-0.00022719
540.23346013,-0.00016941
540.35082143,-0.00019567
540.46818590,-0.00011688
540.58555355,-0.00020618
540.70292437,-0.00014839
540.82029836,-0.00019042
540.93767552,-0.00012213
541.05505584,-0.00022193
541.17243931,-0.00018516
541.28982595,-0.00024820
541.40721573,-0.00019567
541.52460867,-0.00025870
541.64200475,-0.00017991
541.75940397,-0.00023244
541.87680633,-0.00019042
541.99421182,-0.00023244
542.11162044,-0.00012738
542.22903219,-0.00022719
542.34644706,-0.00028497
542.46386506,-0.00035326
542.58128617,-0.00023769
542.69871039,-0.00032699
542.81613773,-0.00021668
542.93356816,-0.00029022
543.05100171,-0.00017466
543.16843835,-0.00020618
543.28587808,-0.00016415
543.40332091,-0.00023244
543.52076683,-0.00016415
543.63821583,-0.00020092
543.75566791,-0.00015365
543.87312307,-0.00022719
543.99058130,-0.00016415
544.10804261,-0.00023769
544.22550698,-0.00016941
544.34297442,-0.00026396
544.46044492,-0.00019567
544.57791847,-0.00031649
544.69539508,-0.00017991
544.81287473,-0.00026396
544.93035743,-0.00019567
545.04784318,-0.00027446
545.16533196,-0.00023244
545.28282378,-0.00030073
545.40031863,-0.00031649
545.51781651,-0.00040053
545.63531742,-0.00027972
545.75282134,-0.00031123
545.87032829,-0.00030073
545.98783824,-0.00034800
546.10535121,-0.00029022
546.22286719,-0.00030073
546.34038617,-0.00021668
546.45790815,-0.00029022
546.57543313,-0.00020618
546.69296110,-0.00022719
546.81049206,-0.00020092
546.92802600,-0.00026396
547.04556293,-0.00014314
547.16310284,-0.00022193
547.28064572,-0.00013789
547.39819158,-0.00022193
547.51574040,-0.00013264
547.63329219,-0.00025345
547.75084694,-0.00015365
547.86840465,-0.00022193
547.98596531,-0.00022193
548.10352893,-0.00016941
548.22109549,-0.00020092
548.33866499,-0.00012738
548.45623744,-0.00020618
548.57381282,-0.00012213
548.69139114,-0.00017991
548.80897238,-0.00012738
548.92655655,-0.00018516
549.04414365,-0.00015890
549.16173366,-0.00021668
549.27932659,-0.00015365
549.39692243,-0.00021143
549.51452118,-0.00031649
549.63212284,-0.00051084
549.74972739,0.00185822
549.86733485,0.00016153
549.98494519,-0.00050034
550.10255843,-0.00051610
550.22017456,-0.00047407
550.33779357,-0.00045306
550.45541546,-0.00028497
550.57304023,-0.00031123
550.69066788,-0.00034275
550.80829839,-0.00042680
550.92593176,-0.00030598
551.04356801,-0.00035851
551.16120711,-0.00028497
551.27884906,-0.00033224
551.39649387,-0.00023769
551.51414153,-0.00027446
551.63179203,-0.00020092
551.74944537,-0.00027446
551.86710155,-0.00019042
551.98476057,-0.00024295
552.10242241,-0.00017466
552.22008709,-0.00024820
552.33775459,-0.00016941
552.45542491,-0.00023244
552.57309804,-0.00017991
552.69077399,-0.00026396
552.80845275,-0.00020092
552.92613432,-0.00021143
553.04381869,-0.00015365
553.16150585,-0.00020618
553.27919582,-0.00012213
553.39688857,-0.00020618
553.51458412,-0.00011162
553.63228245,-0.00027972
553.74998356,-0.00025345
553.86768745,-0.00029547
553.98539411,-0.00021668
554.10310355,-0.00025870
554.22081575,-0.00017991
554.33853072,-0.00028497
554.45624845,-0.00017466
554.57396893,-0.00017991
554.69169217,-0.00016941
554.80941816,-0.00021143
554.92714689,-0.00013789
555.04487837,-0.00020618
555.16261259,-0.00010637
555.28034954,-0.00017991
555.39808922,-0.00013789
555.51583164,-0.00019567
555.63357678,-0.00014314
555.75132464,-0.00019567
555.86907522,-0.00018516
555.98682851,-0.00038477
556.10458451,-0.00053711
556.22234323,-0.00057388
556.34010464,-0.00040579
556.45786876,-0.00042680
556.57563558,-0.00033224
556.69340508,-0.00034800
556.81117728,-0.00023769
556.92895217,-0.00027446
557.04672973,-0.00021143
557.16450998,-0.00023244
557.28229290,-0.00015890
557.40007850,-0.00034800
557.51786676,-0.00035326
557.63565769,-0.00037952
557.75345128,-0.00027972
557.87124753,-0.00031123
557.98904644,-0.00022193
558.10684799,-0.00025345
558.22465220,-0.00017991
558.34245905,-0.00023244
558.46026853,-0.00014839
558.57808066,-0.00021668
558.69589542,-0.00014314
558.81371281,-0.00017466
558.93153282,-0.00014314
559.04935546,-0.00019042
559.16718072,-0.00013264
559.28500859,-0.00020618
559.40283908,-0.00009587
559.52067218,-0.00019567
559.63850788,-0.00011688
559.75634618,-0.00020092
559.87418708,-0.00013264
559.99203058,-0.00028497
560.10987667,-0.00017466
560.22772534,-0.00027446
560.34557660,-0.00018516
560.46343044,-0.00026396
560.58128686,-0.00014314
560.69914585,-0.00023244
560.81700741,-0.00028497
560.93487154,-0.00052135
561.05273823,-0.00042154
561.17060748,-0.00036376
561.28847929,-0.00026921
561.40635365,-0.00034800
561.52423056,-0.00023244
561.64211001,-0.00023769
561.75999201,-0.00019042
561.87787654,-0.00023244
561.99576361,-0.00015365
562.11365321,-0.00021143
562.23154534,-0.00016415
562.34943999,-0.00023769
562.46733717,-0.00015890
562.58523686,-0.00020618
562.70313906,-0.00013264
562.82104378,-0.00021143
562.93895100,-0.00010637
563.05686072,-0.00017466
563.17477295,-0.00010112
563.29268767,-0.00017991
563.41060488,-0.00008536
563.52852459,-0.00017466
563.64644677,-0.00011688
563.76437144,-0.00015365
563.88229859,-0.00010637
564.00022822,-0.00016941
564.11816031,-0.00010112
564.23609487,-0.00015890
564.35403190,-0.00013264
564.47197139,-0.00016415
564.58991334,-0.00010112
564.70785773,-0.00014839
564.82580458,-0.00008011
564.94375388,-0.00014839
565.06170562,-0.00008011
565.17965980,-0.00021143
565.29761642,-0.00020092
565.41557546,-0.00029022
565.53353694,-0.00017466
565.65150084,-0.00020618
565.76946717,-0.00015365
565.88743591,-0.00022193
566.00540707,-0.00012213
566.12338064,-0.00018516
566.24135662,-0.00013789
566.35933500,-0.00019567
566.47731579,-0.00011162
566.59529897,-0.00015890
566.71328455,-0.00009061
566.83127251,-0.00012213
566.94926286,-0.00008536
567.06725560,-0.00013789
567.18525071,-0.00009061
567.30324821,-0.00012213
567.42124807,-0.00008536
567.53925030,-0.00013264
567.65725490,-0.00006435
567.77526187,-0.00012213
567.89327119,-0.00013264
568.01128286,-0.00010637
568.12929689,-0.00003808
568.24731326,-0.00012213
568.36533198,-0.00009587
568.48335304,-0.00019567
568.60137644,-0.00016415
568.71940217,-0.00015890
568.83743024,-0.00011688
568.95546063,-0.00016941
569.07349334,-0.00013264
569.19152837,-0.00020618
569.30956572,-0.00015365
569.42760538,-0.00022719
569.54564736,-0.00012213
569.66369163,-0.00016941
569.78173821,-0.00009587
569.89978709,-0.00017466
570.01783826,-0.00010112
570.13589173,-0.00010112
570.25394748,-0.00009061
570.37200552,-0.00015365
570.49006584,-0.00012213
570.60812843,-0.00017991
570.72619330,-0.00005910
570.84426045,-0.00014314
570.96232985,-0.00006960
571.08040152,-0.00010637
571.19847546,-0.00005384
571.31655164,-0.00010637
571.43463008,-0.00005384
571.55271077,-0.00013789
571.67079371,-0.00006435
571.78887889,-0.00010112
571.90696630,-0.00005384
572.02505596,-0.00013264
572.14314784,-0.00007485
572.26124195,-0.00012213
572.37933829,-0.00005384
572.49743685,-0.00014314
572.61553762,-0.00004859
572.73364061,-0.00012213
572.85174581,-0.00008011
572.96985322,-0.00012213
573.08796283,-0.00002758
573.20607464,-0.00012213
573.32418865,-0.00006960
573.44230485,-0.00008011
573.56042324,-0.00004859
573.67854382,-0.00011162
573.79666657,-0.00007485
573.91479151,-0.00012738
574.03291862,-0.00005384
574.15104791,-0.00012738
574.26917936,-0.00016415
574.38731298,-0.00022193
574.50544875,-0.00009061
574.62358669,-0.00014314
574.74172678,-0.00012738
574.85986902,-0.00017991
574.97801341,-0.00011688
575.09615994,-0.00014839
575.21430861,-0.00008536
575.33245942,-0.00011162
575.45061236,-0.00004859
575.56876743,-0.00016941
575.68692463,-0.00006435
575.80508395,-0.00014314
575.92324539,-0.00007485
576.04140894,-0.00013264
576.15957461,-0.00008536
576.27774238,-0.00010637
576.39591226,-0.00006960
576.51408424,-0.00012738
576.63225832,-0.00006960
576.75043449,-0.00011688
576.86861275,-0.00003283
576.98679310,-0.00010637
577.10497553,-0.00006960
577.22316005,-0.00013789
577.34134664,-0.00006435
577.45953530,-0.00013264
577.57772604,-0.00010637
577.69591883,-0.00016415
577.81411370,-0.00011688
577.93231062,-0.00013789
578.05050959,-0.00008536
578.16871062,-0.00006960
578.28691370,-0.00013264
578.40511882,-0.00006960
578.52332598,-0.00013789
578.64153518,-0.00017466
578.75974642,-0.00011162
578.87795968,-0.00006960
578.99617497,-0.00012738
579.11439229,-0.00004859
579.23261163,-0.00010112
579.35083298,-0.00008011
579.46905635,-0.00016941
579.58728172,-0.00004859
579.70550911,-0.00013789
579.82373849,-0.00009587
579.94196988,-0.00011688
580.06020326,-0.00007485
580.17843863,-0.00015365
580.29667599,-0.00007485
580.41491533,-0.00018516
580.53315666,-0.00012738
580.65139996,-0.00016415
580.76964524,-0.00011162
580.88789249,-0.00012213
581.00614171,-0.00009587
581.12439289,-0.00012213
581.24264603,-0.00010637
581.36090113,-0.00013264
581.47915818,-0.00006960
581.59741718,-0.00013789
581.71567813,-0.00009587
581.83394102,-0.00013789
581.95220585,-0.00009061
582.07047261,-0.00011162
582.18874131,-0.00005910
582.30701193,-0.00013789
582.42528448,-0.00011688
582.54355896,-0.00014839
582.66183535,-0.00008536
582.78011365,-0.00016415
582.89839386,-0.00011688
583.01667599,-0.00015890
583.13496001,-0.00009587
583.25324594,-0.00014839
583.37153376,-0.00009587
583.48982348,-0.00014839
583.60811509,-0.00011688
583.72640858,-0.00025345
583.84470396,-0.00019042
583.96300121,-0.00020618
584.08130034,-0.00012738
584.19960134,-0.00019042
584.31790422,-0.00016415
584.43620895,-0.00020618
584.55451555,-0.00011162
584.67282401,-0.00018516
584.79113432,-0.00013264
584.90944648,-0.00019567
585.02776049,-0.00013264
585.14607634,-0.00016941
585.26439403,-0.00012213
585.38271356,-0.00019042
585.50103493,-0.00012213
585.61935812,-0.00021668
585.73768314,-0.00017991
585.85600998,-0.00020618
585.97433865,-0.00015365
586.09266912,-0.00023244
586.21100141,-0.00019042
586.32933551,-0.00028497
586.44767142,-0.00023769
586.56600912,-0.00025870
586.68434862,-0.00019567
586.80268992,-0.00026396
586.92103301,-0.00020092
587.03937789,-0.00024295
587.15772455,-0.00020618
587.27607299,-0.00027972
587.39442321,-0.00024820
587.51277520,-0.00027972
587.63112896,-0.00023769
587.74948449,-0.00030598
587.86784178,-0.00026396
587.98620083,-0.00032174
588.10456164,-0.00025870
588.22292420,-0.00032699
588.34128850,-0.00031123
588.45965456,-0.00036376
588.57802235,-0.00037427
588.69639188,-0.00045831
588.81476315,-0.00037427
588.93313615,-0.00052135
589.05151087,-0.00061065
589.16988732,0.14242528
589.28826549,0.84948394
589.40664538,0.93257403
589.52502698,0.77046487
589.64341029,0.73230790
589.76179531,0.62389901
589.88018203,0.90504892
589.99857045,0.92785694
590.11696057,0.72815290
590.23535237,0.56083288
590.35374587,0.48280666
590.47214105,0.47339349
590.59053792,0.39713216
590.70893646,0.29946537
590.82733668,0.24063837
590.94573856,0.22072469
591.06414212,0.21718426
591.18254734,0.20747168
591.30095422,0.19179184
591.41936276,0.16947761
591.53777295,0.16855835
591.65618479,0.18018297
591.77459828,0.17503516
591.89301341,0.16536460
592.01143018,0.13489790
592.12984859,0.10561834
592.24826862,0.09185580
592.36669029,0.08272105
592.48511359,0.06738263
592.60353850,0.05005338
592.72196503,0.03272413
592.84039318,0.01853611
592.95882294,0.01809486
593.07725431,0.01469100
593.19568728,0.01011049
593.31412185,0.00701129
593.43255802,0.00098623
593.55099578,-0.00065267
593.66943514,-0.00071045
593.78787608,-0.00062641
593.90631860,-0.00061590
594.02476270,-0.00054761
594.14320838,-0.00056862
594.26165563,-0.00048983
594.38010445,-0.00052135
594.49855484,-0.00044781
594.61700678,-0.00048458
594.73546029,-0.00043730
594.85391535,-0.00044781
594.97237196,-0.00040579
595.09083012,-0.00039003
595.20928982,-0.00033750
595.32775107,-0.00036376
595.44621385,-0.00030598
595.56467817,-0.00033750
595.68314401,-0.00029547
595.80161138,-0.00035851
595.92008028,-0.00026921
596.03855070,-0.00029547
596.15702263,-0.00023769
596.27549607,-0.00030598
596.39397102,-0.00021143
596.51244748,-0.00029547
596.63092544,-0.00022193
596.74940490,-0.00027446
596.86788586,-0.00023244
596.98636830,-0.00024820
597.10485223,-0.00021143
597.22333765,-0.00025345
597.34182455,-0.00022193
597.46031293,-0.00026396
597.57880278,-0.00021668
597.69729409,-0.00028497
597.81578688,-0.00019567
597.93428113,-0.00026396
598.05277684,-0.00021143
598.17127401,-0.00024295
598.28977262,-0.00015890
598.40827269,-0.00023244
598.52677421,-0.00016415
598.64527716,-0.00021668
598.76378155,-0.00016415
598.88228738,-0.00021143
599.00079464,-0.00016415
599.11930333,-0.00022719
599.23781344,-0.00022719
599.35632498,-0.00023769
599.47483793,-0.00014839
599.59335229,-0.00024295
599.71186807,-0.00017991
599.83038525,-0.00018516
599.94890383,-0.00015365
600.06742382,-0.00017466
600.18594520,-0.00015890
600.30446797,-0.00025345
600.42299214,-0.00016415
600.54151769,-0.00019042
600.66004462,-0.00016415
600.77857293,-0.00022719
600.89710261,-0.00014314
601.01563367,-0.00024295
601.13416609,-0.00012738
601.25269988,-0.00021668
601.37123503,-0.00010112
601.48977153,-0.00023244
601.60830940,-0.00014314
601.72684861,-0.00019567
601.84538917,-0.00014839
601.96393107,-0.00021668
602.08247431,-0.00014314
602.20101889,-0.00019042
602.31956480,-0.00010637
602.43811204,-0.00016941
602.55666060,-0.00014314
602.67521049,-0.00016941
602.79376170,-0.00013264
602.91231422,-0.00023769
603.03086805,-0.00020618
603.14942319,-0.00023244
603.26797964,-0.00014839
603.38653738,-0.00020092
603.50509643,-0.00033750
603.62365677,0.00533038
603.74221840,0.01570480
603.86078131,-0.00068419
603.97934551,-0.00056337
604.09791099,-0.00061065
604.21647775,-0.00056337
604.33504577,-0.00052135
604.45361507,-0.00037427
604.57218564,-0.00046357
604.69075746,-0.00046882
604.80933055,-0.00066843
604.92790489,-0.00053185
605.04648048,-0.00046357
605.16505732,-0.00038477
605.28363540,-0.00043730
605.40221473,-0.00039003
605.52079529,-0.00039003
605.63937709,-0.00032699
605.75796011,-0.00036376
605.87654437,-0.00029022
605.99512985,-0.00032174
606.11371654,-0.00026396
606.23230446,-0.00033750
606.35089359,-0.00033750
606.46948392,-0.00041629
606.58807547,-0.00030073
606.70666821,-0.00031649
606.82526216,-0.00022719
606.94385729,-0.00032174
607.06245363,-0.00022193
607.18105114,-0.00025870
607.29964985,-0.00019567
607.41824973,-0.00021143
607.53685080,-0.00015890
607.65545303,-0.00020092
607.77405644,-0.00016941
607.89266102,-0.00016941
608.01126675,-0.00013789
608.12987365,-0.00020092
608.24848171,-0.00012738
608.36709091,-0.00016941
608.48570127,-0.00017466
608.60431277,-0.00012213
608.72292542,-0.00014839
608.84153920,-0.00008536
608.96015412,-0.00015365
609.07877018,-0.00010112
609.19738736,-0.00019567
609.31600566,-0.00010637
609.43462509,-0.00016415
609.55324563,-0.00014314
609.67186729,-0.00016941
609.79049006,-0.00011688
609.90911393,-0.00016415
610.02773891,-0.00010112
610.14636499,-0.00013264
610.26499217,-0.00014314
610.38362044,-0.00021668
610.50224979,-0.00015365
610.62088024,-0.00016941
610.73951177,-0.00016941
610.85814437,-0.00024820
610.97677805,-0.00025870
611.09541281,-0.00029022
611.21404863,-0.00017991
611.33268552,-0.00021143
611.45132346,-0.00016415
611.56996247,-0.00020092
611.68860253,-0.00014839
611.80724364,-0.00016941
611.92588580,-0.00009587
612.04452900,-0.00016415
612.16317324,-0.00009061
612.28181852,-0.00016415
612.40046483,-0.00010637
612.51911217,-0.00015890
612.63776054,-0.00012738
612.75640993,-0.00014314
612.87506034,-0.00013264
612.99371176,-0.00015890
613.11236420,-0.00011162
613.23101765,-0.00017991
613.34967210,-0.00012738
613.46832755,-0.00015365
613.58698400,-0.00009587
613.70564144,-0.00014839
613.82429987,-0.00006960
613.94295930,-0.00015365
614.06161970,-0.00010112
614.18028109,-0.00015890
614.29894345,-0.00006435
614.41760678,-0.00013264
614.53627109,-0.00013264
614.65493636,-0.00019567
614.77360259,-0.00011688
614.89226979,-0.00022719
615.01093794,-0.00020618
615.12960704,-0.00022193
615.24827709,-0.00016941
615.36694808,-0.00022719
615.48562002,-0.00013789
615.60429289,-0.00015890
615.72296670,-0.00008536
615.84164144,-0.00016941
615.96031710,-0.00013264
616.07899369,-0.00018516
616.19767120,-0.00009061
616.31634963,-0.00016415
616.43502897,-0.00009061
616.55370922,-0.00015890
616.67239038,-0.00006960
616.79107244,-0.00014314
616.90975540,-0.00008536
617.02843925,-0.00013264
617.14712400,-0.00009061
617.26580963,-0.00014839
617.38449615,-0.00013789
617.50318355,-0.00024295
617.62187183,-0.00014839
617.74056098,-0.00026396
617.85925101,-0.00014314
617.97794190,-0.00022193
618.09663366,-0.00016941
618.21532627,-0.00020618
618.33401975,-0.00017991
618.45271407,-0.00017466
618.57140925,-0.00010637
618.69010527,-0.00012213
618.80880214,-0.00011688
618.92749984,-0.00016941
619.04619838,-0.00009587
619.16489776,-0.00010637
619.28359796,-0.00009061
619.40229898,-0.00015365
619.52100083,-0.00004334
619.63970350,-0.00011162
619.75840698,-0.00005384
619.87711127,-0.00010112
619.99581637,-0.00006435
620.11452227,-0.00016415
620.23322897,-0.00008011
620.35193648,-0.00010637
620.47064477,-0.00006960
620.58935385,-0.00011162
620.70806372,-0.00006435
620.82677438,-0.00011688
620.94548581,-0.00010112
621.06419802,-0.00014314
621.18291100,-0.00005910
621.30162475,-0.00011688
621.42033926,-0.00002232
621.53905454,-0.00012738
621.65777057,-0.00012738
621.77648736,-0.00020618
621.89520490,-0.00014314
622.01392319,-0.00021143
622.13264222,-0.00014314
622.25136199,-0.00017991
622.37008250,-0.00012213
622.48880374,-0.00016941
622.60752571,-0.00005909
622.72624841,-0.00015890
622.84497183,-0.00009061
622.96369598,-0.00013264
623.08242083,-0.00005384
623.20114640,-0.00012213
623.31987268,-0.00005384
623.43859966,-0.00013789
623.55732735,-0.00006435
623.67605573,-0.00014839
623.79478481,-0.00009061
623.91351458,-0.00015365
624.03224504,-0.00006960
624.15097618,-0.00012738
624.26970800,-0.00004334
624.38844050,-0.00013789
624.50717367,-0.00007485
624.62590751,-0.00015890
624.74464202,-0.00009061
624.86337719,-0.00012738
624.98211302,-0.00005384
625.10084951,-0.00011688
625.21958665,-0.00004859
625.33832444,-0.00012738
625.45706287,-0.00004334
625.57580195,-0.00012213
625.69454166,-0.00004859
625.81328201,-0.00012213
625.93202299,-0.00004334
626.05076459,-0.00009061
626.16950683,-0.00003808
626.28824968,-0.00012213
626.40699315,-0.00006960
626.52573723,-0.00010112
626.64448192,-0.00003808
626.76322722,-0.00008011
626.88197313,-0.00003808
627.00071963,-0.00010112
627.11946673,-0.00004859
627.23821442,-0.00010112
627.35696270,-0.00006435
627.47571156,-0.00008011
627.59446101,-0.00007485
627.71321103,-0.00010112
627.83196163,-0.00002758
627.95071281,-0.00011162
628.06946454,-0.00003808
628.18821685,-0.00007485
628.30696971,-0.00004859
628.42572313,-0.00010112
628.54447711,-0.00004859
628.66323163,-0.00012738
628.78198671,-0.00003283
628.90074232,-0.00010112
629.01949848,-0.00004859
629.13825517,-0.00011688
629.25701239,-0.00005384
629.37577014,-0.00012213
629.49452842,-0.00004334
629.61328722,-0.00010637
629.73204654,-0.00005384
629.85080637,-0.00009587
629.96956671,-0.00006960
630.08832757,-0.00013789
630.20708892,-0.00012738
630.32585078,-0.00016941
630.44461313,-0.00008536
630.56337598,-0.00009587
630.68213932,-0.00010112
630.80090315,-0.00014839
630.91966745,-0.00009061
631.03843224,-0.00012213
631.15719751,-0.00007485
631.27596324,-0.00024295
631.39472945,-0.00013789
631.51349612,-0.00018516
631.63226325,-0.00011688
631.75103085,-0.00016415
631.86979889,-0.00011162
631.98856739,-0.00016941
632.10733634,-0.00006960
632.22610573,-0.00011688
632.34487556,-0.00012213
632.46364583,-0.00011162
632.58241653,-0.00005384
632.70118766,-0.00012213
632.81995922,-0.00011688
632.93873121,-0.00014839
633.05750361,-0.00008536
633.17627643,-0.00013264
633.29504966,-0.00005910
633.41382330,-0.00012213
633.53259735,-0.00006435
633.65137179,-0.00010112
633.77014664,-0.00005909
633.88892188,-0.00010112
634.00769752,-0.00008011
634.12647354,-0.00014314
634.24524995,-0.00004334
634.36402673,-0.00013264
634.48280390,-0.00008536
634.60158143,-0.00011688
634.72035934,-0.00008011
634.83913762,-0.00009587
634.95791626,-0.00008536
635.07669526,-0.00011162
635.19547461,-0.00005384
635.31425432,-0.00010112
635.43303438,-0.00004334
635.55181478,-0.00012213
635.67059552,-0.00007485
635.78937661,-0.00009587
635.90815802,-0.00003808
636.02693977,-0.00014839
636.14572185,-0.00007485
636.26450425,-0.00013264
636.38328698,-0.00005384
636.50207002,-0.00014314
636.62085337,-0.00004859
636.73963704,-0.00012213
636.85842101,-0.00005384
636.97720529,-0.00013789
637.09598986,-0.00008536
637.21477474,-0.00016415
637.33355990,-0.00010637
637.45234535,-0.00016415
637.57113109,-0.00010637
637.68991712,-0.00015890
637.80870342,-0.00008536
637.92748999,-0.00016415
638.04627684,-0.00003808
638.16506396,-0.00015365
638.28385134,-0.00009061
638.40263898,-0.00011162
638.52142688,-0.00010112
638.64021503,-0.00012738
638.75900343,-0.00008011
638.87779208,-0.00013789
638.99658098,-0.00021143
639.11537011,-0.00010637
639.23415948,-0.00015365
639.35294909,-0.00010112
639.47173892,-0.00017466
639.59052898,-0.00009587
639.70931926,-0.00016415
639.82810976,-0.00010112
639.94690047,-0.00011688
640.06569140,-0.00008011
640.18448253,-0.00013264
640.30327387,-0.00007485
640.42206541,-0.00013264
640.54085715,-0.00008536
640.65964908,-0.00014314
640.77844120,-0.00006960
640.89723351,-0.00013789
641.01602601,-0.00007485
641.13481868,-0.00011162
641.25361153,-0.00006435
641.37240455,-0.00014839
641.49119774,-0.00008536
641.60999110,-0.00015365
641.72878462,-0.00009061
641.84757830,-0.00015890
641.96637214,-0.00031123
642.08516612,-0.00050559
642.20396026,-0.00041104
642.32275454,-0.00036376
642.44154896,-0.00024820
642.56034352,-0.00031649
642.67913821,-0.00026396
642.79793303,-0.00029547
642.91672798,-0.00020618
643.03552306,-0.00020618
643.15431825,-0.00011688
643.27311356,-0.00020618
643.39190898,-0.00015365
643.51070452,-0.00024820
643.62950015,-0.00012738
643.74829590,-0.00018516
643.86709174,-0.00014314
643.98588767,-0.00019567
644.10468370,-0.00010112
644.22347982,-0.00017991
644.34227602,-0.00012213
644.46107230,-0.00019042
644.57986866,-0.00013789
644.69866509,-0.00019042
644.81746160,-0.00010112
644.93625817,-0.00021143
645.05505480,-0.00011688
645.17385150,-0.00017466
645.29264825,-0.00013264
645.41144506,-0.00017466
645.53024191,-0.00011162
645.64903881,-0.00020618
645.76783576,-0.00009061
645.88663274,-0.00017466
646.00542976,-0.00013264
646.12422681,-0.00019042
646.24302388,-0.00011688
646.36182099,-0.00016941
646.48061811,-0.00008011
646.59941525,-0.00015890
646.71821241,-0.00010112
646.83700958,-0.00012213
646.95580675,-0.00009061
647.07460393,-0.00014839
647.19340111,-0.00009587
647.31219828,-0.00015890
647.43099545,-0.00012213
647.54979261,-0.00020092
647.66858975,-0.00008011
647.78738688,-0.00013789
647.90618399,-0.00010112
648.02498107,-0.00016941
648.14377812,-0.00013789
648.26257514,-0.00013789
648.38137213,-0.00008536
648.50016908,-0.00016941
648.61896598,-0.00008011
648.73776285,-0.00013789
648.85655966,-0.00012213
648.97535641,-0.00016415
649.09415312,-0.00008536
649.21294976,-0.00017991
649.33174634,-0.00011162
649.45054285,-0.00015365
649.56933929,-0.00010637
649.68813566,-0.00014839
649.80693195,-0.00011688
649.92572816,-0.00017466
650.04452429,-0.00011162
650.16332033,-0.00018516
650.28211627,-0.00013264
650.40091213,-0.00017991
650.51970788,-0.00012738
650.63850353,-0.00019042
650.75729908,-0.00011162
650.87609451,-0.00017466
650.99488984,-0.00012738
651.11368504,-0.00021143
651.23248013,-0.00013789
651.35127510,-0.00019567
651.47006993,-0.00008536
651.58886464,-0.00018516
651.70765922,-0.00011162
651.82645365,-0.00014314
651.94524795,-0.00012213
652.06404210,-0.00018516
652.18283611,-0.00009587
652.30162996,-0.00013789
652.42042366,-0.00010112
652.53921719,-0.00019042
652.65801057,-0.00014839
652.77680378,-0.00017991
652.89559683,-0.00014314
653.01438970,-0.00015890
653.13318239,-0.00009061
653.25197490,-0.00019042
653.37076724,-0.00013264
653.48955938,-0.00019567
653.60835134,-0.00011688
653.72714310,-0.00021143
653.84593466,-0.00012213
653.96472602,-0.00019042
654.08351718,-0.00011688
654.20230813,-0.00019042
654.32109887,-0.00014839
654.43988940,-0.00021668
654.55867970,-0.00014839
654.67746979,-0.00017991
654.79625965,-0.00012738
654.91504928,-0.00019567
655.03383867,-0.00014314
655.15262784,-0.00016415
655.27141676,-0.00013789
655.39020544,-0.00017466
655.50899387,-0.00011162
655.62778205,-0.00019042
655.74656998,-0.00012738
655.86535765,-0.00019042
655.98414506,-0.00014314
656.10293221,-0.00016941
656.22171909,-0.00013789
656.34050570,-0.00015365
656.45929203,-0.00011688
656.57807809,-0.00019042
656.69686386,-0.00010637
656.81564935,-0.00019567
656.93443454,-0.00013789
657.05321945,-0.00019042
657.17200406,-0.00011162
657.29078837,-0.00020618
657.40957238,-0.00012738
657.52835608,-0.00019567
657.64713947,-0.00012738
657.76592255,-0.00019042
657.88470531,-0.00011688
658.00348775,-0.00016415
658.12226987,-0.00008536
658.24105166,-0.00019567
658.35983311,-0.00010637
658.47861424,-0.00021668
658.59739502,-0.00015890
658.71617546,-0.00017466
658.83495556,-0.00009587
658.95373531,-0.00016941
659.07251471,-0.00009061
659.19129375,-0.00020092
659.31007243,-0.00010637
659.42885075,-0.00016941
659.54762870,-0.00012738
659.66640628,-0.00019042
659.78518349,-0.00014839
659.90396032,-0.00017991
660.02273677,-0.00013789
660.14151284,-0.00019042
660.26028852,-0.00011688
660.37906380,-0.00020092
660.49783870,-0.00015365
660.61661319,-0.00019567
660.73538729,-0.00013264
660.85416097,-0.00020618
660.97293425,-0.00021668
661.09170712,-0.00022719
661.21047957,-0.00019567
661.32925161,-0.00021668
661.44802321,-0.00014839
661.56679440,-0.00019567
661.68556515,-0.00014839
661.80433547,-0.00019042
661.92310535,-0.00012738
662.04187480,-0.00019567
662.16064379,-0.00015365
662.27941234,-0.00022719
662.39818044,-0.00013264
662.51694809,-0.00020618
662.63571528,-0.00012738
662.75448200,-0.00021143
662.87324826,-0.00015890
662.99201406,-0.00020618
663.11077937,-0.00013789
663.22954422,-0.00021668
663.34830858,-0.00015890
663.46707246,-0.00020618
663.58583586,-0.00010637
663.70459877,-0.00020092
663.82336118,-0.00010637
663.94212309,-0.00020092
664.06088451,-0.00013264
664.17964542,-0.00021143
664.29840582,-0.00016415
664.41716572,-0.00020092
664.53592510,-0.00011162
664.65468396,-0.00017991
664.77344229,-0.00014839
664.89220011,-0.00018516
665.01095739,-0.00019567
665.12971415,-0.00019042
665.24847036,-0.00010637
665.36722604,-0.00018516
665.48598118,-0.00018516
665.60473577,-0.00019042
665.72348981,-0.00013264
665.84224329,-0.00016415
665.96099622,-0.00014314
666.07974859,-0.00020092
666.19850040,-0.00011688
666.31725163,-0.00020092
666.43600230,-0.00016415
666.55475239,-0.00020092
666.67350191,-0.00015365
666.79225084,-0.00020618
666.91099919,-0.00016941
667.02974695,-0.00023769
667.14849412,-0.00015365
667.26724069,-0.00017466
667.38598666,-0.00018516
667.50473203,-0.00019042
667.62347680,-0.00013789
667.74222095,-0.00018516
667.86096449,-0.00013264
667.97970742,-0.00021668
668.09844972,-0.00023244
668.21719140,-0.00047407
668.33593246,-0.00040053
668.45467288,-0.00034800
668.57341267,-0.00026921
668.69215182,-0.00034275
668.81089033,-0.00030073
668.92962819,-0.00031123
669.04836540,-0.00023769
669.16710197,-0.00028497
669.28583788,-0.00022719
669.40457312,-0.00016415
669.52330771,-0.00024295
669.64204163,-0.00016941
669.76077488,-0.00024820
669.87950746,-0.00015890
669.99823936,-0.00021668
670.11697058,-0.00016941
670.23570112,-0.00022193
670.35443097,-0.00014314
670.47316013,-0.00020092
670.59188859,-0.00015890
670.71061636,-0.00021668
670.82934342,-0.00012213
670.94806978,-0.00019042
671.06679544,-0.00015365
671.18552038,-0.00021143
671.30424460,-0.00014839
671.42296811,-0.00018516
671.54169089,-0.00013264
671.66041295,-0.00020092
671.77913428,-0.00013789
671.89785487,-0.00019567
672.01657473,-0.00014839
672.13529385,-0.00018516
672.25401222,-0.00015365
672.37272985,-0.00020618
672.49144673,-0.00013264
672.61016285,-0.00017991
672.72887821,-0.00010112
672.84759282,-0.00019042
672.96630666,-0.00010112
673.08501973,-0.00016941
673.20373203,-0.00014839
673.32244355,-0.00019042
673.44115429,-0.00013789
673.55986426,-0.00019567
673.67857343,-0.00009587
673.79728182,-0.00019567
673.91598941,-0.00014839
674.03469621,-0.00016941
674.15340220,-0.00016941
674.27210740,-0.00015890
674.39081178,-0.00009587
674.50951536,-0.00019042
674.62821812,-0.00010637
674.74692007,-0.00014314
674.86562119,-0.00010637
674.98432149,-0.00013789
675.10302096,-0.00010112
675.22171959,-0.00019567
675.34041740,-0.00012738
675.45911436,-0.00021143
675.57781048,-0.00041104
675.69650576,-0.00068419
675.81520018,-0.00054761
675.93389376,-0.00044256
676.05258647,-0.00036901
676.17127833,-0.00044256
676.28996932,-0.00037427
676.40865945,-0.00037952
676.52734870,-0.00027972
676.64603709,-0.00030598
676.76472459,-0.00022719
676.88341121,-0.00024295
677.00209695,-0.00019567
677.12078180,-0.00029022
677.23946576,-0.00018516
677.35814882,-0.00026921
677.47683099,-0.00020618
677.59551225,-0.00026396
677.71419261,-0.00016941
677.83287205,-0.00023769
677.95155059,-0.00017991
678.07022821,-0.00024820
678.18890490,-0.00016415
678.30758068,-0.00023244
678.42625552,-0.00015890
678.54492944,-0.00023244
678.66360242,-0.00014314
678.78227447,-0.00022193
678.90094557,-0.00015890
679.01961573,-0.00020092
679.13828495,-0.00013264
679.25695321,-0.00023244
679.37562051,-0.00015890
679.49428686,-0.00018516
679.61295224,-0.00012738
679.73161666,-0.00019042
679.85028011,-0.00012738
679.96894259,-0.00020092
680.08760409,-0.00010637
680.20626461,-0.00016941
680.32492414,-0.00012738
680.44358269,-0.00015890
680.56224025,-0.00013264
680.68089682,-0.00017466
680.79955239,-0.00011162
680.91820695,-0.00014314
681.03686051,-0.00011688
681.15551307,-0.00016415
681.27416461,-0.00009587
681.39281514,-0.00019567
681.51146465,-0.00011162
681.63011314,-0.00013789
681.74876060,-0.00009587
681.86740703,-0.00015365
681.98605243,-0.00011162
682.10469679,-0.00017466
682.22334012,-0.00012738
682.34198240,-0.00016415
682.46062363,-0.00012213
682.57926381,-0.00016941
682.69790294,-0.00012738
682.81654101,-0.00017466
682.93517803,-0.00011162
683.05381397,-0.00015890
683.17244885,-0.00014314
683.29108266,-0.00015890
683.40971539,-0.00010637
683.52834704,-0.00015365
683.64697761,-0.00010637
683.76560710,-0.00019042
683.88423550,-0.00010637
684.00286280,-0.00019042
684.12148901,-0.00011162
684.24011412,-0.00013789
684.35873812,-0.00011688
684.47736102,-0.00020618
684.59598281,-0.00014839
684.71460348,-0.00016415
684.83322304,-0.00011162
684.95184147,-0.00018516
685.07045879,-0.00010637
685.18907497,-0.00016941
685.30769002,-0.00010112
685.42630394,-0.00017991
685.54491672,-0.00012738
685.66352836,-0.00017991
685.78213885,-0.00010637
685.90074819,-0.00017466
686.01935638,-0.00007485
686.13796341,-0.00015890
686.25656929,-0.00012738
686.37517400,-0.00019042
686.49377754,-0.00010112
686.61237991,-0.00014839
686.73098111,-0.00011688
686.84958114,-0.00019042
686.96817998,-0.00008536
687.08677764,-0.00017466
687.20537411,-0.00008011
687.32396939,-0.00025345
687.44256347,-0.00039528
687.56115636,-0.00057388
687.67974804,-0.00044256
687.79833852,-0.00039003
687.91692779,-0.00030073
688.03551584,-0.00032699
688.15410268,-0.00027972
688.27268830,-0.00028497
688.39127270,-0.00024295
688.50985587,-0.00027446
688.62843781,-0.00020092
688.74701852,-0.00024295
688.86559799,-0.00019042
688.98417622,-0.00023769
689.10275321,-0.00021668
689.22132894,-0.00030598
689.33990343,-0.00021143
689.45847666,-0.00027446
689.57704864,-0.00017991
689.69561935,-0.00024295
689.81418879,-0.00019042
689.93275697,-0.00022193
690.05132387,-0.00016941
690.16988950,-0.00024820
690.28845385,-0.00016941
690.40701692,-0.00024820
690.52557870,-0.00015890
690.64413919,-0.00020618
690.76269838,-0.00015890
690.88125628,-0.00021143
690.99981288,-0.00017991
691.11836817,-0.00022719
691.23692216,-0.00014839
691.35547483,-0.00023769
691.47402619,-0.00015890
691.59257624,-0.00023244
691.71112496,-0.00015890
691.82967235,-0.00021143
691.94821842,-0.00015890
692.06676315,-0.00020618
692.18530655,-0.00014839
692.30384861,-0.00022719
692.42238932,-0.00012738
692.54092869,-0.00021143
692.65946671,-0.00013789
692.77800338,-0.00019567
692.89653869,-0.00012738
693.01507263,-0.00023244
693.13360522,-0.00015365
693.25213643,-0.00021143
693.37066628,-0.00013264
693.48919475,-0.00018516
693.60772184,-0.00015365
693.72624755,-0.00021143
693.84477188,-0.00013789
693.96329481,-0.00025345
694.08181636,-0.00027972
694.20033650,-0.00035851
694.31885525,-0.00030073
694.43737260,-0.00033224
694.55588854,-0.00021143
694.67440307,-0.00027972
694.79291619,-0.00024295
694.91142788,-0.00027446
695.02993816,-0.00019042
695.14844702,-0.00027446
695.26695445,-0.00019042
695.38546044,-0.00025870
695.50396500,-0.00022719
695.62246813,-0.00027972
695.74096981,-0.00025345
695.85947004,-0.00031123
695.97796883,-0.00023769
696.09646617,-0.00029547
696.21496205,-0.00024820
696.33345647,-0.00033750
696.45194943,-0.00028497
696.57044092,-0.00037427
696.68893094,0.05381970
696.80741949,0.57464803
696.92590656,0.92758905
697.04439215,0.92252002
697.16287626,0.81108542
697.28135888,0.53566116
697.39984000,0.34717731
697.51831964,0.27357921
697.63679777,0.23915708
697.75527441,0.21554014
697.87374954,0.19802702
697.99222316,0.17655850
698.11069527,0.14612331
698.22916586,0.12783804
698.34763493,0.12802189
698.46610248,0.12993920
698.58456851,0.12701859
698.70303300,0.12171318
698.82149596,0.11628696
698.93995739,0.10715745
699.05841727,0.09440346
699.17687561,0.09509684
699.29533241,0.09624197
699.41378765,0.09093656
699.53224134,0.08743288
699.65069347,0.08719651
699.76914403,0.07927517
699.88759304,0.07289817
700.00604047,0.06980422
700.12448633,0.06351127
700.24293062,0.06084806
700.36137333,0.06239241
700.47981445,0.06756649
700.59825399,0.07187386
700.71669194,0.05908309
700.83512830,0.04403360
700.95356305,0.03414240
701.07199621,0.02580085
701.19042777,0.01765887
701.30885772,0.01136068
701.42728605,0.00242552
701.54571277,-0.00065267
701.66413788,-0.00069995
701.78256136,-0.00059489
701.90098322,-0.00061590
702.01940345,-0.00056337
702.13782205,-0.00058964
702.25623901,-0.00047933
702.37465433,-0.00052660
702.49306801,-0.00045306
702.61148004,-0.00047407
702.72989043,-0.00042154
702.84829916,-0.00046357
702.96670623,-0.00038477
703.08511165,-0.00047933
703.20351540,-0.00062641
703.32191748,-0.00069995
703.44031790,-0.00058964
703.55871663,-0.00053711
703.67711369,-0.00040579
703.79550907,-0.00044781
703.91390277,-0.00033224
704.03229477,-0.00040053
704.15068509,-0.00034275
704.26907370,-0.00036376
704.38746062,-0.00032174
704.50584584,-0.00033224
704.62422935,-0.00029547
704.74261115,-0.00033750
704.86099124,-0.00029022
704.97936961,-0.00033224
705.09774626,-0.00029022
705.21612119,-0.00037427
705.33449439,-0.00026396
705.45286586,-0.00032174
705.57123559,-0.00027446
705.68960359,-0.00031123
705.80796985,-0.00026396
705.92633436,-0.00034800
706.04469712,-0.00029547
706.16305813,-0.00033750
706.28141739,-0.00030073
706.39977489,-0.00034800
706.51813062,-0.00031123
706.63648459,-0.00053711
706.75483679,0.08341969
706.87318721,0.57518386
706.99153586,0.85372834
707.10988273,0.57784707
707.22822782,0.32470551
707.34657112,0.21806678
707.46491262,0.17287625
707.58325234,0.15304662
707.70159025,0.14083367
707.81992637,0.12892013
707.93826068,0.11943344
708.05659318,0.10574443
708.17492387,0.09124123
708.29325274,0.07762051
708.41157980,0.07689036
708.52990503,0.08045182
708.64822844,0.07996330
708.76655002,0.07339194
708.88486976,0.07348650
709.00318767,0.06848575
709.12150374,0.05697144
709.23981796,0.05547436
709.35813034,0.05788544
709.47644087,0.05604168
709.59474954,0.04939678
709.71305636,0.05082032
709.83136131,0.05433449
709.94966440,0.04970145
710.06796562,0.04548864
710.18626497,0.04089238
710.30456245,0.03822916
710.42285804,0.03364863
710.54115175,0.03247200
710.65944358,0.03633287
710.77773352,0.04063499
710.89602156,0.04234218
711.01430771,0.03571828
711.13259196,0.02271215
711.25087431,0.01649273
711.36915474,0.01112956
711.48743327,0.00424828
711.60570989,-0.00068944
711.72398458,-0.00062641
711.84225736,-0.00062115
711.96052821,-0.00056337
712.07879713,-0.00058438
712.19706412,-0.00049508
712.31532918,-0.00055812
712.43359229,-0.00045831
712.55185347,-0.00048458
712.67011270,-0.00044256
712.78836997,-0.00048983
712.90662530,-0.00042154
713.02487867,-0.00044256
713.14313008,-0.00039528
713.26137953,-0.00039003
713.37962701,-0.00032174
713.49787252,-0.00034800
713.61611605,-0.00032699
713.73435761,-0.00033224
713.85259719,-0.00028497
713.97083478,-0.00032699
714.08907039,-0.00026396
714.20730400,-0.00030598
714.32553562,-0.00024820
714.44376523,-0.00032174
714.56199285,-0.00027972
714.68021846,-0.00043205
714.79844206,0.02690920
714.91666365,0.06787116
715.03488323,0.03572353
715.15310078,0.00193701
715.27131631,-0.00066318
715.38952981,-0.00064742
715.50774128,-0.00055287
715.62595072,-0.00059489
715.74415812,-0.00051084
715.86236348,-0.00058438
715.98056680,-0.00052135
716.09876807,-0.00055812
716.21696728,-0.00046357
716.33516444,-0.00047933
716.45335955,-0.00043730
716.57155259,-0.00050559
716.68974356,-0.00041629
716.80793247,-0.00047407
716.92611930,-0.00041104
717.04430406,-0.00044256
717.16248673,-0.00038477
717.28066733,-0.00043730
717.39884583,-0.00038477
717.51702225,-0.00041629
717.63519657,-0.00036376
717.75336880,-0.00041104
717.87153892,-0.00036376
717.98970694,-0.00038477
718.10787286,-0.00034275
718.22603666,-0.00037952
718.34419834,-0.00031649
718.46235791,-0.00036376
718.58051535,-0.00032174
718.69867067,-0.00036901
718.81682386,-0.00033750
718.93497492,-0.00035851
719.05312384,-0.00027446
719.17127062,-0.00031649
719.28941526,-0.00026396
719.40755776,-0.00030598
719.52569810,-0.00022719
719.64383629,-0.00031649
719.76197232,-0.00020618
719.88010619,-0.00025870
719.99823789,-0.00019042
720.11636743,-0.00026396
720.23449480,-0.00017991
720.35261999,-0.00025870
720.47074300,-0.00016941
720.58886383,-0.00026396
720.70698248,-0.00022193
720.82509893,-0.00039528
720.94321320,-0.00032174
721.06132527,-0.00031649
721.17943513,-0.00022719
721.29754280,-0.00026396
721.41564826,-0.00021143
721.53375151,-0.00027972
721.65185254,-0.00020092
721.76995136,-0.00023244
721.88804795,-0.00019567
722.00614233,-0.00025870
722.12423447,-0.00017466
722.24232438,-0.00021668
722.36041206,-0.00016941
722.47849750,-0.00024820
722.59658070,-0.00017466
722.71466165,-0.00022719
722.83274036,-0.00019042
722.95081681,-0.00023769
723.06889100,-0.00018516
723.18696294,-0.00020618
723.30503261,-0.00015890
723.42310002,-0.00024295
723.54116515,-0.00015365
723.65922802,-0.00022193
723.77728860,-0.00014314
723.89534691,-0.00022719
724.01340293,-0.00016941
724.13145666,-0.00021668
724.24950810,-0.00016941
724.36755725,-0.00022193
724.48560410,-0.00016415
724.60364864,-0.00022719
724.72169088,-0.00017466
724.83973081,-0.00023769
724.95776843,-0.00015365
725.07580374,-0.00021668
725.19383672,-0.00017991
725.31186738,-0.00024820
725.42989572,-0.00017991
725.54792172,-0.00021668
725.66594540,-0.00016941
725.78396673,-0.00021668
725.90198572,-0.00015365
726.02000237,-0.00023769
726.13801667,-0.00016941
726.25602862,-0.00025345
726.37403822,-0.00019042
726.49204546,-0.00023244
726.61005033,-0.00019567
726.72805284,-0.00025345
726.84605299,-0.00021668
726.96405076,-0.00027446
727.08204615,-0.00028497
727.20003916,0.01730167
727.31802979,0.15852537
727.43601804,0.24331211
727.55400389,0.14359668
727.67198736,0.06330115
727.78996842,0.05159773
727.90794708,0.03520875
728.02592334,0.03215157
728.14389720,0.03073329
728.26186864,0.02940958
728.37983766,0.02205554
728.49780427,0.01925050
728.61576846,0.01779019
728.73373022,0.01279471
728.85168955,0.00753132
728.96964645,0.00903365
729.08760092,0.00829299
729.20555294,0.01018403
729.32350252,0.00592920
729.44144966,0.00687997
729.55939435,0.00466850
729.67733658,-0.00040578
729.79527635,-0.00037427
729.91321367,0.00027184
730.03114852,0.00187923
730.14908090,-0.00068944
730.26701082,-0.00065792
730.38493825,-0.00071570
730.50286321,-0.00063691
730.62078569,-0.00068944
730.73870569,-0.00062641
730.85662319,-0.00069469
730.97453820,-0.00059489
731.09245072,-0.00065792
731.21036074,-0.00064742
731.32826825,-0.00071570
731.44617326,-0.00064742
731.56407576,-0.00065792
731.68197574,-0.00055812
731.79987321,-0.00055287
731.91776816,-0.00045306
732.03566058,-0.00047933
732.15355048,-0.00038477
732.27143785,-0.00043730
732.38932268,-0.00034275
732.50720497,-0.00040053
732.62508472,-0.00031123
732.74296193,-0.00036376
732.86083658,-0.00030073
732.97870869,-0.00032699
733.09657824,-0.00030073
733.21444523,-0.00032174
733.33230966,-0.00026921
733.45017152,-0.00033224
733.56803081,-0.00027446
733.68588753,-0.00034275
733.80374167,-0.00024295
733.92159323,-0.00029547
734.03944221,-0.00024820
734.15728860,-0.00027972
734.27513240,-0.00021668
734.39297361,-0.00029547
734.51081221,-0.00023244
734.62864822,-0.00027972
734.74648162,-0.00021668
734.86431241,-0.00030598
734.98214059,-0.00033750
735.09996616,-0.00034800
735.21778910,-0.00035326
735.33560942,-0.00043205
735.45342712,-0.00033224
735.57124219,-0.00034275
735.68905462,-0.00026921
735.80686442,-0.00030598
735.92467157,-0.00025870
736.04247609,-0.00029547
736.16027795,-0.00028497
736.27807717,-0.00030598
736.39587373,-0.00027972
736.51366763,-0.00032174
736.63145887,-0.00025870
736.74924745,-0.00031649
736.86703335,-0.00031123
736.98481659,-0.00048458
737.10259715,-0.00063166
737.22037503,-0.00068419
737.33815023,-0.00052135
737.45592274,-0.00051084
737.57369256,-0.00047933
737.69145969,-0.00055812
737.80922413,-0.00056862
737.92698586,0.00311365
738.04474489,0.08595158
738.16250121,0.43694905
738.28025482,0.89565156
738.39800572,0.90419799
738.51575389,0.57630275
738.63349935,0.39124376
738.75124208,0.33731242
738.86898209,0.28286106
738.98671936,0.26920882
739.10445390,0.26177600
739.22218570,0.24587552
739.33991475,0.22400779
739.45764106,0.20693068
739.57536462,0.17593868
739.69308543,0.15079839
739.81080348,0.14216791
739.92851877,0.14825600
740.04623129,0.14753110
740.16394105,0.13978310
740.28164804,0.13491894
740.39935226,0.06440426
740.51705369,-0.00003283
740.63475235,0.00000919
740.75244822,0.00000394
740.87014130,0.00004071
740.98783159,-0.00000131
741.10551908,0.00005122
